unit_id,time,soh,rul_cycles,eol_cycle
BV08TR_0001,0,0.9877032769982592,62,62
BV08TR_0001,1,0.9846884841194664,61,62
BV08TR_0001,2,0.9815662747541362,60,62
BV08TR_0001,3,0.9784291060624954,59,62
BV08TR_0001,4,0.9753741808612102,58,62
BV08TR_0001,5,0.9723844369301639,57,62
BV08TR_0001,6,0.9693318597498605,56,62
BV08TR_0001,7,0.9663548287771765,55,62
BV08TR_0001,8,0.9633290525544598,54,62
BV08TR_0001,9,0.960396737693898,53,62
BV08TR_0001,10,0.957349204443194,52,62
BV08TR_0001,11,0.9542960394365388,51,62
BV08TR_0001,12,0.9511905859366515,50,62
BV08TR_0001,13,0.9482532552132995,49,62
BV08TR_0001,14,0.9452482951709114,48,62
BV08TR_0001,15,0.94217208228364,47,62
BV08TR_0001,16,0.9392063288385508,46,62
BV08TR_0001,17,0.9362915209205935,45,62
BV08TR_0001,18,0.9332530915886672,44,62
BV08TR_0001,19,0.9303380039175368,43,62
BV08TR_0001,20,0.9274491234321518,42,62
BV08TR_0001,21,0.9243366162658004,41,62
BV08TR_0001,22,0.9214861356894315,40,62
BV08TR_0001,23,0.9185388561362592,39,62
BV08TR_0001,24,0.9156240705689904,38,62
BV08TR_0001,25,0.9126468006443872,37,62
BV08TR_0001,26,0.9096496191465615,36,62
BV08TR_0001,27,0.9066268107922638,35,62
BV08TR_0001,28,0.9036074227484502,34,62
BV08TR_0001,29,0.9006785477789634,33,62
BV08TR_0001,30,0.8975994999846918,32,62
BV08TR_0001,31,0.8946927856855795,31,62
BV08TR_0001,32,0.8917019338059897,30,62
BV08TR_0001,33,0.8886606669604449,29,62
BV08TR_0001,34,0.8857827517456242,28,62
BV08TR_0001,35,0.882856857135862,27,62
BV08TR_0001,36,0.879960210289722,26,62
BV08TR_0001,37,0.87701175739581,25,62
BV08TR_0001,38,0.8740034851255833,24,62
BV08TR_0001,39,0.87096095354732,23,62
BV08TR_0001,40,0.8678461950910776,22,62
BV08TR_0001,41,0.8648870846967934,21,62
BV08TR_0001,42,0.8618227106590546,20,62
BV08TR_0001,43,0.8586741180785749,19,62
BV08TR_0001,44,0.8557342600551802,18,62
BV08TR_0001,45,0.852606503863525,17,62
BV08TR_0001,46,0.8495499632113704,16,62
BV08TR_0001,47,0.846446579053665,15,62
BV08TR_0001,48,0.8433640880539545,14,62
BV08TR_0001,49,0.8403408085997892,13,62
BV08TR_0001,50,0.83732230626278,12,62
BV08TR_0001,51,0.8342064322960688,11,62
BV08TR_0001,52,0.8311060856680096,10,62
BV08TR_0001,53,0.8280141781573457,9,62
BV08TR_0001,54,0.8248640714602206,8,62
BV08TR_0001,55,0.8216459339805764,7,62
BV08TR_0001,56,0.8185541116855582,6,62
BV08TR_0001,57,0.8153856666944377,5,62
BV08TR_0001,58,0.8123777765299397,4,62
BV08TR_0001,59,0.8093180206893189,3,62
BV08TR_0001,60,0.8061751694150205,2,62
BV08TR_0001,61,0.80297331572576,1,62
BV08TR_0001,62,0.7998778597257558,0,62
BV08TR_0002,0,1.0385265660494623,75,75
BV08TR_0002,1,1.0353669697942012,74,75
BV08TR_0002,2,1.03220442452644,73,75
BV08TR_0002,3,1.0290397034312564,72,75
BV08TR_0002,4,1.025881902842907,71,75
BV08TR_0002,5,1.0226722554639425,70,75
BV08TR_0002,6,1.0195153984822354,69,75
BV08TR_0002,7,1.016395877242733,68,75
BV08TR_0002,8,1.0133804825445905,67,75
BV08TR_0002,9,1.0101463037951484,66,75
BV08TR_0002,10,1.0069200169246943,65,75
BV08TR_0002,11,1.0037300357092565,64,75
BV08TR_0002,12,1.00044914822065,63,75
BV08TR_0002,13,0.997091179291218,62,75
BV08TR_0002,14,0.9937559145818444,61,75
BV08TR_0002,15,0.9904898742211274,60,75
BV08TR_0002,16,0.9871806669649886,59,75
BV08TR_0002,17,0.984006829128188,58,75
BV08TR_0002,18,0.9808312879030815,57,75
BV08TR_0002,19,0.9776051943384972,56,75
BV08TR_0002,20,0.974171676087075,55,75
BV08TR_0002,21,0.9708367579572815,54,75
BV08TR_0002,22,0.9674241063652712,53,75
BV08TR_0002,23,0.96409883350496,52,75
BV08TR_0002,24,0.9608639756595284,51,75
BV08TR_0002,25,0.9577351855648186,50,75
BV08TR_0002,26,0.954445677176248,49,75
BV08TR_0002,27,0.9511373002806802,48,75
BV08TR_0002,28,0.9478907367313782,47,75
BV08TR_0002,29,0.9444972293914486,46,75
BV08TR_0002,30,0.9411510326860608,45,75
BV08TR_0002,31,0.9378172896189845,44,75
BV08TR_0002,32,0.934617969934088,43,75
BV08TR_0002,33,0.9312212865036104,42,75
BV08TR_0002,34,0.927954300057635,41,75
BV08TR_0002,35,0.9248028787557262,40,75
BV08TR_0002,36,0.9214013279828912,39,75
BV08TR_0002,37,0.918216605697862,38,75
BV08TR_0002,38,0.9148741242401945,37,75
BV08TR_0002,39,0.9115870083946005,36,75
BV08TR_0002,40,0.908306870721468,35,75
BV08TR_0002,41,0.9051664369492155,34,75
BV08TR_0002,42,0.9019147780415478,33,75
BV08TR_0002,43,0.8986046253981858,32,75
BV08TR_0002,44,0.8952860886754873,31,75
BV08TR_0002,45,0.8921091666518488,30,75
BV08TR_0002,46,0.8888883435142415,29,75
BV08TR_0002,47,0.8854717692506522,28,75
BV08TR_0002,48,0.882224029433011,27,75
BV08TR_0002,49,0.8790290712854684,26,75
BV08TR_0002,50,0.8757888515457233,25,75
BV08TR_0002,51,0.8724438473021845,24,75
BV08TR_0002,52,0.8691769032542674,23,75
BV08TR_0002,53,0.8659890094640486,22,75
BV08TR_0002,54,0.862893407295024,21,75
BV08TR_0002,55,0.8597870938174348,20,75
BV08TR_0002,56,0.8567814523508924,19,75
BV08TR_0002,57,0.8535542291269733,18,75
BV08TR_0002,58,0.8504334861543972,17,75
BV08TR_0002,59,0.8474325826465214,16,75
BV08TR_0002,60,0.8442877527233525,15,75
BV08TR_0002,61,0.8410581310517564,14,75
BV08TR_0002,62,0.8377934215944812,13,75
BV08TR_0002,63,0.8346308577911725,12,75
BV08TR_0002,64,0.8314902056403646,11,75
BV08TR_0002,65,0.8282728118510735,10,75
BV08TR_0002,66,0.8251948178733894,9,75
BV08TR_0002,67,0.8222035562416216,8,75
BV08TR_0002,68,0.8191314178315798,7,75
BV08TR_0002,69,0.8159838821905824,6,75
BV08TR_0002,70,0.812776079226654,5,75
BV08TR_0002,71,0.8096946316891748,4,75
BV08TR_0002,72,0.806581847626474,3,75
BV08TR_0002,73,0.8034454506334417,2,75
BV08TR_0002,74,0.8001729873070601,1,75
BV08TR_0002,75,0.796943890119359,0,75
BV08TR_0003,0,0.9807139949968685,69,69
BV08TR_0003,1,0.978109380575888,68,69
BV08TR_0003,2,0.9755755639706074,67,69
BV08TR_0003,3,0.9729640333616982,66,69
BV08TR_0003,4,0.9705670949562488,65,69
BV08TR_0003,5,0.968032042018449,64,69
BV08TR_0003,6,0.965489735493751,63,69
BV08TR_0003,7,0.962962971237128,62,69
BV08TR_0003,8,0.9604766807450592,61,69
BV08TR_0003,9,0.9580104359418278,60,69
BV08TR_0003,10,0.955390342256626,59,69
BV08TR_0003,11,0.9527963067422603,58,69
BV08TR_0003,12,0.9502516058964192,57,69
BV08TR_0003,13,0.9475882904741142,56,69
BV08TR_0003,14,0.944994056826505,55,69
BV08TR_0003,15,0.9424021904901608,54,69
BV08TR_0003,16,0.9397683328782472,53,69
BV08TR_0003,17,0.9371550664750062,52,69
BV08TR_0003,18,0.9345119303435162,51,69
BV08TR_0003,19,0.9317941428072556,50,69
BV08TR_0003,20,0.9292423281441387,49,69
BV08TR_0003,21,0.9265264782012408,48,69
BV08TR_0003,22,0.923926168768784,47,69
BV08TR_0003,23,0.9213682990596014,46,69
BV08TR_0003,24,0.9189252610153802,45,69
BV08TR_0003,25,0.9162917219190372,44,69
BV08TR_0003,26,0.9136948618063042,43,69
BV08TR_0003,27,0.9110954832862632,42,69
BV08TR_0003,28,0.9084731032190698,41,69
BV08TR_0003,29,0.9058645227518272,40,69
BV08TR_0003,30,0.9031027316608452,39,69
BV08TR_0003,31,0.9004019466256216,38,69
BV08TR_0003,32,0.897640626651834,37,69
BV08TR_0003,33,0.8950506856618548,36,69
BV08TR_0003,34,0.8922899543398972,35,69
BV08TR_0003,35,0.8895101827868022,34,69
BV08TR_0003,36,0.886804460174126,33,69
BV08TR_0003,37,0.8841654731501827,32,69
BV08TR_0003,38,0.8814046566331986,31,69
BV08TR_0003,39,0.8787775026710912,30,69
BV08TR_0003,40,0.8761392676722173,29,69
BV08TR_0003,41,0.8734576604508792,28,69
BV08TR_0003,42,0.8707147428740345,27,69
BV08TR_0003,43,0.8679892080758309,26,69
BV08TR_0003,44,0.865353640948185,25,69
BV08TR_0003,45,0.8625854035025332,24,69
BV08TR_0003,46,0.859849881580612,23,69
BV08TR_0003,47,0.8571627384848983,22,69
BV08TR_0003,48,0.854424754942389,21,69
BV08TR_0003,49,0.8517599789212976,20,69
BV08TR_0003,50,0.8490136067580655,19,69
BV08TR_0003,51,0.8463774985596457,18,69
BV08TR_0003,52,0.8436718238049622,17,69
BV08TR_0003,53,0.8410013720492664,16,69
BV08TR_0003,54,0.8382761852416976,15,69
BV08TR_0003,55,0.8356616940329382,14,69
BV08TR_0003,56,0.833004807864635,13,69
BV08TR_0003,57,0.830450584925804,12,69
BV08TR_0003,58,0.8278391353110752,11,69
BV08TR_0003,59,0.8252113756195061,10,69
BV08TR_0003,60,0.8225807863076549,9,69
BV08TR_0003,61,0.8199534744852854,8,69
BV08TR_0003,62,0.8172109945771344,7,69
BV08TR_0003,63,0.8145254254653246,6,69
BV08TR_0003,64,0.8119329745345683,5,69
BV08TR_0003,65,0.8092697265796388,4,69
BV08TR_0003,66,0.8065909054053877,3,69
BV08TR_0003,67,0.8040541095480696,2,69
BV08TR_0003,68,0.8015396531757254,1,69
BV08TR_0003,69,0.7989869690200772,0,69
BV08TR_0004,0,1.0013497271716971,63,63
BV08TR_0004,1,0.9981473528220938,62,63
BV08TR_0004,2,0.994894035009038,61,63
BV08TR_0004,3,0.9916960713384741,60,63
BV08TR_0004,4,0.9886022698916614,59,63
BV08TR_0004,5,0.9854755612703264,58,63
BV08TR_0004,6,0.982139520841848,57,63
BV08TR_0004,7,0.9790561768846905,56,63
BV08TR_0004,8,0.9759213949458315,55,63
BV08TR_0004,9,0.9727250368686738,54,63
BV08TR_0004,10,0.9696411755783682,53,63
BV08TR_0004,11,0.9665674421275702,52,63
BV08TR_0004,12,0.9634511686588074,51,63
BV08TR_0004,13,0.96035936651367,50,63
BV08TR_0004,14,0.9572577644960601,49,63
BV08TR_0004,15,0.9542276544635806,48,63
BV08TR_0004,16,0.9512022072107956,47,63
BV08TR_0004,17,0.9480712441481214,46,63
BV08TR_0004,18,0.9449223113192472,45,63
BV08TR_0004,19,0.9417833780181585,44,63
BV08TR_0004,20,0.9387562047957996,43,63
BV08TR_0004,21,0.9358324908802244,42,63
BV08TR_0004,22,0.93290347025765,41,63
BV08TR_0004,23,0.9298713151136324,40,63
BV08TR_0004,24,0.9269106776407745,39,63
BV08TR_0004,25,0.9240359379390918,38,63
BV08TR_0004,26,0.9210587260396034,37,63
BV08TR_0004,27,0.91817813887184,36,63
BV08TR_0004,28,0.9152665439947602,35,63
BV08TR_0004,29,0.912428362578163,34,63
BV08TR_0004,30,0.90937810296198,33,63
BV08TR_0004,31,0.906343464592564,32,63
BV08TR_0004,32,0.9034243432550475,31,63
BV08TR_0004,33,0.9003659873515762,30,63
BV08TR_0004,34,0.8973357096939816,29,63
BV08TR_0004,35,0.8943492226950407,28,63
BV08TR_0004,36,0.8913751317440224,27,63
BV08TR_0004,37,0.8882142005593724,26,63
BV08TR_0004,38,0.8852886502720151,25,63
BV08TR_0004,39,0.8823317436424656,24,63
BV08TR_0004,40,0.8793429012933502,23,63
BV08TR_0004,41,0.8764041866401713,22,63
BV08TR_0004,42,0.8733813971528194,21,63
BV08TR_0004,43,0.8703780326668538,20,63
BV08TR_0004,44,0.8672485187766594,19,63
BV08TR_0004,45,0.8642864357511352,18,63
BV08TR_0004,46,0.8612190521774714,17,63
BV08TR_0004,47,0.8581652714010102,16,63
BV08TR_0004,48,0.8551563707973002,15,63
BV08TR_0004,49,0.8521018218602713,14,63
BV08TR_0004,50,0.8490891028890176,13,63
BV08TR_0004,51,0.8460233780816542,12,63
BV08TR_0004,52,0.8420106634203227,11,63
BV08TR_0004,53,0.8378646059490183,10,63
BV08TR_0004,54,0.8336942200838244,9,63
BV08TR_0004,55,0.8294826336632609,8,63
BV08TR_0004,56,0.8252884710159964,7,63
BV08TR_0004,57,0.8211933624492416,6,63
BV08TR_0004,58,0.8167833132738325,5,63
BV08TR_0004,59,0.8126937310329524,4,63
BV08TR_0004,60,0.8087740676780296,3,63
BV08TR_0004,61,0.804648351321548,2,63
BV08TR_0004,62,0.800543172165522,1,63
BV08TR_0004,63,0.7965029409702256,0,63
BV08TR_0005,0,1.036089274229149,84,84
BV08TR_0005,1,1.0331964548003059,83,84
BV08TR_0005,2,1.0303579701946286,82,84
BV08TR_0005,3,1.027648064677848,81,84
BV08TR_0005,4,1.0249426827134547,80,84
BV08TR_0005,5,1.022038607391905,79,84
BV08TR_0005,6,1.019304611181294,78,84
BV08TR_0005,7,1.0165323942593505,77,84
BV08TR_0005,8,1.0137451891397935,76,84
BV08TR_0005,9,1.011001625552067,75,84
BV08TR_0005,10,1.008192638598799,74,84
BV08TR_0005,11,1.0054190119186543,73,84
BV08TR_0005,12,1.0026194360842924,72,84
BV08TR_0005,13,0.999791322180949,71,84
BV08TR_0005,14,0.9969084985608668,70,84
BV08TR_0005,15,0.9942004567456848,69,84
BV08TR_0005,16,0.9915741836401238,68,84
BV08TR_0005,17,0.9887883479134086,67,84
BV08TR_0005,18,0.9859524273180365,66,84
BV08TR_0005,19,0.9830429672898922,65,84
BV08TR_0005,20,0.980199575912212,64,84
BV08TR_0005,21,0.977357683412841,63,84
BV08TR_0005,22,0.9745667507230859,62,84
BV08TR_0005,23,0.9717647936373814,61,84
BV08TR_0005,24,0.9688381182182242,60,84
BV08TR_0005,25,0.9660313522018088,59,84
BV08TR_0005,26,0.9631031703996675,58,84
BV08TR_0005,27,0.9602733996758084,57,84
BV08TR_0005,28,0.9574738012643704,56,84
BV08TR_0005,29,0.954681687159714,55,84
BV08TR_0005,30,0.9517820690299754,54,84
BV08TR_0005,31,0.9489482167536591,53,84
BV08TR_0005,32,0.9461387760214478,52,84
BV08TR_0005,33,0.9430968665985924,51,84
BV08TR_0005,34,0.9400294239035026,50,84
BV08TR_0005,35,0.9371301928640425,49,84
BV08TR_0005,36,0.9341529846373444,48,84
BV08TR_0005,37,0.93128591631121,47,84
BV08TR_0005,38,0.9284092976968153,46,84
BV08TR_0005,39,0.9255320727606572,45,84
BV08TR_0005,40,0.9226167323528416,44,84
BV08TR_0005,41,0.9197946307673764,43,84
BV08TR_0005,42,0.9169047332986344,42,84
BV08TR_0005,43,0.914048259824638,41,84
BV08TR_0005,44,0.9111337657286448,40,84
BV08TR_0005,45,0.9081701262038105,39,84
BV08TR_0005,46,0.90513052337415,38,84
BV08TR_0005,47,0.9022030458673868,37,84
BV08TR_0005,48,0.8992098810190606,36,84
BV08TR_0005,49,0.8963163962966753,35,84
BV08TR_0005,50,0.8934488204659023,34,84
BV08TR_0005,51,0.8905258841832396,33,84
BV08TR_0005,52,0.8875862208771312,32,84
BV08TR_0005,53,0.8847889653863408,31,84
BV08TR_0005,54,0.88190894751588,30,84
BV08TR_0005,55,0.8789814593488346,29,84
BV08TR_0005,56,0.876173740076541,28,84
BV08TR_0005,57,0.8734472297820116,27,84
BV08TR_0005,58,0.870628219730056,26,84
BV08TR_0005,59,0.8679114601975976,25,84
BV08TR_0005,60,0.8650698436263456,24,84
BV08TR_0005,61,0.8623214244651742,23,84
BV08TR_0005,62,0.8596005892447512,22,84
BV08TR_0005,63,0.8567770340120576,21,84
BV08TR_0005,64,0.8540435150308971,20,84
BV08TR_0005,65,0.8513146099422207,19,84
BV08TR_0005,66,0.8485502517249712,18,84
BV08TR_0005,67,0.8458939311321736,17,84
BV08TR_0005,68,0.8432265055816088,16,84
BV08TR_0005,69,0.8403081800371034,15,84
BV08TR_0005,70,0.8377316731298917,14,84
BV08TR_0005,71,0.8348732073762756,13,84
BV08TR_0005,72,0.8320255674569333,12,84
BV08TR_0005,73,0.8293264507559605,11,84
BV08TR_0005,74,0.8265005608213208,10,84
BV08TR_0005,75,0.8237714938630554,9,84
BV08TR_0005,76,0.820933101576742,8,84
BV08TR_0005,77,0.818135341424403,7,84
BV08TR_0005,78,0.8153889779103684,6,84
BV08TR_0005,79,0.8126459366309531,5,84
BV08TR_0005,80,0.8098276890559488,4,84
BV08TR_0005,81,0.8070751485181072,3,84
BV08TR_0005,82,0.8043021243557398,2,84
BV08TR_0005,83,0.8014256891363855,1,84
BV08TR_0005,84,0.7985691067707524,0,84
BV08TR_0006,0,0.9663068297151562,69,69
BV08TR_0006,1,0.9642202874444564,68,69
BV08TR_0006,2,0.9620112104488278,67,69
BV08TR_0006,3,0.9597565152369129,66,69
BV08TR_0006,4,0.957565471676575,65,69
BV08TR_0006,5,0.955280586293484,64,69
BV08TR_0006,6,0.9531338441959315,63,69
BV08TR_0006,7,0.9509881510451808,62,69
BV08TR_0006,8,0.948801765299283,61,69
BV08TR_0006,9,0.9465701049405592,60,69
BV08TR_0006,10,0.9443087590856915,59,69
BV08TR_0006,11,0.9420685479652708,58,69
BV08TR_0006,12,0.9398299411210745,57,69
BV08TR_0006,13,0.9376840537113964,56,69
BV08TR_0006,14,0.9355058648492686,55,69
BV08TR_0006,15,0.9333049584104884,54,69
BV08TR_0006,16,0.9310909672118562,53,69
BV08TR_0006,17,0.9289055499825029,52,69
BV08TR_0006,18,0.9267810632702825,51,69
BV08TR_0006,19,0.9244795905685727,50,69
BV08TR_0006,20,0.922287913796477,49,69
BV08TR_0006,21,0.9201223571098148,48,69
BV08TR_0006,22,0.9177234106952518,47,69
BV08TR_0006,23,0.9154548085772928,46,69
BV08TR_0006,24,0.9133677680101415,45,69
BV08TR_0006,25,0.9111268029516012,44,69
BV08TR_0006,26,0.90886129272415,43,69
BV08TR_0006,27,0.9066037464606892,42,69
BV08TR_0006,28,0.9043684340623406,41,69
BV08TR_0006,29,0.9021480128358298,40,69
BV08TR_0006,30,0.8999522595322931,39,69
BV08TR_0006,31,0.89766216962976,38,69
BV08TR_0006,32,0.8954485803013422,37,69
BV08TR_0006,33,0.8932174093340965,36,69
BV08TR_0006,34,0.8909385314100128,35,69
BV08TR_0006,35,0.8886969980592792,34,69
BV08TR_0006,36,0.8864834802730658,33,69
BV08TR_0006,37,0.8842442638782742,32,69
BV08TR_0006,38,0.8819988439970292,31,69
BV08TR_0006,39,0.8798245423304704,30,69
BV08TR_0006,40,0.877669711202223,29,69
BV08TR_0006,41,0.875563358861066,28,69
BV08TR_0006,42,0.8733298997967655,27,69
BV08TR_0006,43,0.8712108142595896,26,69
BV08TR_0006,44,0.8690615894659671,25,69
BV08TR_0006,45,0.8668656157845529,24,69
BV08TR_0006,46,0.8647072775441302,23,69
BV08TR_0006,47,0.862626664214503,22,69
BV08TR_0006,48,0.8604306527019004,21,69
BV08TR_0006,49,0.8583144254792241,20,69
BV08TR_0006,50,0.8561548845646259,19,69
BV08TR_0006,51,0.8540205758525222,18,69
BV08TR_0006,52,0.8518313162948007,17,69
BV08TR_0006,53,0.8497004862325499,16,69
BV08TR_0006,54,0.8475006184142632,15,69
BV08TR_0006,55,0.845360515192964,14,69
BV08TR_0006,56,0.8421552826845311,13,69
BV08TR_0006,57,0.8389422484805364,12,69
BV08TR_0006,58,0.8356955918575713,11,69
BV08TR_0006,59,0.8323593589285005,10,69
BV08TR_0006,60,0.8291826473815302,9,69
BV08TR_0006,61,0.8259288284866303,8,69
BV08TR_0006,62,0.8225662480278705,7,69
BV08TR_0006,63,0.8191639744906813,6,69
BV08TR_0006,64,0.8159324437359415,5,69
BV08TR_0006,65,0.8126129582984056,4,69
BV08TR_0006,66,0.8094584669492366,3,69
BV08TR_0006,67,0.8060629841886272,2,69
BV08TR_0006,68,0.8028764969683353,1,69
BV08TR_0006,69,0.7995323660357858,0,69
BV08TR_0007,0,0.9750762750714124,90,90
BV08TR_0007,1,0.9732360031730224,89,90
BV08TR_0007,2,0.971260264428543,88,90
BV08TR_0007,3,0.9692829422500824,87,90
BV08TR_0007,4,0.9674045322931712,86,90
BV08TR_0007,5,0.9654847185936104,85,90
BV08TR_0007,6,0.9636435490437683,84,90
BV08TR_0007,7,0.9617059482592611,83,90
BV08TR_0007,8,0.9597562732246332,82,90
BV08TR_0007,9,0.9577493136547006,81,90
BV08TR_0007,10,0.955836807846811,80,90
BV08TR_0007,11,0.95393437453353,79,90
BV08TR_0007,12,0.9520220822912142,78,90
BV08TR_0007,13,0.9500931637899144,77,90
BV08TR_0007,14,0.9481372657883614,76,90
BV08TR_0007,15,0.9461776189603606,75,90
BV08TR_0007,16,0.9441567530984518,74,90
BV08TR_0007,17,0.9423369579788426,73,90
BV08TR_0007,18,0.9404126806126663,72,90
BV08TR_0007,19,0.9384301588079995,71,90
BV08TR_0007,20,0.9364793236605726,70,90
BV08TR_0007,21,0.9345243575979382,69,90
BV08TR_0007,22,0.932486408451274,68,90
BV08TR_0007,23,0.930426544325257,67,90
BV08TR_0007,24,0.928433726554316,66,90
BV08TR_0007,25,0.926475277199054,65,90
BV08TR_0007,26,0.92461636425167,64,90
BV08TR_0007,27,0.9226511836377098,63,90
BV08TR_0007,28,0.9206463205264,62,90
BV08TR_0007,29,0.9186603052551384,61,90
BV08TR_0007,30,0.9166633139973975,60,90
BV08TR_0007,31,0.914609805128306,59,90
BV08TR_0007,32,0.9125870294596298,58,90
BV08TR_0007,33,0.91059390317434,57,90
BV08TR_0007,34,0.9086187975570283,56,90
BV08TR_0007,35,0.9065433300643732,55,90
BV08TR_0007,36,0.9045323883944745,54,90
BV08TR_0007,37,0.902539265726637,53,90
BV08TR_0007,38,0.9005545246995994,52,90
BV08TR_0007,39,0.8985200335491135,51,90
BV08TR_0007,40,0.8965733409974767,50,90
BV08TR_0007,41,0.8945816687637722,49,90
BV08TR_0007,42,0.8924870329486426,48,90
BV08TR_0007,43,0.8905029892273976,47,90
BV08TR_0007,44,0.8884361872732597,46,90
BV08TR_0007,45,0.8863934357968861,45,90
BV08TR_0007,46,0.8844555090923865,44,90
BV08TR_0007,47,0.8825281344795024,43,90
BV08TR_0007,48,0.8805199566494624,42,90
BV08TR_0007,49,0.8785018064806444,41,90
BV08TR_0007,50,0.876449181508167,40,90
BV08TR_0007,51,0.874450939968712,39,90
BV08TR_0007,52,0.8725873054190293,38,90
BV08TR_0007,53,0.8705464568272777,37,90
BV08TR_0007,54,0.8685599965652,36,90
BV08TR_0007,55,0.866582193801106,35,90
BV08TR_0007,56,0.8646219755603928,34,90
BV08TR_0007,57,0.8625684411133882,33,90
BV08TR_0007,58,0.8606278776237797,32,90
BV08TR_0007,59,0.8586070475225164,31,90
BV08TR_0007,60,0.8566777276683921,30,90
BV08TR_0007,61,0.8548496522864133,29,90
BV08TR_0007,62,0.8528993769516141,28,90
BV08TR_0007,63,0.850937282711873,27,90
BV08TR_0007,64,0.8489187120120218,26,90
BV08TR_0007,65,0.847039240391462,25,90
BV08TR_0007,66,0.8450622733003932,24,90
BV08TR_0007,67,0.8431570362193923,23,90
BV08TR_0007,68,0.8412600639370448,22,90
BV08TR_0007,69,0.8393324588900082,21,90
BV08TR_0007,70,0.8374069893315332,20,90
BV08TR_0007,71,0.8355965567767465,19,90
BV08TR_0007,72,0.8336411650094468,18,90
BV08TR_0007,73,0.8317244865648471,17,90
BV08TR_0007,74,0.8298012967680108,16,90
BV08TR_0007,75,0.8278518687975415,15,90
BV08TR_0007,76,0.8259923073079972,14,90
BV08TR_0007,77,0.8240119665777054,13,90
BV08TR_0007,78,0.8220827400989777,12,90
BV08TR_0007,79,0.820225462256807,11,90
BV08TR_0007,80,0.8183026238035669,10,90
BV08TR_0007,81,0.8164245778545222,9,90
BV08TR_0007,82,0.8145658766521098,8,90
BV08TR_0007,83,0.8126236001492947,7,90
BV08TR_0007,84,0.8106465451595268,6,90
BV08TR_0007,85,0.808679990840267,5,90
BV08TR_0007,86,0.8067004448526217,4,90
BV08TR_0007,87,0.8047247606740723,3,90
BV08TR_0007,88,0.8028422587961526,2,90
BV08TR_0007,89,0.8008651073825822,1,90
BV08TR_0007,90,0.7989156605952678,0,90
BV08TR_0008,0,0.9581140385667813,69,69
BV08TR_0008,1,0.9557783083143604,68,69
BV08TR_0008,2,0.953389722443912,67,69
BV08TR_0008,3,0.9510035363075215,66,69
BV08TR_0008,4,0.9486334460729888,65,69
BV08TR_0008,5,0.9462558559923888,64,69
BV08TR_0008,6,0.9438421675919197,63,69
BV08TR_0008,7,0.9414633306918825,62,69
BV08TR_0008,8,0.9391810897744582,61,69
BV08TR_0008,9,0.9368231151890184,60,69
BV08TR_0008,10,0.9344797198389878,59,69
BV08TR_0008,11,0.9321377515855302,58,69
BV08TR_0008,12,0.9298711165449168,57,69
BV08TR_0008,13,0.9275768235447244,56,69
BV08TR_0008,14,0.925338632617994,55,69
BV08TR_0008,15,0.9230705673357262,54,69
BV08TR_0008,16,0.920700732514664,53,69
BV08TR_0008,17,0.9183945731733945,52,69
BV08TR_0008,18,0.916141687242184,51,69
BV08TR_0008,19,0.9138795157937873,50,69
BV08TR_0008,20,0.9115899267918978,49,69
BV08TR_0008,21,0.9093537021587508,48,69
BV08TR_0008,22,0.9071053349656224,47,69
BV08TR_0008,23,0.9047880852196892,46,69
BV08TR_0008,24,0.90247056289663,45,69
BV08TR_0008,25,0.9001798658074197,44,69
BV08TR_0008,26,0.8979591894666256,43,69
BV08TR_0008,27,0.8957936593135633,42,69
BV08TR_0008,28,0.8935054120549689,41,69
BV08TR_0008,29,0.8912365144700516,40,69
BV08TR_0008,30,0.8890550807883124,39,69
BV08TR_0008,31,0.8868615044098345,38,69
BV08TR_0008,32,0.8846324058505725,37,69
BV08TR_0008,33,0.8823265230301085,36,69
BV08TR_0008,34,0.8800558767334478,35,69
BV08TR_0008,35,0.8778662383203728,34,69
BV08TR_0008,36,0.8756367476264416,33,69
BV08TR_0008,37,0.8734315413731303,32,69
BV08TR_0008,38,0.8711547011085228,31,69
BV08TR_0008,39,0.8690186824412336,30,69
BV08TR_0008,40,0.8668946835088105,29,69
BV08TR_0008,41,0.8646326502882161,28,69
BV08TR_0008,42,0.8624105010591401,27,69
BV08TR_0008,43,0.8600122086759201,26,69
BV08TR_0008,44,0.8577013179545728,25,69
BV08TR_0008,45,0.8554329346990449,24,69
BV08TR_0008,46,0.8532184135445596,23,69
BV08TR_0008,47,0.8508737060916597,22,69
BV08TR_0008,48,0.8486354017240211,21,69
BV08TR_0008,49,0.8464186036194351,20,69
BV08TR_0008,50,0.8441493642546491,19,69
BV08TR_0008,51,0.8418922679349526,18,69
BV08TR_0008,52,0.8395380944260922,17,69
BV08TR_0008,53,0.8372364897707611,16,69
BV08TR_0008,54,0.8348446194513724,15,69
BV08TR_0008,55,0.8324810271147712,14,69
BV08TR_0008,56,0.8301391368532764,13,69
BV08TR_0008,57,0.8276458982344641,12,69
BV08TR_0008,58,0.8252553696874546,11,69
BV08TR_0008,59,0.8227897790833205,10,69
BV08TR_0008,60,0.8204266391507693,9,69
BV08TR_0008,61,0.8180801212607995,8,69
BV08TR_0008,62,0.8157402509894992,7,69
BV08TR_0008,63,0.8132852802703338,6,69
BV08TR_0008,64,0.8108912674713643,5,69
BV08TR_0008,65,0.8085947380233627,4,69
BV08TR_0008,66,0.8061878435275535,3,69
BV08TR_0008,67,0.8037336633447183,2,69
BV08TR_0008,68,0.8014950231347302,1,69
BV08TR_0008,69,0.7992911837124376,0,69
BV08TR_0009,0,0.9571248468527932,52,52
BV08TR_0009,1,0.9542303612802684,51,52
BV08TR_0009,2,0.9512857293193204,50,52
BV08TR_0009,3,0.9483642080290684,49,52
BV08TR_0009,4,0.9455885869561363,48,52
BV08TR_0009,5,0.9427095642408868,47,52
BV08TR_0009,6,0.9396680238739858,46,52
BV08TR_0009,7,0.9366461817545456,45,52
BV08TR_0009,8,0.9338252660678572,44,52
BV08TR_0009,9,0.9309475677780424,43,52
BV08TR_0009,10,0.9278859191885536,42,52
BV08TR_0009,11,0.924897721524726,41,52
BV08TR_0009,12,0.9220229324463874,40,52
BV08TR_0009,13,0.9190129614277887,39,52
BV08TR_0009,14,0.9161265483413754,38,52
BV08TR_0009,15,0.913235114242603,37,52
BV08TR_0009,16,0.9102377790870805,36,52
BV08TR_0009,17,0.9074811241281214,35,52
BV08TR_0009,18,0.9046659352260552,34,52
BV08TR_0009,19,0.90184215985496,33,52
BV08TR_0009,20,0.8990766835699116,32,52
BV08TR_0009,21,0.8961894894365324,31,52
BV08TR_0009,22,0.8932470986149386,30,52
BV08TR_0009,23,0.8902697722459815,29,52
BV08TR_0009,24,0.8874595029644142,28,52
BV08TR_0009,25,0.884537510260838,27,52
BV08TR_0009,26,0.8816402961632201,26,52
BV08TR_0009,27,0.878749358264516,25,52
BV08TR_0009,28,0.8759169717059625,24,52
BV08TR_0009,29,0.8730474012989066,23,52
BV08TR_0009,30,0.8702648825940468,22,52
BV08TR_0009,31,0.8672364655066307,21,52
BV08TR_0009,32,0.8644124478140991,20,52
BV08TR_0009,33,0.8614792756459247,19,52
BV08TR_0009,34,0.8585329309313225,18,52
BV08TR_0009,35,0.8556562362543264,17,52
BV08TR_0009,36,0.8527547543852764,16,52
BV08TR_0009,37,0.8497854904621754,15,52
BV08TR_0009,38,0.846895030305506,14,52
BV08TR_0009,39,0.8438938574453035,13,52
BV08TR_0009,40,0.8410138960219202,12,52
BV08TR_0009,41,0.8373578108430032,11,52
BV08TR_0009,42,0.8337677154660093,10,52
BV08TR_0009,43,0.8302563578685037,9,52
BV08TR_0009,44,0.8265917865011667,8,52
BV08TR_0009,45,0.8231374170900698,7,52
BV08TR_0009,46,0.8194592762308991,6,52
BV08TR_0009,47,0.8158980069105372,5,52
BV08TR_0009,48,0.8121098006470742,4,52
BV08TR_0009,49,0.8083125528085944,3,52
BV08TR_0009,50,0.804467402778743,2,52
BV08TR_0009,51,0.8009134611788642,1,52
BV08TR_0009,52,0.7971964847658175,0,52
BV08TR_0010,0,0.9857313182068992,83,83
BV08TR_0010,1,0.9834642067783745,82,83
BV08TR_0010,2,0.9812645458057292,81,83
BV08TR_0010,3,0.9789754923974954,80,83
BV08TR_0010,4,0.9768020329691474,79,83
BV08TR_0010,5,0.9746078619091731,78,83
BV08TR_0010,6,0.9722625093397216,77,83
BV08TR_0010,7,0.9699865754651512,76,83
BV08TR_0010,8,0.9677963804452118,75,83
BV08TR_0010,9,0.965503762315912,74,83
BV08TR_0010,10,0.9632624045066994,73,83
BV08TR_0010,11,0.9610089336685972,72,83
BV08TR_0010,12,0.9587261137801384,71,83
BV08TR_0010,13,0.9564854589925234,70,83
BV08TR_0010,14,0.9542332052909102,69,83
BV08TR_0010,15,0.9519761663744122,68,83
BV08TR_0010,16,0.949711009977276,67,83
BV08TR_0010,17,0.947365328226888,66,83
BV08TR_0010,18,0.945036005755585,65,83
BV08TR_0010,19,0.9427240776263488,64,83
BV08TR_0010,20,0.9403581384230264,63,83
BV08TR_0010,21,0.938070529351092,62,83
BV08TR_0010,22,0.9356664798600534,61,83
BV08TR_0010,23,0.9333530767984158,60,83
BV08TR_0010,24,0.9309374304971638,59,83
BV08TR_0010,25,0.928663769916354,58,83
BV08TR_0010,26,0.9263895435383552,57,83
BV08TR_0010,27,0.924000416182624,56,83
BV08TR_0010,28,0.9217100152332304,55,83
BV08TR_0010,29,0.9194939691714905,54,83
BV08TR_0010,30,0.9172602913034505,53,83
BV08TR_0010,31,0.9148836008227698,52,83
BV08TR_0010,32,0.912544102537907,51,83
BV08TR_0010,33,0.91020883944031,50,83
BV08TR_0010,34,0.9078914975863628,49,83
BV08TR_0010,35,0.9056754658850262,48,83
BV08TR_0010,36,0.9033970499831832,47,83
BV08TR_0010,37,0.9011460797941658,46,83
BV08TR_0010,38,0.8988543616281264,45,83
BV08TR_0010,39,0.8964408611601958,44,83
BV08TR_0010,40,0.8941984283782282,43,83
BV08TR_0010,41,0.8920302037625228,42,83
BV08TR_0010,42,0.8897392215853719,41,83
BV08TR_0010,43,0.8874368343203692,40,83
BV08TR_0010,44,0.8851918899516532,39,83
BV08TR_0010,45,0.8829468249720699,38,83
BV08TR_0010,46,0.8806758098063878,37,83
BV08TR_0010,47,0.8785648555301458,36,83
BV08TR_0010,48,0.8763424952265783,35,83
BV08TR_0010,49,0.8740864093454394,34,83
BV08TR_0010,50,0.8718467294689105,33,83
BV08TR_0010,51,0.8695193250412313,32,83
BV08TR_0010,52,0.867304399042753,31,83
BV08TR_0010,53,0.86509089827619,30,83
BV08TR_0010,54,0.8629011614146154,29,83
BV08TR_0010,55,0.8606568602039055,28,83
BV08TR_0010,56,0.8586138805055351,27,83
BV08TR_0010,57,0.8563434330914571,26,83
BV08TR_0010,58,0.8541704015134575,25,83
BV08TR_0010,59,0.852051610489608,24,83
BV08TR_0010,60,0.849750435622671,23,83
BV08TR_0010,61,0.8474416421430115,22,83
BV08TR_0010,62,0.84519564946379,21,83
BV08TR_0010,63,0.8429894763430994,20,83
BV08TR_0010,64,0.8406939415188036,19,83
BV08TR_0010,65,0.8384846121186103,18,83
BV08TR_0010,66,0.8362194715308826,17,83
BV08TR_0010,67,0.8340152724092325,16,83
BV08TR_0010,68,0.8317704760464097,15,83
BV08TR_0010,69,0.8295174538893061,14,83
BV08TR_0010,70,0.8272225202467953,13,83
BV08TR_0010,71,0.8251025423509422,12,83
BV08TR_0010,72,0.822835907063786,11,83
BV08TR_0010,73,0.8206723252450323,10,83
BV08TR_0010,74,0.8183123820898355,9,83
BV08TR_0010,75,0.816041263056308,8,83
BV08TR_0010,76,0.8137840072882645,7,83
BV08TR_0010,77,0.8115847872742658,6,83
BV08TR_0010,78,0.8092849134794174,5,83
BV08TR_0010,79,0.8069860438445768,4,83
BV08TR_0010,80,0.8048982977424826,3,83
BV08TR_0010,81,0.8025559808830287,2,83
BV08TR_0010,82,0.8002610671572925,1,83
BV08TR_0010,83,0.797915654179371,0,83
BV08TR_0011,0,1.002142708144092,107,107
BV08TR_0011,1,1.00020317158096,106,107
BV08TR_0011,2,0.9983268935133904,105,107
BV08TR_0011,3,0.996522028981369,104,107
BV08TR_0011,4,0.9946014726411264,103,107
BV08TR_0011,5,0.9928134738914978,102,107
BV08TR_0011,6,0.9909536022050082,101,107
BV08TR_0011,7,0.9891395410147974,100,107
BV08TR_0011,8,0.987272502920556,99,107
BV08TR_0011,9,0.9854475343790718,98,107
BV08TR_0011,10,0.983578371932172,97,107
BV08TR_0011,11,0.9816445905485172,96,107
BV08TR_0011,12,0.979805508404892,95,107
BV08TR_0011,13,0.9780065212392324,94,107
BV08TR_0011,14,0.9760995966202018,93,107
BV08TR_0011,15,0.9742592783941935,92,107
BV08TR_0011,16,0.9723905680333014,91,107
BV08TR_0011,17,0.970517589025398,90,107
BV08TR_0011,18,0.968673646385797,89,107
BV08TR_0011,19,0.9668091820511552,88,107
BV08TR_0011,20,0.9649136674576526,87,107
BV08TR_0011,21,0.9631062552917586,86,107
BV08TR_0011,22,0.961179198123433,85,107
BV08TR_0011,23,0.9592994799020216,84,107
BV08TR_0011,24,0.95737750091756,83,107
BV08TR_0011,25,0.9554417933333114,82,107
BV08TR_0011,26,0.9534563334605954,81,107
BV08TR_0011,27,0.9515418807482194,80,107
BV08TR_0011,28,0.9496404861729568,79,107
BV08TR_0011,29,0.9477218024960272,78,107
BV08TR_0011,30,0.9457442717548292,77,107
BV08TR_0011,31,0.9437742650846535,76,107
BV08TR_0011,32,0.9418195848513242,75,107
BV08TR_0011,33,0.9398722443392772,74,107
BV08TR_0011,34,0.9379328309690282,73,107
BV08TR_0011,35,0.936050815697772,72,107
BV08TR_0011,36,0.9341191386156315,71,107
BV08TR_0011,37,0.9323132894904687,70,107
BV08TR_0011,38,0.9303669879063304,69,107
BV08TR_0011,39,0.928465265546269,68,107
BV08TR_0011,40,0.9266064499791048,67,107
BV08TR_0011,41,0.9246940805727822,66,107
BV08TR_0011,42,0.922626160023354,65,107
BV08TR_0011,43,0.9207018639141465,64,107
BV08TR_0011,44,0.9187677563035492,63,107
BV08TR_0011,45,0.9168817917303872,62,107
BV08TR_0011,46,0.9148716862909884,61,107
BV08TR_0011,47,0.9128966038173504,60,107
BV08TR_0011,48,0.9110023178795332,59,107
BV08TR_0011,49,0.9090032579713195,58,107
BV08TR_0011,50,0.90706338580099,57,107
BV08TR_0011,51,0.9052090735850005,56,107
BV08TR_0011,52,0.9032827332940465,55,107
BV08TR_0011,53,0.9013570962486952,54,107
BV08TR_0011,54,0.8994570358707992,53,107
BV08TR_0011,55,0.89752078743076,52,107
BV08TR_0011,56,0.8955888063363786,51,107
BV08TR_0011,57,0.8937109365165102,50,107
BV08TR_0011,58,0.8918407061945536,49,107
BV08TR_0011,59,0.8899800084786609,48,107
BV08TR_0011,60,0.8880607871504362,47,107
BV08TR_0011,61,0.8862084676524318,46,107
BV08TR_0011,62,0.8843466908238115,45,107
BV08TR_0011,63,0.8824573487125189,44,107
BV08TR_0011,64,0.8805512998526913,43,107
BV08TR_0011,65,0.8787339305381586,42,107
BV08TR_0011,66,0.876831771929295,41,107
BV08TR_0011,67,0.8750297908102297,40,107
BV08TR_0011,68,0.8731797205965804,39,107
BV08TR_0011,69,0.8713210997083884,38,107
BV08TR_0011,70,0.869456284202479,37,107
BV08TR_0011,71,0.8676505116685501,36,107
BV08TR_0011,72,0.865790173051923,35,107
BV08TR_0011,73,0.863949477623856,34,107
BV08TR_0011,74,0.8621017748522676,33,107
BV08TR_0011,75,0.8603412437823372,32,107
BV08TR_0011,76,0.858492178175769,31,107
BV08TR_0011,77,0.8566785242703984,30,107
BV08TR_0011,78,0.8547794144504671,29,107
BV08TR_0011,79,0.8528715637612293,28,107
BV08TR_0011,80,0.8510179350425422,27,107
BV08TR_0011,81,0.8491972733778362,26,107
BV08TR_0011,82,0.8473517579995657,25,107
BV08TR_0011,83,0.8454841437405386,24,107
BV08TR_0011,84,0.843626504454622,23,107
BV08TR_0011,85,0.8417790297845538,22,107
BV08TR_0011,86,0.8399776848874098,21,107
BV08TR_0011,87,0.8380314298666077,20,107
BV08TR_0011,88,0.8361383628858595,19,107
BV08TR_0011,89,0.8342574753008482,18,107
BV08TR_0011,90,0.8323427337689109,17,107
BV08TR_0011,91,0.830488042680902,16,107
BV08TR_0011,92,0.8285934078896858,15,107
BV08TR_0011,93,0.8266363764369012,14,107
BV08TR_0011,94,0.8246861205987094,13,107
BV08TR_0011,95,0.8228448826384042,12,107
BV08TR_0011,96,0.8208591550103694,11,107
BV08TR_0011,97,0.8189107587143571,10,107
BV08TR_0011,98,0.8170222653920314,9,107
BV08TR_0011,99,0.815142565085712,8,107
BV08TR_0011,100,0.8132231487062208,7,107
BV08TR_0011,101,0.8111974314264322,6,107
BV08TR_0011,102,0.809329119086241,5,107
BV08TR_0011,103,0.8073234026785068,4,107
BV08TR_0011,104,0.8054216773002293,3,107
BV08TR_0011,105,0.8034293124776668,2,107
BV08TR_0011,106,0.8015482549277847,1,107
BV08TR_0011,107,0.7996014696210564,0,107
BV08TR_0012,0,1.0202020754327368,95,95
BV08TR_0012,1,1.0180748391314012,94,95
BV08TR_0012,2,1.0159514339881943,93,95
BV08TR_0012,3,1.0138840426742752,92,95
BV08TR_0012,4,1.0118252410214625,91,95
BV08TR_0012,5,1.009804932242891,90,95
BV08TR_0012,6,1.0077011563085094,89,95
BV08TR_0012,7,1.0055143135702125,88,95
BV08TR_0012,8,1.0033377731914273,87,95
BV08TR_0012,9,1.0012238076866165,86,95
BV08TR_0012,10,0.9991533156178438,85,95
BV08TR_0012,11,0.9971284068461005,84,95
BV08TR_0012,12,0.9951300432723253,83,95
BV08TR_0012,13,0.9929474546372675,82,95
BV08TR_0012,14,0.9908525678712532,81,95
BV08TR_0012,15,0.9888578178268984,80,95
BV08TR_0012,16,0.9867224127857498,79,95
BV08TR_0012,17,0.9845563794500846,78,95
BV08TR_0012,18,0.9824277071677885,77,95
BV08TR_0012,19,0.9802898457960612,76,95
BV08TR_0012,20,0.9781810648696172,75,95
BV08TR_0012,21,0.9761446385340606,74,95
BV08TR_0012,22,0.9740351706085592,73,95
BV08TR_0012,23,0.9719751817198882,72,95
BV08TR_0012,24,0.9698178107603432,71,95
BV08TR_0012,25,0.9677129194091428,70,95
BV08TR_0012,26,0.9656597050315614,69,95
BV08TR_0012,27,0.9635266291970412,68,95
BV08TR_0012,28,0.9613305274167604,67,95
BV08TR_0012,29,0.9591536000639078,66,95
BV08TR_0012,30,0.9570539107686714,65,95
BV08TR_0012,31,0.9549782393053652,64,95
BV08TR_0012,32,0.952888486659998,63,95
BV08TR_0012,33,0.9507253156821064,62,95
BV08TR_0012,34,0.9485851217586476,61,95
BV08TR_0012,35,0.9464132584451656,60,95
BV08TR_0012,36,0.9442452521684904,59,95
BV08TR_0012,37,0.9420615331977804,58,95
BV08TR_0012,38,0.9399212686284024,57,95
BV08TR_0012,39,0.9377581574605055,56,95
BV08TR_0012,40,0.9355965737682168,55,95
BV08TR_0012,41,0.9333875726922035,54,95
BV08TR_0012,42,0.9313244330994838,53,95
BV08TR_0012,43,0.9291681452361022,52,95
BV08TR_0012,44,0.9270214686029565,51,95
BV08TR_0012,45,0.9248414513007044,50,95
BV08TR_0012,46,0.9225506887978941,49,95
BV08TR_0012,47,0.9203504894338012,48,95
BV08TR_0012,48,0.9182166079402754,47,95
BV08TR_0012,49,0.91599998012992,46,95
BV08TR_0012,50,0.9137453893564114,45,95
BV08TR_0012,51,0.9116479954401074,44,95
BV08TR_0012,52,0.909417595180663,43,95
BV08TR_0012,53,0.907276004557678,42,95
BV08TR_0012,54,0.9050463873148112,41,95
BV08TR_0012,55,0.902867754751744,40,95
BV08TR_0012,56,0.900679031795163,39,95
BV08TR_0012,57,0.8984343598648677,38,95
BV08TR_0012,58,0.8963131681053341,37,95
BV08TR_0012,59,0.8942428066570961,36,95
BV08TR_0012,60,0.8920579472483008,35,95
BV08TR_0012,61,0.8899163476828469,34,95
BV08TR_0012,62,0.8877601634669194,33,95
BV08TR_0012,63,0.8855994926992066,32,95
BV08TR_0012,64,0.8833876672062131,31,95
BV08TR_0012,65,0.8812710488743464,30,95
BV08TR_0012,66,0.8790824286910957,29,95
BV08TR_0012,67,0.8769635258934594,28,95
BV08TR_0012,68,0.8747125174332588,27,95
BV08TR_0012,69,0.8724810789107375,26,95
BV08TR_0012,70,0.87047487583959,25,95
BV08TR_0012,71,0.8675671948966927,24,95
BV08TR_0012,72,0.8646429154047478,23,95
BV08TR_0012,73,0.8619308201433934,22,95
BV08TR_0012,74,0.8589763152291241,21,95
BV08TR_0012,75,0.8559904259755566,20,95
BV08TR_0012,76,0.8530913002152642,19,95
BV08TR_0012,77,0.8502645861836685,18,95
BV08TR_0012,78,0.8472933835884744,17,95
BV08TR_0012,79,0.8444388370339538,16,95
BV08TR_0012,80,0.841504766740729,15,95
BV08TR_0012,81,0.8386107478243426,14,95
BV08TR_0012,82,0.8357061833091864,13,95
BV08TR_0012,83,0.8328099700763724,12,95
BV08TR_0012,84,0.8299316904860897,11,95
BV08TR_0012,85,0.8271263150995788,10,95
BV08TR_0012,86,0.8243915416448352,9,95
BV08TR_0012,87,0.8213643781557904,8,95
BV08TR_0012,88,0.8185039031479936,7,95
BV08TR_0012,89,0.815569870898675,6,95
BV08TR_0012,90,0.8126363340108718,5,95
BV08TR_0012,91,0.8096878200977566,4,95
BV08TR_0012,92,0.8067543367833775,3,95
BV08TR_0012,93,0.8038924571856727,2,95
BV08TR_0012,94,0.8009439531090957,1,95
BV08TR_0012,95,0.7980066003163473,0,95
BV08TR_0013,0,1.00621713930385,62,62
BV08TR_0013,1,1.0029641839893149,61,62
BV08TR_0013,2,0.999526393916779,60,62
BV08TR_0013,3,0.9961635401017572,59,62
BV08TR_0013,4,0.9930512507063272,58,62
BV08TR_0013,5,0.9895701708120098,57,62
BV08TR_0013,6,0.9862264748201042,56,62
BV08TR_0013,7,0.9829422004362366,55,62
BV08TR_0013,8,0.9796785517698902,54,62
BV08TR_0013,9,0.976347142497218,53,62
BV08TR_0013,10,0.9731089495461624,52,62
BV08TR_0013,11,0.9696878591488242,51,62
BV08TR_0013,12,0.9663175232252272,50,62
BV08TR_0013,13,0.962985000145698,49,62
BV08TR_0013,14,0.9595983240737262,48,62
BV08TR_0013,15,0.9563167127672052,47,62
BV08TR_0013,16,0.9530672446137384,46,62
BV08TR_0013,17,0.9497996270781124,45,62
BV08TR_0013,18,0.9464374085664624,44,62
BV08TR_0013,19,0.9430711934891985,43,62
BV08TR_0013,20,0.9399200610409418,42,62
BV08TR_0013,21,0.9366598160488732,41,62
BV08TR_0013,22,0.9332256146135396,40,62
BV08TR_0013,23,0.9299060703624203,39,62
BV08TR_0013,24,0.926429342277994,38,62
BV08TR_0013,25,0.9231919385371684,37,62
BV08TR_0013,26,0.9200178963336315,36,62
BV08TR_0013,27,0.9167009696354652,35,62
BV08TR_0013,28,0.9134359397335344,34,62
BV08TR_0013,29,0.9103454008908944,33,62
BV08TR_0013,30,0.9071438958300744,32,62
BV08TR_0013,31,0.9038357826529766,31,62
BV08TR_0013,32,0.9006728361284618,30,62
BV08TR_0013,33,0.8974949691807695,29,62
BV08TR_0013,34,0.8942485969098587,28,62
BV08TR_0013,35,0.8909693364523305,27,62
BV08TR_0013,36,0.8876530799133999,26,62
BV08TR_0013,37,0.8844845825039206,25,62
BV08TR_0013,38,0.8812765457671258,24,62
BV08TR_0013,39,0.8780730412836948,23,62
BV08TR_0013,40,0.8748736721322844,22,62
BV08TR_0013,41,0.8717491815169064,21,62
BV08TR_0013,42,0.8686426210254682,20,62
BV08TR_0013,43,0.865482178641698,19,62
BV08TR_0013,44,0.8623758374761747,18,62
BV08TR_0013,45,0.85908829537021,17,62
BV08TR_0013,46,0.8559938670374861,16,62
BV08TR_0013,47,0.852822148223957,15,62
BV08TR_0013,48,0.8496897549183342,14,62
BV08TR_0013,49,0.846392579796773,13,62
BV08TR_0013,50,0.8432196369421295,12,62
BV08TR_0013,51,0.8399375071114052,11,62
BV08TR_0013,52,0.8368579694955015,10,62
BV08TR_0013,53,0.8327730276117331,9,62
BV08TR_0013,54,0.8288986505703557,8,62
BV08TR_0013,55,0.8249171195470139,7,62
BV08TR_0013,56,0.8210012400040168,6,62
BV08TR_0013,57,0.8173116831863534,5,62
BV08TR_0013,58,0.813309502294666,4,62
BV08TR_0013,59,0.8093839943645574,3,62
BV08TR_0013,60,0.8052209361318,2,62
BV08TR_0013,61,0.8011428208672166,1,62
BV08TR_0013,62,0.7971756420929585,0,62
BV08TR_0014,0,0.993096155932078,63,63
BV08TR_0014,1,0.9900433998197345,62,63
BV08TR_0014,2,0.9871492713904924,61,63
BV08TR_0014,3,0.9842338138392152,60,63
BV08TR_0014,4,0.981177669399004,59,63
BV08TR_0014,5,0.9780944938817906,58,63
BV08TR_0014,6,0.9750992472226484,57,63
BV08TR_0014,7,0.9722250524390466,56,63
BV08TR_0014,8,0.9692294613881648,55,63
BV08TR_0014,9,0.966328123156022,54,63
BV08TR_0014,10,0.9633839306708388,53,63
BV08TR_0014,11,0.9603435218207428,52,63
BV08TR_0014,12,0.957180721739404,51,63
BV08TR_0014,13,0.9542743362038836,50,63
BV08TR_0014,14,0.9513000459830495,49,63
BV08TR_0014,15,0.9482357637113292,48,63
BV08TR_0014,16,0.9451555746649548,47,63
BV08TR_0014,17,0.9421953019201824,46,63
BV08TR_0014,18,0.9392088789868206,45,63
BV08TR_0014,19,0.9361527698810134,44,63
BV08TR_0014,20,0.9330087591568468,43,63
BV08TR_0014,21,0.9299665799168858,42,63
BV08TR_0014,22,0.926853150526609,41,63
BV08TR_0014,23,0.923801031776865,40,63
BV08TR_0014,24,0.9206909279265932,39,63
BV08TR_0014,25,0.917491231560602,38,63
BV08TR_0014,26,0.9143093572237228,37,63
BV08TR_0014,27,0.9112013084556914,36,63
BV08TR_0014,28,0.9081211780263841,35,63
BV08TR_0014,29,0.9050786461156322,34,63
BV08TR_0014,30,0.9019126614194488,33,63
BV08TR_0014,31,0.898892814426568,32,63
BV08TR_0014,32,0.8957611542376018,31,63
BV08TR_0014,33,0.892535241636812,30,63
BV08TR_0014,34,0.8894968797678504,29,63
BV08TR_0014,35,0.8862771889772082,28,63
BV08TR_0014,36,0.8831107680514197,27,63
BV08TR_0014,37,0.8800373559045137,26,63
BV08TR_0014,38,0.8767854054963766,25,63
BV08TR_0014,39,0.8737563697791813,24,63
BV08TR_0014,40,0.8705649954304236,23,63
BV08TR_0014,41,0.867346927685921,22,63
BV08TR_0014,42,0.8642373604819475,21,63
BV08TR_0014,43,0.8609783943442025,20,63
BV08TR_0014,44,0.8578051453675098,19,63
BV08TR_0014,45,0.8546242105884972,18,63
BV08TR_0014,46,0.8514774613961192,17,63
BV08TR_0014,47,0.848361851642101,16,63
BV08TR_0014,48,0.8451949473549328,15,63
BV08TR_0014,49,0.842006530064176,14,63
BV08TR_0014,50,0.8388757833569462,13,63
BV08TR_0014,51,0.8357911303299641,12,63
BV08TR_0014,52,0.8326787213742441,11,63
BV08TR_0014,53,0.8295200661975392,10,63
BV08TR_0014,54,0.8264125587291254,9,63
BV08TR_0014,55,0.8232317728400388,8,63
BV08TR_0014,56,0.8200787051825542,7,63
BV08TR_0014,57,0.8170760774697776,6,63
BV08TR_0014,58,0.8140252325417926,5,63
BV08TR_0014,59,0.8109784941331313,4,63
BV08TR_0014,60,0.8079351828232038,3,63
BV08TR_0014,61,0.8049448947560945,2,63
BV08TR_0014,62,0.8019095560216505,1,63
BV08TR_0014,63,0.7987891199150546,0,63
BV08TR_0015,0,0.9916586462095696,81,81
BV08TR_0015,1,0.989330460824344,80,81
BV08TR_0015,2,0.9870409825919352,79,81
BV08TR_0015,3,0.984790219860926,78,81
BV08TR_0015,4,0.9824996229564972,77,81
BV08TR_0015,5,0.980245582661918,76,81
BV08TR_0015,6,0.9778222171224532,75,81
BV08TR_0015,7,0.9755301853067252,74,81
BV08TR_0015,8,0.9731720362528136,73,81
BV08TR_0015,9,0.9707906807655748,72,81
BV08TR_0015,10,0.9683994774583972,71,81
BV08TR_0015,11,0.9660140453090734,70,81
BV08TR_0015,12,0.9636526588126622,69,81
BV08TR_0015,13,0.9613722316198579,68,81
BV08TR_0015,14,0.9590283621726426,67,81
BV08TR_0015,15,0.9567492600505824,66,81
BV08TR_0015,16,0.9544464346069638,65,81
BV08TR_0015,17,0.9520428488063406,64,81
BV08TR_0015,18,0.9497529479919128,63,81
BV08TR_0015,19,0.9474069420089491,62,81
BV08TR_0015,20,0.945034269990247,61,81
BV08TR_0015,21,0.942645883412314,60,81
BV08TR_0015,22,0.9402118176386124,59,81
BV08TR_0015,23,0.9378298198985014,58,81
BV08TR_0015,24,0.9354390357785834,57,81
BV08TR_0015,25,0.93299436966613,56,81
BV08TR_0015,26,0.9305779817469144,55,81
BV08TR_0015,27,0.9281750117764168,54,81
BV08TR_0015,28,0.9258582870197828,53,81
BV08TR_0015,29,0.9234564297570123,52,81
BV08TR_0015,30,0.9211032176493954,51,81
BV08TR_0015,31,0.918689837016492,50,81
BV08TR_0015,32,0.916226463710392,49,81
BV08TR_0015,33,0.913784395105232,48,81
BV08TR_0015,34,0.9113120840942343,47,81
BV08TR_0015,35,0.9089113611095332,46,81
BV08TR_0015,36,0.9065004611168935,45,81
BV08TR_0015,37,0.9040509253524286,44,81
BV08TR_0015,38,0.9016689566735284,43,81
BV08TR_0015,39,0.8991974983981209,42,81
BV08TR_0015,40,0.8967693616536891,41,81
BV08TR_0015,41,0.894413147675141,40,81
BV08TR_0015,42,0.8919317905430544,39,81
BV08TR_0015,43,0.8894906317274923,38,81
BV08TR_0015,44,0.8869917478167278,37,81
BV08TR_0015,45,0.8844778284148881,36,81
BV08TR_0015,46,0.8819796468149246,35,81
BV08TR_0015,47,0.8794718740846985,34,81
BV08TR_0015,48,0.8769843985844493,33,81
BV08TR_0015,49,0.8746415813740122,32,81
BV08TR_0015,50,0.8721805466335003,31,81
BV08TR_0015,51,0.8696284443714422,30,81
BV08TR_0015,52,0.8672991635876368,29,81
BV08TR_0015,53,0.8649489136581151,28,81
BV08TR_0015,54,0.8626076136271076,27,81
BV08TR_0015,55,0.8602647552846856,26,81
BV08TR_0015,56,0.8579713997129578,25,81
BV08TR_0015,57,0.8556655830053838,24,81
BV08TR_0015,58,0.8531767259353288,23,81
BV08TR_0015,59,0.8508867619183595,22,81
BV08TR_0015,60,0.8485381986032335,21,81
BV08TR_0015,61,0.8461728346411646,20,81
BV08TR_0015,62,0.8438644900199062,19,81
BV08TR_0015,63,0.8414082340047151,18,81
BV08TR_0015,64,0.8390344180416424,17,81
BV08TR_0015,65,0.836641090931227,16,81
BV08TR_0015,66,0.8342693912763387,15,81
BV08TR_0015,67,0.8319435116168805,14,81
BV08TR_0015,68,0.8296050984952865,13,81
BV08TR_0015,69,0.8273058457522942,12,81
BV08TR_0015,70,0.8249364019813378,11,81
BV08TR_0015,71,0.822585557908123,10,81
BV08TR_0015,72,0.8202170582572988,9,81
BV08TR_0015,73,0.8178745026204315,8,81
BV08TR_0015,74,0.8154961409345056,7,81
BV08TR_0015,75,0.8131632874875107,6,81
BV08TR_0015,76,0.810844024950488,5,81
BV08TR_0015,77,0.808547189843956,4,81
BV08TR_0015,78,0.8062506647121284,3,81
BV08TR_0015,79,0.8039727133640432,2,81
BV08TR_0015,80,0.8016999864006545,1,81
BV08TR_0015,81,0.7993063685292805,0,81
BV08TR_0016,0,0.9815752987283868,79,79
BV08TR_0016,1,0.9793248551546885,78,79
BV08TR_0016,2,0.9769967465516524,77,79
BV08TR_0016,3,0.97477504825069,76,79
BV08TR_0016,4,0.9723694936047051,75,79
BV08TR_0016,5,0.9701159632641047,74,79
BV08TR_0016,6,0.9678374210841674,73,79
BV08TR_0016,7,0.9655009344599695,72,79
BV08TR_0016,8,0.963155974795968,71,79
BV08TR_0016,9,0.9609134128099004,70,79
BV08TR_0016,10,0.9586221608880506,69,79
BV08TR_0016,11,0.9563796906303176,68,79
BV08TR_0016,12,0.954103153346074,67,79
BV08TR_0016,13,0.9516399584858424,66,79
BV08TR_0016,14,0.949321943062729,65,79
BV08TR_0016,15,0.946903361771018,64,79
BV08TR_0016,16,0.9445785097210926,63,79
BV08TR_0016,17,0.942061651941921,62,79
BV08TR_0016,18,0.9396368055930044,61,79
BV08TR_0016,19,0.93722872994754,60,79
BV08TR_0016,20,0.9347734103791692,59,79
BV08TR_0016,21,0.932463120263544,58,79
BV08TR_0016,22,0.9301591303770707,57,79
BV08TR_0016,23,0.9277448480433808,56,79
BV08TR_0016,24,0.9253320179953554,55,79
BV08TR_0016,25,0.922847563454034,54,79
BV08TR_0016,26,0.9204846858865742,53,79
BV08TR_0016,27,0.9180667371048962,52,79
BV08TR_0016,28,0.915707216141825,51,79
BV08TR_0016,29,0.9133610295861112,50,79
BV08TR_0016,30,0.910930977577738,49,79
BV08TR_0016,31,0.9086658354164628,48,79
BV08TR_0016,32,0.90626695500825,47,79
BV08TR_0016,33,0.9037925117448002,46,79
BV08TR_0016,34,0.901429367781146,45,79
BV08TR_0016,35,0.8989911418340446,44,79
BV08TR_0016,36,0.896645986259571,43,79
BV08TR_0016,37,0.8943791453989725,42,79
BV08TR_0016,38,0.8920585160654667,41,79
BV08TR_0016,39,0.8896600319885287,40,79
BV08TR_0016,40,0.8872958534888477,39,79
BV08TR_0016,41,0.8849879086295122,38,79
BV08TR_0016,42,0.8826104662190782,37,79
BV08TR_0016,43,0.8802300492686317,36,79
BV08TR_0016,44,0.877932456757443,35,79
BV08TR_0016,45,0.8756033694137191,34,79
BV08TR_0016,46,0.8732206161180844,33,79
BV08TR_0016,47,0.8709324762282391,32,79
BV08TR_0016,48,0.8686850921078088,31,79
BV08TR_0016,49,0.8662893856138552,30,79
BV08TR_0016,50,0.8640168977923238,29,79
BV08TR_0016,51,0.8618418626891768,28,79
BV08TR_0016,52,0.859622279486656,27,79
BV08TR_0016,53,0.8572165823648727,26,79
BV08TR_0016,54,0.8550288485443065,25,79
BV08TR_0016,55,0.8527921309810524,24,79
BV08TR_0016,56,0.850581135837849,23,79
BV08TR_0016,57,0.8483501795303566,22,79
BV08TR_0016,58,0.8461499415201871,21,79
BV08TR_0016,59,0.8438433195832656,20,79
BV08TR_0016,60,0.8414941857888518,19,79
BV08TR_0016,61,0.8392835647638983,18,79
BV08TR_0016,62,0.8371021458121991,17,79
BV08TR_0016,63,0.8349376279817494,16,79
BV08TR_0016,64,0.8326857738693744,15,79
BV08TR_0016,65,0.8304716493217253,14,79
BV08TR_0016,66,0.8281817255801832,13,79
BV08TR_0016,67,0.8258417902039022,12,79
BV08TR_0016,68,0.8235446018230693,11,79
BV08TR_0016,69,0.8212510714996638,10,79
BV08TR_0016,70,0.8189186922982428,9,79
BV08TR_0016,71,0.8166178647531835,8,79
BV08TR_0016,72,0.8143021485242556,7,79
BV08TR_0016,73,0.8119257014219646,6,79
BV08TR_0016,74,0.8095862079708676,5,79
BV08TR_0016,75,0.8072731300552876,4,79
BV08TR_0016,76,0.8049159211647565,3,79
BV08TR_0016,77,0.8027323835677622,2,79
BV08TR_0016,78,0.8004062761126322,1,79
BV08TR_0016,79,0.7981339109128686,0,79
BV08TR_0017,0,0.9900826787398526,52,52
BV08TR_0017,1,0.9869714287634224,51,52
BV08TR_0017,2,0.9836771626874118,50,52
BV08TR_0017,3,0.9804743809911416,49,52
BV08TR_0017,4,0.9771462734282642,48,52
BV08TR_0017,5,0.9738655359176628,47,52
BV08TR_0017,6,0.9706147781658147,46,52
BV08TR_0017,7,0.9674524521445845,45,52
BV08TR_0017,8,0.9642137949213851,44,52
BV08TR_0017,9,0.9609012113378235,43,52
BV08TR_0017,10,0.9577239342746074,42,52
BV08TR_0017,11,0.9545209972779976,41,52
BV08TR_0017,12,0.9512382706810458,40,52
BV08TR_0017,13,0.9481958113856022,39,52
BV08TR_0017,14,0.9450715149904788,38,52
BV08TR_0017,15,0.9416815859796555,37,52
BV08TR_0017,16,0.9384155630929122,36,52
BV08TR_0017,17,0.9351014682202432,35,52
BV08TR_0017,18,0.9317664622946725,34,52
BV08TR_0017,19,0.9284385289541736,33,52
BV08TR_0017,20,0.9251735636433914,32,52
BV08TR_0017,21,0.9218223320428102,31,52
BV08TR_0017,22,0.918586740889754,30,52
BV08TR_0017,23,0.9153465397586628,29,52
BV08TR_0017,24,0.91208063437148,28,52
BV08TR_0017,25,0.9089008181516508,27,52
BV08TR_0017,26,0.905686348444892,26,52
BV08TR_0017,27,0.902425301861787,25,52
BV08TR_0017,28,0.899137786891008,24,52
BV08TR_0017,29,0.895708590146769,23,52
BV08TR_0017,30,0.8923776624125408,22,52
BV08TR_0017,31,0.8890139745908444,21,52
BV08TR_0017,32,0.8856751489635816,20,52
BV08TR_0017,33,0.8823662891397432,19,52
BV08TR_0017,34,0.8789681130162337,18,52
BV08TR_0017,35,0.8755841053504454,17,52
BV08TR_0017,36,0.8722004571784301,16,52
BV08TR_0017,37,0.8686998076779722,15,52
BV08TR_0017,38,0.8654291854542586,14,52
BV08TR_0017,39,0.8604265302927534,13,52
BV08TR_0017,40,0.855543196157107,12,52
BV08TR_0017,41,0.850556588093587,11,52
BV08TR_0017,42,0.8458576575502332,10,52
BV08TR_0017,43,0.8408367896517644,9,52
BV08TR_0017,44,0.8359010114252164,8,52
BV08TR_0017,45,0.8307433882663102,7,52
BV08TR_0017,46,0.8255885274157706,6,52
BV08TR_0017,47,0.8204003023600638,5,52
BV08TR_0017,48,0.8155977025167037,4,52
BV08TR_0017,49,0.8104813489576541,3,52
BV08TR_0017,50,0.8055619789839394,2,52
BV08TR_0017,51,0.800346773306078,1,52
BV08TR_0017,52,0.7952533839853908,0,52
BV08TR_0018,0,0.9872739196191208,64,64
BV08TR_0018,1,0.9843999268802092,63,64
BV08TR_0018,2,0.9815082286790668,62,64
BV08TR_0018,3,0.9785233123872762,61,64
BV08TR_0018,4,0.9756231702401518,60,64
BV08TR_0018,5,0.972679308086952,59,64
BV08TR_0018,6,0.9698240306908694,58,64
BV08TR_0018,7,0.966868952245736,57,64
BV08TR_0018,8,0.9639571231190344,56,64
BV08TR_0018,9,0.9612149730085529,55,64
BV08TR_0018,10,0.9582298228325855,54,64
BV08TR_0018,11,0.9554494437638826,53,64
BV08TR_0018,12,0.9525977700344882,52,64
BV08TR_0018,13,0.9497221490869012,51,64
BV08TR_0018,14,0.9469033362647168,50,64
BV08TR_0018,15,0.9439750994799145,49,64
BV08TR_0018,16,0.9411483827492944,48,64
BV08TR_0018,17,0.938283310138655,47,64
BV08TR_0018,18,0.935363735194956,46,64
BV08TR_0018,19,0.9326162571439826,45,64
BV08TR_0018,20,0.9297080695237286,44,64
BV08TR_0018,21,0.9267496976287184,43,64
BV08TR_0018,22,0.9238160656199995,42,64
BV08TR_0018,23,0.9208815810115044,41,64
BV08TR_0018,24,0.9181193426275278,40,64
BV08TR_0018,25,0.9151402694676848,39,64
BV08TR_0018,26,0.9122923828156042,38,64
BV08TR_0018,27,0.909382370568919,37,64
BV08TR_0018,28,0.9063718032441525,36,64
BV08TR_0018,29,0.9034703945906452,35,64
BV08TR_0018,30,0.900537866153381,34,64
BV08TR_0018,31,0.8976499728970376,33,64
BV08TR_0018,32,0.8948922936317365,32,64
BV08TR_0018,33,0.8919945115950274,31,64
BV08TR_0018,34,0.8890792420179522,30,64
BV08TR_0018,35,0.8860288380889375,29,64
BV08TR_0018,36,0.8831691983617324,28,64
BV08TR_0018,37,0.8801705399705326,27,64
BV08TR_0018,38,0.87719517127076,26,64
BV08TR_0018,39,0.8742923561055052,25,64
BV08TR_0018,40,0.8713248808359645,24,64
BV08TR_0018,41,0.8684283028547558,23,64
BV08TR_0018,42,0.8655595719718882,22,64
BV08TR_0018,43,0.8624802551296402,21,64
BV08TR_0018,44,0.8594402704323766,20,64
BV08TR_0018,45,0.8564825613489294,19,64
BV08TR_0018,46,0.853404048711009,18,64
BV08TR_0018,47,0.850400020705986,17,64
BV08TR_0018,48,0.8473640379762265,16,64
BV08TR_0018,49,0.8444280656205488,15,64
BV08TR_0018,50,0.841291788338677,14,64
BV08TR_0018,51,0.8382640650944091,13,64
BV08TR_0018,52,0.8352048398387689,12,64
BV08TR_0018,53,0.8322642806958901,11,64
BV08TR_0018,54,0.8292003254717288,10,64
BV08TR_0018,55,0.8262129466778146,9,64
BV08TR_0018,56,0.8232377307590318,8,64
BV08TR_0018,57,0.820312972308492,7,64
BV08TR_0018,58,0.8174020234016789,6,64
BV08TR_0018,59,0.8142991397011005,5,64
BV08TR_0018,60,0.8112993127454241,4,64
BV08TR_0018,61,0.8083691654249163,3,64
BV08TR_0018,62,0.8054827534546154,2,64
BV08TR_0018,63,0.8024634886439174,1,64
BV08TR_0018,64,0.7995722455781242,0,64
BV08TR_0019,0,1.006655803578408,87,87
BV08TR_0019,1,1.0043735677775252,86,87
BV08TR_0019,2,1.0019900283718783,85,87
BV08TR_0019,3,0.999656954275274,84,87
BV08TR_0019,4,0.997256989122072,83,87
BV08TR_0019,5,0.9948458221946818,82,87
BV08TR_0019,6,0.9925291769443895,81,87
BV08TR_0019,7,0.99010116584496,80,87
BV08TR_0019,8,0.9878514115307758,79,87
BV08TR_0019,9,0.9854792543903448,78,87
BV08TR_0019,10,0.983038818484497,77,87
BV08TR_0019,11,0.98070043532171,76,87
BV08TR_0019,12,0.978364407957972,75,87
BV08TR_0019,13,0.9760356974468675,74,87
BV08TR_0019,14,0.9737697444473742,73,87
BV08TR_0019,15,0.9714372596102138,72,87
BV08TR_0019,16,0.9691204550889804,71,87
BV08TR_0019,17,0.9667350036758132,70,87
BV08TR_0019,18,0.9642990047546388,69,87
BV08TR_0019,19,0.9618976326900675,68,87
BV08TR_0019,20,0.9595539643852566,67,87
BV08TR_0019,21,0.957061240385638,66,87
BV08TR_0019,22,0.9546470374477186,65,87
BV08TR_0019,23,0.9521695169448962,64,87
BV08TR_0019,24,0.9497183904591194,63,87
BV08TR_0019,25,0.9472550440531645,62,87
BV08TR_0019,26,0.9447827474549418,61,87
BV08TR_0019,27,0.9422712621899518,60,87
BV08TR_0019,28,0.93988142188025,59,87
BV08TR_0019,29,0.9373191992438622,58,87
BV08TR_0019,30,0.9347911420731224,57,87
BV08TR_0019,31,0.9322967921011774,56,87
BV08TR_0019,32,0.9297820591139305,55,87
BV08TR_0019,33,0.9273941863751256,54,87
BV08TR_0019,34,0.9250726912937582,53,87
BV08TR_0019,35,0.9225914242605502,52,87
BV08TR_0019,36,0.9201296718465262,51,87
BV08TR_0019,37,0.9175743729133294,50,87
BV08TR_0019,38,0.9150008021239455,49,87
BV08TR_0019,39,0.912514299595948,48,87
BV08TR_0019,40,0.910017892231653,47,87
BV08TR_0019,41,0.9075662051830552,46,87
BV08TR_0019,42,0.9050233360794508,45,87
BV08TR_0019,43,0.9026369633384917,44,87
BV08TR_0019,44,0.9001646510486782,43,87
BV08TR_0019,45,0.8977873897649882,42,87
BV08TR_0019,46,0.8953150608470847,41,87
BV08TR_0019,47,0.8929254116964104,40,87
BV08TR_0019,48,0.8905225761296884,39,87
BV08TR_0019,49,0.888123435896039,38,87
BV08TR_0019,50,0.8857507692295521,37,87
BV08TR_0019,51,0.8833647753996295,36,87
BV08TR_0019,52,0.880953373259707,35,87
BV08TR_0019,53,0.8785692929135286,34,87
BV08TR_0019,54,0.8762267955682111,33,87
BV08TR_0019,55,0.8738729896637939,32,87
BV08TR_0019,56,0.8713305297655926,31,87
BV08TR_0019,57,0.8689484277244774,30,87
BV08TR_0019,58,0.8664736418900681,29,87
BV08TR_0019,59,0.8642614418635046,28,87
BV08TR_0019,60,0.8618956131685559,27,87
BV08TR_0019,61,0.8595900698068071,26,87
BV08TR_0019,62,0.8571175952025515,25,87
BV08TR_0019,63,0.8546695480303385,24,87
BV08TR_0019,64,0.852297929220798,23,87
BV08TR_0019,65,0.8499523909060319,22,87
BV08TR_0019,66,0.847641034759413,21,87
BV08TR_0019,67,0.8452887139070606,20,87
BV08TR_0019,68,0.8428487470444952,19,87
BV08TR_0019,69,0.8405147101212997,18,87
BV08TR_0019,70,0.8381675312280166,17,87
BV08TR_0019,71,0.835784691278156,16,87
BV08TR_0019,72,0.8334347069646167,15,87
BV08TR_0019,73,0.8310147756771964,14,87
BV08TR_0019,74,0.8287290880509759,13,87
BV08TR_0019,75,0.8264174718901433,12,87
BV08TR_0019,76,0.8240457711148614,11,87
BV08TR_0019,77,0.8216274169896486,10,87
BV08TR_0019,78,0.8192768646888005,9,87
BV08TR_0019,79,0.8169804114883928,8,87
BV08TR_0019,80,0.8146609497807628,7,87
BV08TR_0019,81,0.8122386291084513,6,87
BV08TR_0019,82,0.8099009589936408,5,87
BV08TR_0019,83,0.807517678453678,4,87
BV08TR_0019,84,0.8051187759306359,3,87
BV08TR_0019,85,0.802723648289726,2,87
BV08TR_0019,86,0.800356813515654,1,87
BV08TR_0019,87,0.7980356877271362,0,87
BV08TR_0020,0,0.9804962570909128,86,86
BV08TR_0020,1,0.9783725337744565,85,86
BV08TR_0020,2,0.9761922681169792,84,86
BV08TR_0020,3,0.9739877320089314,83,86
BV08TR_0020,4,0.9718467770947115,82,86
BV08TR_0020,5,0.9697069112451708,81,86
BV08TR_0020,6,0.967633526706002,80,86
BV08TR_0020,7,0.9655349155602012,79,86
BV08TR_0020,8,0.9634256092102752,78,86
BV08TR_0020,9,0.9612869139719634,77,86
BV08TR_0020,10,0.9590224003781014,76,86
BV08TR_0020,11,0.9568285945345418,75,86
BV08TR_0020,12,0.9547563853551284,74,86
BV08TR_0020,13,0.9524704405540352,73,86
BV08TR_0020,14,0.950296414146677,72,86
BV08TR_0020,15,0.9481416993134052,71,86
BV08TR_0020,16,0.9459264130305396,70,86
BV08TR_0020,17,0.9438323786511023,69,86
BV08TR_0020,18,0.941709275089244,68,86
BV08TR_0020,19,0.9395337333516947,67,86
BV08TR_0020,20,0.9374300410152724,66,86
BV08TR_0020,21,0.9352790050941924,65,86
BV08TR_0020,22,0.9329877496904092,64,86
BV08TR_0020,23,0.9309296137020684,63,86
BV08TR_0020,24,0.9288405488249304,62,86
BV08TR_0020,25,0.9267336103112545,61,86
BV08TR_0020,26,0.924611018040758,60,86
BV08TR_0020,27,0.9224190733572561,59,86
BV08TR_0020,28,0.9202798690058448,58,86
BV08TR_0020,29,0.9180783899891948,57,86
BV08TR_0020,30,0.9159777662077584,56,86
BV08TR_0020,31,0.913984126887078,55,86
BV08TR_0020,32,0.9119313775594964,54,86
BV08TR_0020,33,0.909971174717142,53,86
BV08TR_0020,34,0.907966681341747,52,86
BV08TR_0020,35,0.905919030142811,51,86
BV08TR_0020,36,0.903814013206178,50,86
BV08TR_0020,37,0.9017430457799404,49,86
BV08TR_0020,38,0.8997199095425762,48,86
BV08TR_0020,39,0.8976287599169606,47,86
BV08TR_0020,40,0.8955236788065458,46,86
BV08TR_0020,41,0.8934498393036036,45,86
BV08TR_0020,42,0.8914009271822726,44,86
BV08TR_0020,43,0.8894041116797498,43,86
BV08TR_0020,44,0.887394097200111,42,86
BV08TR_0020,45,0.8853588191748595,41,86
BV08TR_0020,46,0.8832903619296294,40,86
BV08TR_0020,47,0.8812113842375382,39,86
BV08TR_0020,48,0.8790909734203722,38,86
BV08TR_0020,49,0.8770711769367076,37,86
BV08TR_0020,50,0.8750638779683597,36,86
BV08TR_0020,51,0.8730027210403334,35,86
BV08TR_0020,52,0.8709205034969488,34,86
BV08TR_0020,53,0.8688256086484784,33,86
BV08TR_0020,54,0.8668074414304682,32,86
BV08TR_0020,55,0.864657608077344,31,86
BV08TR_0020,56,0.8626020587007115,30,86
BV08TR_0020,57,0.8604853523575619,29,86
BV08TR_0020,58,0.8583428170825911,28,86
BV08TR_0020,59,0.8562596617210939,27,86
BV08TR_0020,60,0.8541507090915119,26,86
BV08TR_0020,61,0.8520104772492375,25,86
BV08TR_0020,62,0.8499058267647275,24,86
BV08TR_0020,63,0.8477945211315215,23,86
BV08TR_0020,64,0.84572760833871,22,86
BV08TR_0020,65,0.8436056181546951,21,86
BV08TR_0020,66,0.8414723927094151,20,86
BV08TR_0020,67,0.8394183928788751,19,86
BV08TR_0020,68,0.837254238766758,18,86
BV08TR_0020,69,0.835073210523101,17,86
BV08TR_0020,70,0.8329385174094973,16,86
BV08TR_0020,71,0.8307499111079538,15,86
BV08TR_0020,72,0.8286282496599343,14,86
BV08TR_0020,73,0.8263680189024296,13,86
BV08TR_0020,74,0.824226946428911,12,86
BV08TR_0020,75,0.8220463794373885,11,86
BV08TR_0020,76,0.8198674656181645,10,86
BV08TR_0020,77,0.8177728350392324,9,86
BV08TR_0020,78,0.8157036576726088,8,86
BV08TR_0020,79,0.8135218111543835,7,86
BV08TR_0020,80,0.8113815486316821,6,86
BV08TR_0020,81,0.809215987001841,5,86
BV08TR_0020,82,0.8070813326951919,4,86
BV08TR_0020,83,0.8048601214536822,3,86
BV08TR_0020,84,0.8027018954585146,2,86
BV08TR_0020,85,0.8005167036347108,1,86
BV08TR_0020,86,0.798276290598605,0,86
BV08TR_0021,0,0.997612185173124,58,58
BV08TR_0021,1,0.9942750273695218,57,58
BV08TR_0021,2,0.9908041934132777,56,58
BV08TR_0021,3,0.9873859177107462,55,58
BV08TR_0021,4,0.984020684766038,54,58
BV08TR_0021,5,0.9806220780665293,53,58
BV08TR_0021,6,0.9772011863467884,52,58
BV08TR_0021,7,0.97382462328087,51,58
BV08TR_0021,8,0.970289562890616,50,58
BV08TR_0021,9,0.9669280502587602,49,58
BV08TR_0021,10,0.963551634594599,48,58
BV08TR_0021,11,0.960157634739742,47,58
BV08TR_0021,12,0.9567965175838526,46,58
BV08TR_0021,13,0.9535224368459884,45,58
BV08TR_0021,14,0.9501314015740824,44,58
BV08TR_0021,15,0.9468752484951768,43,58
BV08TR_0021,16,0.9435255177627585,42,58
BV08TR_0021,17,0.9402497832540034,41,58
BV08TR_0021,18,0.93684723205064,40,58
BV08TR_0021,19,0.9335591319881525,39,58
BV08TR_0021,20,0.9302324544947884,38,58
BV08TR_0021,21,0.927036295642316,37,58
BV08TR_0021,22,0.9236912176785906,36,58
BV08TR_0021,23,0.9203939221701316,35,58
BV08TR_0021,24,0.91693298576297,34,58
BV08TR_0021,25,0.9135007693347926,33,58
BV08TR_0021,26,0.9101418102468254,32,58
BV08TR_0021,27,0.9068553211113165,31,58
BV08TR_0021,28,0.903516409277222,30,58
BV08TR_0021,29,0.9003003989800009,29,58
BV08TR_0021,30,0.8969004970935794,28,58
BV08TR_0021,31,0.8933855373672648,27,58
BV08TR_0021,32,0.8900341080813987,26,58
BV08TR_0021,33,0.8865451824174053,25,58
BV08TR_0021,34,0.8830639118009121,24,58
BV08TR_0021,35,0.879517198119725,23,58
BV08TR_0021,36,0.876076011062299,22,58
BV08TR_0021,37,0.8726614053607159,21,58
BV08TR_0021,38,0.8691819031707864,20,58
BV08TR_0021,39,0.8657706607533284,19,58
BV08TR_0021,40,0.8623193210602788,18,58
BV08TR_0021,41,0.8586994064487364,17,58
BV08TR_0021,42,0.8551499869332175,16,58
BV08TR_0021,43,0.8516313779370087,15,58
BV08TR_0021,44,0.8481040907323179,14,58
BV08TR_0021,45,0.8445186366845736,13,58
BV08TR_0021,46,0.8411092649573672,12,58
BV08TR_0021,47,0.8376255514981602,11,58
BV08TR_0021,48,0.8342244149817448,10,58
BV08TR_0021,49,0.8306748801089971,9,58
BV08TR_0021,50,0.8270913502919278,8,58
BV08TR_0021,51,0.8235884338022412,7,58
BV08TR_0021,52,0.820100318264245,6,58
BV08TR_0021,53,0.8167336615544323,5,58
BV08TR_0021,54,0.8132728680696175,4,58
BV08TR_0021,55,0.8097873393964699,3,58
BV08TR_0021,56,0.8062842939430319,2,58
BV08TR_0021,57,0.8027562561016528,1,58
BV08TR_0021,58,0.79941705816144,0,58
BV08TR_0022,0,0.9613646833045864,49,49
BV08TR_0022,1,0.9582474286846246,48,49
BV08TR_0022,2,0.955069675859468,47,49
BV08TR_0022,3,0.9518091153811238,46,49
BV08TR_0022,4,0.9485157182433,45,49
BV08TR_0022,5,0.945135727657246,44,49
BV08TR_0022,6,0.9419381842618718,43,49
BV08TR_0022,7,0.9386282143532652,42,49
BV08TR_0022,8,0.9351626528604065,41,49
BV08TR_0022,9,0.9320710925442078,40,49
BV08TR_0022,10,0.9288934950986186,39,49
BV08TR_0022,11,0.9255777617512795,38,49
BV08TR_0022,12,0.9225265693023202,37,49
BV08TR_0022,13,0.91942793057521,36,49
BV08TR_0022,14,0.9163677321096846,35,49
BV08TR_0022,15,0.9130660426466584,34,49
BV08TR_0022,16,0.9098879172400746,33,49
BV08TR_0022,17,0.9066451119517844,32,49
BV08TR_0022,18,0.9033411753190824,31,49
BV08TR_0022,19,0.8998679447523158,30,49
BV08TR_0022,20,0.8965455769341343,29,49
BV08TR_0022,21,0.8932345596316176,28,49
BV08TR_0022,22,0.8899237105879833,27,49
BV08TR_0022,23,0.8866565401195576,26,49
BV08TR_0022,24,0.8833347776620388,25,49
BV08TR_0022,25,0.8800801995764628,24,49
BV08TR_0022,26,0.8768083399738404,23,49
BV08TR_0022,27,0.873429431293903,22,49
BV08TR_0022,28,0.8701408745838132,21,49
BV08TR_0022,29,0.8668775063833155,20,49
BV08TR_0022,30,0.8634449758088396,19,49
BV08TR_0022,31,0.8599923445178441,18,49
BV08TR_0022,32,0.8565868310819938,17,49
BV08TR_0022,33,0.8531146504290754,16,49
BV08TR_0022,34,0.849554389615069,15,49
BV08TR_0022,35,0.8462190259874578,14,49
BV08TR_0022,36,0.8427676911760015,13,49
BV08TR_0022,37,0.8394771376886198,12,49
BV08TR_0022,38,0.8361148456635533,11,49
BV08TR_0022,39,0.832690507481794,10,49
BV08TR_0022,40,0.829257293619878,9,49
BV08TR_0022,41,0.825734544026736,8,49
BV08TR_0022,42,0.822361253695236,7,49
BV08TR_0022,43,0.8187862560577485,6,49
BV08TR_0022,44,0.8154158332900061,5,49
BV08TR_0022,45,0.8119903075195491,4,49
BV08TR_0022,46,0.8087534861499646,3,49
BV08TR_0022,47,0.8053653066136393,2,49
BV08TR_0022,48,0.8019531851962375,1,49
BV08TR_0022,49,0.7984265352349277,0,49
BV08TR_0023,0,1.0213955960135725,84,84
BV08TR_0023,1,1.0187604056413249,83,84
BV08TR_0023,2,1.0161220904099948,82,84
BV08TR_0023,3,1.0134990995057964,81,84
BV08TR_0023,4,1.010866182299124,80,84
BV08TR_0023,5,1.0081190997504224,79,84
BV08TR_0023,6,1.005404904788179,78,84
BV08TR_0023,7,1.0029145866787041,77,84
BV08TR_0023,8,1.0002900255242104,76,84
BV08TR_0023,9,0.9976235646792234,75,84
BV08TR_0023,10,0.995023671610832,74,84
BV08TR_0023,11,0.99251202271023,73,84
BV08TR_0023,12,0.989868329066496,72,84
BV08TR_0023,13,0.987257218587614,71,84
BV08TR_0023,14,0.984669697095688,70,84
BV08TR_0023,15,0.9820406244790065,69,84
BV08TR_0023,16,0.9795026782034664,68,84
BV08TR_0023,17,0.977002793220196,67,84
BV08TR_0023,18,0.9744238229543458,66,84
BV08TR_0023,19,0.9717127437842052,65,84
BV08TR_0023,20,0.9691216303315539,64,84
BV08TR_0023,21,0.966473806998722,63,84
BV08TR_0023,22,0.9638499883167788,62,84
BV08TR_0023,23,0.961206798713613,61,84
BV08TR_0023,24,0.958579409882433,60,84
BV08TR_0023,25,0.9559421840030928,59,84
BV08TR_0023,26,0.9533789753995118,58,84
BV08TR_0023,27,0.950760462774988,57,84
BV08TR_0023,28,0.9480801870839218,56,84
BV08TR_0023,29,0.945385532344276,55,84
BV08TR_0023,30,0.942801744892166,54,84
BV08TR_0023,31,0.940141334133792,53,84
BV08TR_0023,32,0.93751703996136,52,84
BV08TR_0023,33,0.934966093253384,51,84
BV08TR_0023,34,0.9324246791265992,50,84
BV08TR_0023,35,0.92989694280103,49,84
BV08TR_0023,36,0.9273339241688392,48,84
BV08TR_0023,37,0.9246664129877632,47,84
BV08TR_0023,38,0.9219573565376004,46,84
BV08TR_0023,39,0.9193138797186154,45,84
BV08TR_0023,40,0.9166766341206224,44,84
BV08TR_0023,41,0.9139973374413038,43,84
BV08TR_0023,42,0.9112880888633592,42,84
BV08TR_0023,43,0.9085023149358288,41,84
BV08TR_0023,44,0.905785432231338,40,84
BV08TR_0023,45,0.9031218377069852,39,84
BV08TR_0023,46,0.900368118203185,38,84
BV08TR_0023,47,0.8976895673915385,37,84
BV08TR_0023,48,0.8949500688046328,36,84
BV08TR_0023,49,0.8922455494721333,35,84
BV08TR_0023,50,0.8895823275568566,34,84
BV08TR_0023,51,0.8868757799068028,33,84
BV08TR_0023,52,0.8840906342093325,32,84
BV08TR_0023,53,0.8813800902793582,31,84
BV08TR_0023,54,0.878790276159835,30,84
BV08TR_0023,55,0.876097730022992,29,84
BV08TR_0023,56,0.8733307123739872,28,84
BV08TR_0023,57,0.8706237348384619,27,84
BV08TR_0023,58,0.8679529074169652,26,84
BV08TR_0023,59,0.8653067536614822,25,84
BV08TR_0023,60,0.8626089012503299,24,84
BV08TR_0023,61,0.8599960296552925,23,84
BV08TR_0023,62,0.8573840849562028,22,84
BV08TR_0023,63,0.8546100430340606,21,84
BV08TR_0023,64,0.8518803215069434,20,84
BV08TR_0023,65,0.849195145760273,19,84
BV08TR_0023,66,0.8466183655070043,18,84
BV08TR_0023,67,0.8439136173796331,17,84
BV08TR_0023,68,0.8412466163591065,16,84
BV08TR_0023,69,0.8386325953222236,15,84
BV08TR_0023,70,0.8359365385312855,14,84
BV08TR_0023,71,0.8332701142149883,13,84
BV08TR_0023,72,0.8306688914395362,12,84
BV08TR_0023,73,0.8280910005568686,11,84
BV08TR_0023,74,0.8255512256586641,10,84
BV08TR_0023,75,0.8229584542047892,9,84
BV08TR_0023,76,0.8203191489944424,8,84
BV08TR_0023,77,0.817737429478868,7,84
BV08TR_0023,78,0.8152117897240463,6,84
BV08TR_0023,79,0.8126437745113702,5,84
BV08TR_0023,80,0.8100785726221088,4,84
BV08TR_0023,81,0.8074148502156977,3,84
BV08TR_0023,82,0.8048379454687334,2,84
BV08TR_0023,83,0.8023592046133874,1,84
BV08TR_0023,84,0.7998203030340872,0,84
BV08TR_0024,0,1.016002779916064,94,94
BV08TR_0024,1,1.0136889311046335,93,94
BV08TR_0024,2,1.0112861604196763,92,94
BV08TR_0024,3,1.0089611932243163,91,94
BV08TR_0024,4,1.00663523627846,90,94
BV08TR_0024,5,1.0043547384854115,89,94
BV08TR_0024,6,1.0020064825683954,88,94
BV08TR_0024,7,0.9996702273479295,87,94
BV08TR_0024,8,0.9973230528074593,86,94
BV08TR_0024,9,0.9949714276700844,85,94
BV08TR_0024,10,0.9927317978650845,84,94
BV08TR_0024,11,0.9904026094047484,83,94
BV08TR_0024,12,0.9881418564897235,82,94
BV08TR_0024,13,0.9857785836997872,81,94
BV08TR_0024,14,0.9834832878977615,80,94
BV08TR_0024,15,0.9812159451706918,79,94
BV08TR_0024,16,0.9788523121819932,78,94
BV08TR_0024,17,0.9765630836086332,77,94
BV08TR_0024,18,0.9741854743849876,76,94
BV08TR_0024,19,0.9718556144521944,75,94
BV08TR_0024,20,0.969561327302864,74,94
BV08TR_0024,21,0.9672012360627026,73,94
BV08TR_0024,22,0.9649259598992265,72,94
BV08TR_0024,23,0.9625686330768084,71,94
BV08TR_0024,24,0.9601593060109718,70,94
BV08TR_0024,25,0.9578335496820332,69,94
BV08TR_0024,26,0.9554929508361159,68,94
BV08TR_0024,27,0.9532323463392308,67,94
BV08TR_0024,28,0.9508863841559626,66,94
BV08TR_0024,29,0.9484537123452385,65,94
BV08TR_0024,30,0.9460872510764844,64,94
BV08TR_0024,31,0.9437691642472612,63,94
BV08TR_0024,32,0.9414544608865324,62,94
BV08TR_0024,33,0.939093570825318,61,94
BV08TR_0024,34,0.9368794429084106,60,94
BV08TR_0024,35,0.9345760243371912,59,94
BV08TR_0024,36,0.9322457773757384,58,94
BV08TR_0024,37,0.9301194926091781,57,94
BV08TR_0024,38,0.927874900145178,56,94
BV08TR_0024,39,0.9256487232906564,55,94
BV08TR_0024,40,0.9233639558663715,54,94
BV08TR_0024,41,0.9210283048696019,53,94
BV08TR_0024,42,0.9187505599588468,52,94
BV08TR_0024,43,0.916511826237238,51,94
BV08TR_0024,44,0.914216068774994,50,94
BV08TR_0024,45,0.911886471351262,49,94
BV08TR_0024,46,0.9096685263560514,48,94
BV08TR_0024,47,0.9074309911771684,47,94
BV08TR_0024,48,0.905226285426204,46,94
BV08TR_0024,49,0.9029417007611245,45,94
BV08TR_0024,50,0.9006748755136681,44,94
BV08TR_0024,51,0.898468539184865,43,94
BV08TR_0024,52,0.8962303175748504,42,94
BV08TR_0024,53,0.893971815784473,41,94
BV08TR_0024,54,0.891799256602929,40,94
BV08TR_0024,55,0.8895738268258967,39,94
BV08TR_0024,56,0.8872709310039995,38,94
BV08TR_0024,57,0.8850999614167697,37,94
BV08TR_0024,58,0.882941808117038,36,94
BV08TR_0024,59,0.8806699598783303,35,94
BV08TR_0024,60,0.8784176247474611,34,94
BV08TR_0024,61,0.8761447632494462,33,94
BV08TR_0024,62,0.8738320004220258,32,94
BV08TR_0024,63,0.8714886322781085,31,94
BV08TR_0024,64,0.8693005044415568,30,94
BV08TR_0024,65,0.8669394758986916,29,94
BV08TR_0024,66,0.8646989211177696,28,94
BV08TR_0024,67,0.862459340079836,27,94
BV08TR_0024,68,0.8601981555701104,26,94
BV08TR_0024,69,0.857988799589748,25,94
BV08TR_0024,70,0.8557237073511127,24,94
BV08TR_0024,71,0.8534335804865263,23,94
BV08TR_0024,72,0.8511083951332465,22,94
BV08TR_0024,73,0.8488793800934274,21,94
BV08TR_0024,74,0.8466756603971372,20,94
BV08TR_0024,75,0.8444660525660458,19,94
BV08TR_0024,76,0.8420905175673487,18,94
BV08TR_0024,77,0.8397937294150222,17,94
BV08TR_0024,78,0.8373913563390074,16,94
BV08TR_0024,79,0.8351065345883796,15,94
BV08TR_0024,80,0.83284295808002,14,94
BV08TR_0024,81,0.8304239387741316,13,94
BV08TR_0024,82,0.82808583979939,12,94
BV08TR_0024,83,0.8257222310566175,11,94
BV08TR_0024,84,0.8233468375919368,10,94
BV08TR_0024,85,0.8210549244767764,9,94
BV08TR_0024,86,0.8187698570841708,8,94
BV08TR_0024,87,0.8163644467688516,7,94
BV08TR_0024,88,0.8139358495255414,6,94
BV08TR_0024,89,0.8115302320426745,5,94
BV08TR_0024,90,0.8092261397636472,4,94
BV08TR_0024,91,0.8068652176586699,3,94
BV08TR_0024,92,0.8044809337009337,2,94
BV08TR_0024,93,0.802075151048533,1,94
BV08TR_0024,94,0.7996668931856571,0,94
BV08TR_0025,0,0.9531037835148672,68,68
BV08TR_0025,1,0.9508117039327925,67,68
BV08TR_0025,2,0.9486403679982954,66,68
BV08TR_0025,3,0.946497878888154,65,68
BV08TR_0025,4,0.9441944097923844,64,68
BV08TR_0025,5,0.9419472706055574,63,68
BV08TR_0025,6,0.9396986153105005,62,68
BV08TR_0025,7,0.9374452068761224,61,68
BV08TR_0025,8,0.935211189615328,60,68
BV08TR_0025,9,0.9329737499903288,59,68
BV08TR_0025,10,0.9307126296733432,58,68
BV08TR_0025,11,0.9284349214669306,57,68
BV08TR_0025,12,0.9262027705969148,56,68
BV08TR_0025,13,0.9238889989217204,55,68
BV08TR_0025,14,0.9216169191216522,54,68
BV08TR_0025,15,0.9192518254887728,53,68
BV08TR_0025,16,0.9168974210689455,52,68
BV08TR_0025,17,0.914709330583053,51,68
BV08TR_0025,18,0.912494410705823,50,68
BV08TR_0025,19,0.9102445842446972,49,68
BV08TR_0025,20,0.908047830673348,48,68
BV08TR_0025,21,0.9056896398929745,47,68
BV08TR_0025,22,0.9033348702321015,46,68
BV08TR_0025,23,0.9010609865903364,45,68
BV08TR_0025,24,0.898769987684602,44,68
BV08TR_0025,25,0.8964511333148505,43,68
BV08TR_0025,26,0.8941619041877202,42,68
BV08TR_0025,27,0.8918643681473195,41,68
BV08TR_0025,28,0.889508197131658,40,68
BV08TR_0025,29,0.8871275943447542,39,68
BV08TR_0025,30,0.884876203419036,38,68
BV08TR_0025,31,0.8825464748449078,37,68
BV08TR_0025,32,0.8802701378608228,36,68
BV08TR_0025,33,0.877955822296041,35,68
BV08TR_0025,34,0.8757038973350998,34,68
BV08TR_0025,35,0.8733716469749748,33,68
BV08TR_0025,36,0.8711497980615595,32,68
BV08TR_0025,37,0.8688418418453119,31,68
BV08TR_0025,38,0.8666006933037651,30,68
BV08TR_0025,39,0.8643783907354067,29,68
BV08TR_0025,40,0.8621560882842092,28,68
BV08TR_0025,41,0.8599301896158634,27,68
BV08TR_0025,42,0.8576753190552908,26,68
BV08TR_0025,43,0.8553751683057071,25,68
BV08TR_0025,44,0.853128253142919,24,68
BV08TR_0025,45,0.8508456454322992,23,68
BV08TR_0025,46,0.8486518456717302,22,68
BV08TR_0025,47,0.846408489719581,21,68
BV08TR_0025,48,0.8441767605304611,20,68
BV08TR_0025,49,0.8419672834916977,19,68
BV08TR_0025,50,0.8398290017931449,18,68
BV08TR_0025,51,0.8376080663460479,17,68
BV08TR_0025,52,0.8354183611635414,16,68
BV08TR_0025,53,0.8332697141835038,15,68
BV08TR_0025,54,0.8310205159766402,14,68
BV08TR_0025,55,0.8287671021431152,13,68
BV08TR_0025,56,0.8265181803745743,12,68
BV08TR_0025,57,0.8243250025961547,11,68
BV08TR_0025,58,0.8221319437698484,10,68
BV08TR_0025,59,0.8198668538117964,9,68
BV08TR_0025,60,0.8177275873087078,8,68
BV08TR_0025,61,0.8155511788468103,7,68
BV08TR_0025,62,0.8132265719292635,6,68
BV08TR_0025,63,0.8110382985992112,5,68
BV08TR_0025,64,0.8088782791544086,4,68
BV08TR_0025,65,0.8066801668644218,3,68
BV08TR_0025,66,0.8043938325300685,2,68
BV08TR_0025,67,0.802101413911318,1,68
BV08TR_0025,68,0.7999416730337662,0,68
BV08TR_0026,0,0.9960781175692004,77,77
BV08TR_0026,1,0.9934474113049865,76,77
BV08TR_0026,2,0.9909294505234482,75,77
BV08TR_0026,3,0.9883297177405594,74,77
BV08TR_0026,4,0.9856481006968292,73,77
BV08TR_0026,5,0.9829937638177128,72,77
BV08TR_0026,6,0.9803999049462554,71,77
BV08TR_0026,7,0.9777723529484438,70,77
BV08TR_0026,8,0.9753159068710467,69,77
BV08TR_0026,9,0.9728257032612975,68,77
BV08TR_0026,10,0.9703708151389544,67,77
BV08TR_0026,11,0.9678508318112043,66,77
BV08TR_0026,12,0.9651904224998846,65,77
BV08TR_0026,13,0.9626895680826252,64,77
BV08TR_0026,14,0.9602043588973054,63,77
BV08TR_0026,15,0.9577202262482778,62,77
BV08TR_0026,16,0.9551514364610943,61,77
BV08TR_0026,17,0.9527438925053424,60,77
BV08TR_0026,18,0.9501888335830319,59,77
BV08TR_0026,19,0.9477280779096765,58,77
BV08TR_0026,20,0.9451897050457858,57,77
BV08TR_0026,21,0.9427117563635617,56,77
BV08TR_0026,22,0.9401772753878385,55,77
BV08TR_0026,23,0.937649622895682,54,77
BV08TR_0026,24,0.9351702587651356,53,77
BV08TR_0026,25,0.9326218008992704,52,77
BV08TR_0026,26,0.9300449557276061,51,77
BV08TR_0026,27,0.9276469781516122,50,77
BV08TR_0026,28,0.925168186508828,49,77
BV08TR_0026,29,0.9226482598242036,48,77
BV08TR_0026,30,0.9201933781803392,47,77
BV08TR_0026,31,0.917774931106592,46,77
BV08TR_0026,32,0.9153119397570532,45,77
BV08TR_0026,33,0.9127693384281145,44,77
BV08TR_0026,34,0.9103500463679924,43,77
BV08TR_0026,35,0.907944290845974,42,77
BV08TR_0026,36,0.9053879183693782,41,77
BV08TR_0026,37,0.9027918949073228,40,77
BV08TR_0026,38,0.9002811001597104,39,77
BV08TR_0026,39,0.8977903115636726,38,77
BV08TR_0026,40,0.8953500450412896,37,77
BV08TR_0026,41,0.8928710740589734,36,77
BV08TR_0026,42,0.8904045825637366,35,77
BV08TR_0026,43,0.8878898573176529,34,77
BV08TR_0026,44,0.8853000862294226,33,77
BV08TR_0026,45,0.8828386807155232,32,77
BV08TR_0026,46,0.8803201969539494,31,77
BV08TR_0026,47,0.8777617841352748,30,77
BV08TR_0026,48,0.8752210522981482,29,77
BV08TR_0026,49,0.8726715792932668,28,77
BV08TR_0026,50,0.8700580874310982,27,77
BV08TR_0026,51,0.8673803826760123,26,77
BV08TR_0026,52,0.8648534902071435,25,77
BV08TR_0026,53,0.862225512893796,24,77
BV08TR_0026,54,0.8595995432982172,23,77
BV08TR_0026,55,0.8569883346569115,22,77
BV08TR_0026,56,0.8544027731244205,21,77
BV08TR_0026,57,0.8518536277840075,20,77
BV08TR_0026,58,0.8493130850474165,19,77
BV08TR_0026,59,0.8466557104001345,18,77
BV08TR_0026,60,0.8440138952120378,17,77
BV08TR_0026,61,0.8413246632117118,16,77
BV08TR_0026,62,0.8386896837750832,15,77
BV08TR_0026,63,0.8361358807490069,14,77
BV08TR_0026,64,0.8334820902557988,13,77
BV08TR_0026,65,0.8309696290720398,12,77
BV08TR_0026,66,0.828283837000996,11,77
BV08TR_0026,67,0.8257053883006398,10,77
BV08TR_0026,68,0.8232406329721788,9,77
BV08TR_0026,69,0.8206932681583029,8,77
BV08TR_0026,70,0.8180734108604105,7,77
BV08TR_0026,71,0.8154252820994268,6,77
BV08TR_0026,72,0.8127943158479876,5,77
BV08TR_0026,73,0.8102598466429406,4,77
BV08TR_0026,74,0.8076913586968496,3,77
BV08TR_0026,75,0.8051349071771242,2,77
BV08TR_0026,76,0.8026319696260362,1,77
BV08TR_0026,77,0.799984177513957,0,77
BV08TR_0027,0,0.998660581555916,61,61
BV08TR_0027,1,0.9956749775711884,60,61
BV08TR_0027,2,0.99248425325633,59,61
BV08TR_0027,3,0.9893328149084516,58,61
BV08TR_0027,4,0.9861839982510022,57,61
BV08TR_0027,5,0.982965404569799,56,61
BV08TR_0027,6,0.9798157644558824,55,61
BV08TR_0027,7,0.9766259757736035,54,61
BV08TR_0027,8,0.9735501055304464,53,61
BV08TR_0027,9,0.970249574767095,52,61
BV08TR_0027,10,0.9671064688444714,51,61
BV08TR_0027,11,0.9638736481879304,50,61
BV08TR_0027,12,0.960612165823104,49,61
BV08TR_0027,13,0.9573252211814202,48,61
BV08TR_0027,14,0.9540295522960552,47,61
BV08TR_0027,15,0.9509328959903524,46,61
BV08TR_0027,16,0.9477130754070427,45,61
BV08TR_0027,17,0.944521764074638,44,61
BV08TR_0027,18,0.9412065860192144,43,61
BV08TR_0027,19,0.9379213543663455,42,61
BV08TR_0027,20,0.9346541426568428,41,61
BV08TR_0027,21,0.931238085776542,40,61
BV08TR_0027,22,0.9278993772807974,39,61
BV08TR_0027,23,0.9246539520099106,38,61
BV08TR_0027,24,0.92133892486891,37,61
BV08TR_0027,25,0.917983060720712,36,61
BV08TR_0027,26,0.9146728760398565,35,61
BV08TR_0027,27,0.911445065263358,34,61
BV08TR_0027,28,0.9080351414698418,33,61
BV08TR_0027,29,0.904683323916781,32,61
BV08TR_0027,30,0.9012718159749274,31,61
BV08TR_0027,31,0.8978555923972068,30,61
BV08TR_0027,32,0.8944761878832314,29,61
BV08TR_0027,33,0.8911834525111388,28,61
BV08TR_0027,34,0.887795327815546,27,61
BV08TR_0027,35,0.8845185525835885,26,61
BV08TR_0027,36,0.8811381637598549,25,61
BV08TR_0027,37,0.8778711072265422,24,61
BV08TR_0027,38,0.8745268697396326,23,61
BV08TR_0027,39,0.8711833119399749,22,61
BV08TR_0027,40,0.8678628109885484,21,61
BV08TR_0027,41,0.864616935970819,20,61
BV08TR_0027,42,0.8613274311523845,19,61
BV08TR_0027,43,0.858021892845578,18,61
BV08TR_0027,44,0.8547981824565172,17,61
BV08TR_0027,45,0.8515629790755754,16,61
BV08TR_0027,46,0.8482958110851413,15,61
BV08TR_0027,47,0.8449145215031171,14,61
BV08TR_0027,48,0.8415897381220484,13,61
BV08TR_0027,49,0.8382586492279661,12,61
BV08TR_0027,50,0.8351334720387793,11,61
BV08TR_0027,51,0.8318665857831735,10,61
BV08TR_0027,52,0.8285110714486978,9,61
BV08TR_0027,53,0.8251739120210506,8,61
BV08TR_0027,54,0.8218782752316689,7,61
BV08TR_0027,55,0.8186648295979218,6,61
BV08TR_0027,56,0.8155771306100075,5,61
BV08TR_0027,57,0.8123927034868692,4,61
BV08TR_0027,58,0.8091303224149061,3,61
BV08TR_0027,59,0.8058158203888186,2,61
BV08TR_0027,60,0.802693407852333,1,61
BV08TR_0027,61,0.7993922181324945,0,61
BV08TR_0028,0,0.9731240009220604,76,76
BV08TR_0028,1,0.9708132733280042,75,76
BV08TR_0028,2,0.9685274662667832,74,76
BV08TR_0028,3,0.9662419958204532,73,76
BV08TR_0028,4,0.9638654806997465,72,76
BV08TR_0028,5,0.961555373927498,71,76
BV08TR_0028,6,0.9593139253058292,70,76
BV08TR_0028,7,0.957053168547609,69,76
BV08TR_0028,8,0.954743097356938,68,76
BV08TR_0028,9,0.9523951121587295,67,76
BV08TR_0028,10,0.9501567994900565,66,76
BV08TR_0028,11,0.9478024676875728,65,76
BV08TR_0028,12,0.9454640045283155,64,76
BV08TR_0028,13,0.9430811537164484,63,76
BV08TR_0028,14,0.9408150205901585,62,76
BV08TR_0028,15,0.9384940395291692,61,76
BV08TR_0028,16,0.9361389639117574,60,76
BV08TR_0028,17,0.9337324611952538,59,76
BV08TR_0028,18,0.9313442474298165,58,76
BV08TR_0028,19,0.928935922815651,57,76
BV08TR_0028,20,0.9266837103496872,56,76
BV08TR_0028,21,0.9243228972985598,55,76
BV08TR_0028,22,0.9219469060681855,54,76
BV08TR_0028,23,0.9196321589485228,53,76
BV08TR_0028,24,0.9172362605965604,52,76
BV08TR_0028,25,0.9148113224319084,51,76
BV08TR_0028,26,0.9125115762425062,50,76
BV08TR_0028,27,0.910182105342765,49,76
BV08TR_0028,28,0.9078016411814568,48,76
BV08TR_0028,29,0.9055477668960282,47,76
BV08TR_0028,30,0.9032684339633364,46,76
BV08TR_0028,31,0.90093393426964,45,76
BV08TR_0028,32,0.8986258154711805,44,76
BV08TR_0028,33,0.8964138024241584,43,76
BV08TR_0028,34,0.8940898215230334,42,76
BV08TR_0028,35,0.891866203649892,41,76
BV08TR_0028,36,0.8895087647392474,40,76
BV08TR_0028,37,0.8872752441239007,39,76
BV08TR_0028,38,0.8850443063462309,38,76
BV08TR_0028,39,0.8826136212265742,37,76
BV08TR_0028,40,0.880240814105876,36,76
BV08TR_0028,41,0.8779619478454748,35,76
BV08TR_0028,42,0.8756234515484175,34,76
BV08TR_0028,43,0.8732845076797239,33,76
BV08TR_0028,44,0.8709092857196508,32,76
BV08TR_0028,45,0.8685692289446714,31,76
BV08TR_0028,46,0.8663160567464865,30,76
BV08TR_0028,47,0.8640393731446234,29,76
BV08TR_0028,48,0.8618483141371639,28,76
BV08TR_0028,49,0.8596189835697894,27,76
BV08TR_0028,50,0.8572943794705205,26,76
BV08TR_0028,51,0.8549188721907642,25,76
BV08TR_0028,52,0.8527596926398827,24,76
BV08TR_0028,53,0.8505192800737308,23,76
BV08TR_0028,54,0.8481872703445913,22,76
BV08TR_0028,55,0.8460199861855678,21,76
BV08TR_0028,56,0.8438020411615818,20,76
BV08TR_0028,57,0.8416183862131725,19,76
BV08TR_0028,58,0.839448543910677,18,76
BV08TR_0028,59,0.8372098633727914,17,76
BV08TR_0028,60,0.8349675547262747,16,76
BV08TR_0028,61,0.8327350267866768,15,76
BV08TR_0028,62,0.830529454307764,14,76
BV08TR_0028,63,0.8283452726449945,13,76
BV08TR_0028,64,0.826144588323738,12,76
BV08TR_0028,65,0.8238654460263868,11,76
BV08TR_0028,66,0.8216202000127918,10,76
BV08TR_0028,67,0.8193232631851954,9,76
BV08TR_0028,68,0.8170519726380441,8,76
BV08TR_0028,69,0.814811783768084,7,76
BV08TR_0028,70,0.8125819623311082,6,76
BV08TR_0028,71,0.8103870116787601,5,76
BV08TR_0028,72,0.8080867608350855,4,76
BV08TR_0028,73,0.8058081021335861,3,76
BV08TR_0028,74,0.8034899303442598,2,76
BV08TR_0028,75,0.801224862069624,1,76
BV08TR_0028,76,0.7989523008520087,0,76
BV08TR_0029,0,1.0423979260222136,118,118
BV08TR_0029,1,1.040416463222436,117,118
BV08TR_0029,2,1.038378488300464,116,118
BV08TR_0029,3,1.0364687290098973,115,118
BV08TR_0029,4,1.0344939929408936,114,118
BV08TR_0029,5,1.0325096351850815,113,118
BV08TR_0029,6,1.0304495717895272,112,118
BV08TR_0029,7,1.0283367169092705,111,118
BV08TR_0029,8,1.0263155175071625,110,118
BV08TR_0029,9,1.0242261450804215,109,118
BV08TR_0029,10,1.0221661318330701,108,118
BV08TR_0029,11,1.0200591596028212,107,118
BV08TR_0029,12,1.017983445646502,106,118
BV08TR_0029,13,1.0158802580767095,105,118
BV08TR_0029,14,1.0138561915967546,104,118
BV08TR_0029,15,1.0117424035808458,103,118
BV08TR_0029,16,1.0096482202067085,102,118
BV08TR_0029,17,1.007501330957164,101,118
BV08TR_0029,18,1.0053883229427314,100,118
BV08TR_0029,19,1.003366954584515,99,118
BV08TR_0029,20,1.0011988284286804,98,118
BV08TR_0029,21,0.9991279822660588,97,118
BV08TR_0029,22,0.9970879403220402,96,118
BV08TR_0029,23,0.9949364798302796,95,118
BV08TR_0029,24,0.992780150056604,94,118
BV08TR_0029,25,0.9906863155011066,93,118
BV08TR_0029,26,0.9886015489988392,92,118
BV08TR_0029,27,0.9864064935453092,91,118
BV08TR_0029,28,0.984356964832163,90,118
BV08TR_0029,29,0.9822544958421672,89,118
BV08TR_0029,30,0.980213708402214,88,118
BV08TR_0029,31,0.978129597488974,87,118
BV08TR_0029,32,0.9760429466608184,86,118
BV08TR_0029,33,0.9739176350198918,85,118
BV08TR_0029,34,0.971850281374948,84,118
BV08TR_0029,35,0.9698049143564929,83,118
BV08TR_0029,36,0.9677573384969826,82,118
BV08TR_0029,37,0.965603083992693,81,118
BV08TR_0029,38,0.963559151477006,80,118
BV08TR_0029,39,0.961479821467594,79,118
BV08TR_0029,40,0.9594088858258863,78,118
BV08TR_0029,41,0.957331577952412,77,118
BV08TR_0029,42,0.9552328962937592,76,118
BV08TR_0029,43,0.9532042561590192,75,118
BV08TR_0029,44,0.9511616292106936,74,118
BV08TR_0029,45,0.9491705410387186,73,118
BV08TR_0029,46,0.947140567846081,72,118
BV08TR_0029,47,0.9451115361613095,71,118
BV08TR_0029,48,0.9431632552034952,70,118
BV08TR_0029,49,0.9411843553861888,69,118
BV08TR_0029,50,0.9392275689059075,68,118
BV08TR_0029,51,0.9372585854991864,67,118
BV08TR_0029,52,0.9352672083229675,66,118
BV08TR_0029,53,0.9332676808811748,65,118
BV08TR_0029,54,0.931285337642015,64,118
BV08TR_0029,55,0.9292619029118644,63,118
BV08TR_0029,56,0.9272430327246088,62,118
BV08TR_0029,57,0.9251577027344358,61,118
BV08TR_0029,58,0.9230789071021072,60,118
BV08TR_0029,59,0.9210907452595368,59,118
BV08TR_0029,60,0.919103625355884,58,118
BV08TR_0029,61,0.9171200131990962,57,118
BV08TR_0029,62,0.915003676886092,56,118
BV08TR_0029,63,0.9130239909710062,55,118
BV08TR_0029,64,0.9109917253155118,54,118
BV08TR_0029,65,0.9089836081346915,53,118
BV08TR_0029,66,0.907073552881336,52,118
BV08TR_0029,67,0.904964696195374,51,118
BV08TR_0029,68,0.9029660340001018,50,118
BV08TR_0029,69,0.9009380897104704,49,118
BV08TR_0029,70,0.8988884405026066,48,118
BV08TR_0029,71,0.8968013612833491,47,118
BV08TR_0029,72,0.894755028985531,46,118
BV08TR_0029,73,0.892652936363015,45,118
BV08TR_0029,74,0.8904996042578102,44,118
BV08TR_0029,75,0.8883874750055037,43,118
BV08TR_0029,76,0.8863841944718254,42,118
BV08TR_0029,77,0.884319496580228,41,118
BV08TR_0029,78,0.8822615165650376,40,118
BV08TR_0029,79,0.8802018962029896,39,118
BV08TR_0029,80,0.8781377976262803,38,118
BV08TR_0029,81,0.8761191058736606,37,118
BV08TR_0029,82,0.87397565736748,36,118
BV08TR_0029,83,0.8718629946872738,35,118
BV08TR_0029,84,0.8697177661460243,34,118
BV08TR_0029,85,0.8676339741933007,33,118
BV08TR_0029,86,0.8655843298131822,32,118
BV08TR_0029,87,0.8634451064469691,31,118
BV08TR_0029,88,0.8612912057975864,30,118
BV08TR_0029,89,0.85915046608453,29,118
BV08TR_0029,90,0.857052719153504,28,118
BV08TR_0029,91,0.8549805650069205,27,118
BV08TR_0029,92,0.8528963421487445,26,118
BV08TR_0029,93,0.8508441494676054,25,118
BV08TR_0029,94,0.8488152767156638,24,118
BV08TR_0029,95,0.8467529469944116,23,118
BV08TR_0029,96,0.8446583797739722,22,118
BV08TR_0029,97,0.84251694893572,21,118
BV08TR_0029,98,0.8404596850695407,20,118
BV08TR_0029,99,0.8383528969029972,19,118
BV08TR_0029,100,0.8362909771797324,18,118
BV08TR_0029,101,0.8342069160933094,17,118
BV08TR_0029,102,0.8321601283030255,16,118
BV08TR_0029,103,0.8301203675086326,15,118
BV08TR_0029,104,0.8280481076551063,14,118
BV08TR_0029,105,0.825935135062536,13,118
BV08TR_0029,106,0.8238714302571069,12,118
BV08TR_0029,107,0.8217743750299664,11,118
BV08TR_0029,108,0.8197954915973771,10,118
BV08TR_0029,109,0.8177779829691316,9,118
BV08TR_0029,110,0.8158836422745167,8,118
BV08TR_0029,111,0.8137457680651938,7,118
BV08TR_0029,112,0.8117004062767985,6,118
BV08TR_0029,113,0.8096397842494495,5,118
BV08TR_0029,114,0.8075747414647662,4,118
BV08TR_0029,115,0.8055587139839395,3,118
BV08TR_0029,116,0.8035292508408849,2,118
BV08TR_0029,117,0.8015553274932824,1,118
BV08TR_0029,118,0.7996106059940776,0,118
BV08TR_0030,0,0.9845550455412018,70,70
BV08TR_0030,1,0.982003197060825,69,70
BV08TR_0030,2,0.9792497069407285,68,70
BV08TR_0030,3,0.9765771298433015,67,70
BV08TR_0030,4,0.974100656390862,66,70
BV08TR_0030,5,0.9714248246279275,65,70
BV08TR_0030,6,0.9686523905136004,64,70
BV08TR_0030,7,0.9659679673391918,63,70
BV08TR_0030,8,0.9632277420112728,62,70
BV08TR_0030,9,0.9604450504431395,61,70
BV08TR_0030,10,0.9577722270994746,60,70
BV08TR_0030,11,0.9550048977492784,59,70
BV08TR_0030,12,0.952202338728839,58,70
BV08TR_0030,13,0.9494572935077606,57,70
BV08TR_0030,14,0.9467465422963742,56,70
BV08TR_0030,15,0.9439539645691092,55,70
BV08TR_0030,16,0.9412030704320002,54,70
BV08TR_0030,17,0.9384769175907912,53,70
BV08TR_0030,18,0.9357206786263466,52,70
BV08TR_0030,19,0.9330382287495186,51,70
BV08TR_0030,20,0.9303051439019338,50,70
BV08TR_0030,21,0.9276346112572516,49,70
BV08TR_0030,22,0.9249707950752262,48,70
BV08TR_0030,23,0.922347513254243,47,70
BV08TR_0030,24,0.91946223627988,46,70
BV08TR_0030,25,0.9166827841655502,45,70
BV08TR_0030,26,0.9139313052375002,44,70
BV08TR_0030,27,0.9111562632558822,43,70
BV08TR_0030,28,0.90837522469233,42,70
BV08TR_0030,29,0.905824910335246,41,70
BV08TR_0030,30,0.9031942421148986,40,70
BV08TR_0030,31,0.9005314992427259,39,70
BV08TR_0030,32,0.8979458739855597,38,70
BV08TR_0030,33,0.8953604005661556,37,70
BV08TR_0030,34,0.8926906997177523,36,70
BV08TR_0030,35,0.890001512894204,35,70
BV08TR_0030,36,0.887317938388535,34,70
BV08TR_0030,37,0.884591832500708,33,70
BV08TR_0030,38,0.881941988360628,32,70
BV08TR_0030,39,0.879239971726104,31,70
BV08TR_0030,40,0.8766602268576962,30,70
BV08TR_0030,41,0.8740809527228885,29,70
BV08TR_0030,42,0.871516720301375,28,70
BV08TR_0030,43,0.8689583624488507,27,70
BV08TR_0030,44,0.8664053804537014,26,70
BV08TR_0030,45,0.8637446765947566,25,70
BV08TR_0030,46,0.8612592444165748,24,70
BV08TR_0030,47,0.8587174254988063,23,70
BV08TR_0030,48,0.856103721803463,22,70
BV08TR_0030,49,0.8535695844941587,21,70
BV08TR_0030,50,0.8508901954685149,20,70
BV08TR_0030,51,0.8484485112700438,19,70
BV08TR_0030,52,0.8457532799540936,18,70
BV08TR_0030,53,0.8432163202814424,17,70
BV08TR_0030,54,0.8406924853389687,16,70
BV08TR_0030,55,0.8381145109010866,15,70
BV08TR_0030,56,0.8355379277833386,14,70
BV08TR_0030,57,0.832850052123245,13,70
BV08TR_0030,58,0.8300878426063134,12,70
BV08TR_0030,59,0.8274020281736081,11,70
BV08TR_0030,60,0.8247457732429486,10,70
BV08TR_0030,61,0.8221970032683384,9,70
BV08TR_0030,62,0.819532287929484,8,70
BV08TR_0030,63,0.8167073015699886,7,70
BV08TR_0030,64,0.8140609883514864,6,70
BV08TR_0030,65,0.8114372698261442,5,70
BV08TR_0030,66,0.808706394932679,4,70
BV08TR_0030,67,0.8059580511255472,3,70
BV08TR_0030,68,0.8032631329203892,2,70
BV08TR_0030,69,0.8005376586757007,1,70
BV08TR_0030,70,0.797803514691195,0,70
BV08TR_0031,0,0.9926693822014,92,92
BV08TR_0031,1,0.9905512630039222,91,92
BV08TR_0031,2,0.9884124643480244,90,92
BV08TR_0031,3,0.9863597395818,89,92
BV08TR_0031,4,0.9842117980021184,88,92
BV08TR_0031,5,0.982031381763476,87,92
BV08TR_0031,6,0.9798755390484046,86,92
BV08TR_0031,7,0.977756726358484,85,92
BV08TR_0031,8,0.9755351727584565,84,92
BV08TR_0031,9,0.9734128164751182,83,92
BV08TR_0031,10,0.9713272395838064,82,92
BV08TR_0031,11,0.969109735684328,81,92
BV08TR_0031,12,0.9669712087477198,80,92
BV08TR_0031,13,0.9648057129216308,79,92
BV08TR_0031,14,0.9627471976585692,78,92
BV08TR_0031,15,0.960562322881622,77,92
BV08TR_0031,16,0.958488201604691,76,92
BV08TR_0031,17,0.9562656540907576,75,92
BV08TR_0031,18,0.9541704975440422,74,92
BV08TR_0031,19,0.952013384088252,73,92
BV08TR_0031,20,0.9498637426938334,72,92
BV08TR_0031,21,0.9477917550633174,71,92
BV08TR_0031,22,0.9457344479125094,70,92
BV08TR_0031,23,0.94352675954941,69,92
BV08TR_0031,24,0.941424977709893,68,92
BV08TR_0031,25,0.9393073242418568,67,92
BV08TR_0031,26,0.9371685413317075,66,92
BV08TR_0031,27,0.9351343583391764,65,92
BV08TR_0031,28,0.93305448975993,64,92
BV08TR_0031,29,0.930990553886682,63,92
BV08TR_0031,30,0.9288958142569912,62,92
BV08TR_0031,31,0.9268104657434284,61,92
BV08TR_0031,32,0.92478615074847,60,92
BV08TR_0031,33,0.922692453285346,59,92
BV08TR_0031,34,0.920601670527382,58,92
BV08TR_0031,35,0.9185410267110942,57,92
BV08TR_0031,36,0.916554496801376,56,92
BV08TR_0031,37,0.9144769997004714,55,92
BV08TR_0031,38,0.9123603308634135,54,92
BV08TR_0031,39,0.9103704745131292,53,92
BV08TR_0031,40,0.9082865534012625,52,92
BV08TR_0031,41,0.9062193558312036,51,92
BV08TR_0031,42,0.9042094770753974,50,92
BV08TR_0031,43,0.9021328666118106,49,92
BV08TR_0031,44,0.9000651530137844,48,92
BV08TR_0031,45,0.8980308877355067,47,92
BV08TR_0031,46,0.8959633914229941,46,92
BV08TR_0031,47,0.8938873649894459,45,92
BV08TR_0031,48,0.8918368545847901,44,92
BV08TR_0031,49,0.8898305563511273,43,92
BV08TR_0031,50,0.8877851128808592,42,92
BV08TR_0031,51,0.8856956058403871,41,92
BV08TR_0031,52,0.8836281748079985,40,92
BV08TR_0031,53,0.8815712359572692,39,92
BV08TR_0031,54,0.8795564604840994,38,92
BV08TR_0031,55,0.8775721964054056,37,92
BV08TR_0031,56,0.8755790416376058,36,92
BV08TR_0031,57,0.8735113097563008,35,92
BV08TR_0031,58,0.8714523291475713,34,92
BV08TR_0031,59,0.8693593428676442,33,92
BV08TR_0031,60,0.8673067929854227,32,92
BV08TR_0031,61,0.8652624043100947,31,92
BV08TR_0031,62,0.863204161710237,30,92
BV08TR_0031,63,0.861114224267371,29,92
BV08TR_0031,64,0.8590030030489862,28,92
BV08TR_0031,65,0.8569137507365211,27,92
BV08TR_0031,66,0.8549129014575555,26,92
BV08TR_0031,67,0.8528387910294573,25,92
BV08TR_0031,68,0.8507242281504873,24,92
BV08TR_0031,69,0.8486856510825208,23,92
BV08TR_0031,70,0.8466529115127545,22,92
BV08TR_0031,71,0.8445473885968298,21,92
BV08TR_0031,72,0.8425119022196622,20,92
BV08TR_0031,73,0.8404559649466908,19,92
BV08TR_0031,74,0.8382563400259919,18,92
BV08TR_0031,75,0.8360670140979136,17,92
BV08TR_0031,76,0.8339395100928786,16,92
BV08TR_0031,77,0.831829379947241,15,92
BV08TR_0031,78,0.8296997633556322,14,92
BV08TR_0031,79,0.8275596506530464,13,92
BV08TR_0031,80,0.8253793127972794,12,92
BV08TR_0031,81,0.8231666937143963,11,92
BV08TR_0031,82,0.8209889646453752,10,92
BV08TR_0031,83,0.8187664730029869,9,92
BV08TR_0031,84,0.8165864814879538,8,92
BV08TR_0031,85,0.8144876754511526,7,92
BV08TR_0031,86,0.8123523663024244,6,92
BV08TR_0031,87,0.8102408360229185,5,92
BV08TR_0031,88,0.8081941352620794,4,92
BV08TR_0031,89,0.8060776816873289,3,92
BV08TR_0031,90,0.8039997681549853,2,92
BV08TR_0031,91,0.8018932114542271,1,92
BV08TR_0031,92,0.7997668543241566,0,92
BV08TR_0032,0,0.9718390667722172,85,85
BV08TR_0032,1,0.9696870064387636,84,85
BV08TR_0032,2,0.9675637453862045,83,85
BV08TR_0032,3,0.9654475174514958,82,85
BV08TR_0032,4,0.963374522796774,81,85
BV08TR_0032,5,0.9614111603868506,80,85
BV08TR_0032,6,0.9592463262644874,79,85
BV08TR_0032,7,0.9571840824084392,78,85
BV08TR_0032,8,0.9550404658447316,77,85
BV08TR_0032,9,0.952950921258589,76,85
BV08TR_0032,10,0.9509440888252302,75,85
BV08TR_0032,11,0.9489819564469903,74,85
BV08TR_0032,12,0.946935216242881,73,85
BV08TR_0032,13,0.944897213814128,72,85
BV08TR_0032,14,0.9428136626577232,71,85
BV08TR_0032,15,0.9407644730062996,70,85
BV08TR_0032,16,0.9387120807865232,69,85
BV08TR_0032,17,0.9366177496135712,68,85
BV08TR_0032,18,0.9345135965881085,67,85
BV08TR_0032,19,0.9323782154368886,66,85
BV08TR_0032,20,0.9303495192555032,65,85
BV08TR_0032,21,0.9283390421491586,64,85
BV08TR_0032,22,0.9262769131613076,63,85
BV08TR_0032,23,0.92416289257401,62,85
BV08TR_0032,24,0.9221635634413068,61,85
BV08TR_0032,25,0.9201596990496768,60,85
BV08TR_0032,26,0.918186175051571,59,85
BV08TR_0032,27,0.9161208893626306,58,85
BV08TR_0032,28,0.9140934477460976,57,85
BV08TR_0032,29,0.9122342314707522,56,85
BV08TR_0032,30,0.9102315458486024,55,85
BV08TR_0032,31,0.908204415824408,54,85
BV08TR_0032,32,0.9061149985979232,53,85
BV08TR_0032,33,0.9040875086812974,52,85
BV08TR_0032,34,0.902104774091468,51,85
BV08TR_0032,35,0.9000567262258294,50,85
BV08TR_0032,36,0.8980448305973932,49,85
BV08TR_0032,37,0.8961008706835353,48,85
BV08TR_0032,38,0.8941542755960415,47,85
BV08TR_0032,39,0.8921635545057162,46,85
BV08TR_0032,40,0.8902113907531392,45,85
BV08TR_0032,41,0.8882067983024211,44,85
BV08TR_0032,42,0.8861658125338535,43,85
BV08TR_0032,43,0.8842166104587093,42,85
BV08TR_0032,44,0.8823114143675111,41,85
BV08TR_0032,45,0.8804105845122469,40,85
BV08TR_0032,46,0.8784548666932225,39,85
BV08TR_0032,47,0.8764877808256041,38,85
BV08TR_0032,48,0.8744557220408699,37,85
BV08TR_0032,49,0.8724314750850533,36,85
BV08TR_0032,50,0.8705025916140966,35,85
BV08TR_0032,51,0.8684931383513976,34,85
BV08TR_0032,52,0.8664168198311442,33,85
BV08TR_0032,53,0.8644269511809262,32,85
BV08TR_0032,54,0.8623853616694402,31,85
BV08TR_0032,55,0.8603744394014848,30,85
BV08TR_0032,56,0.858363320800318,29,85
BV08TR_0032,57,0.8563744304259693,28,85
BV08TR_0032,58,0.8543202665800087,27,85
BV08TR_0032,59,0.8522475279702258,26,85
BV08TR_0032,60,0.8502469684132012,25,85
BV08TR_0032,61,0.8481683722551255,24,85
BV08TR_0032,62,0.8461485839848727,23,85
BV08TR_0032,63,0.8440591706919267,22,85
BV08TR_0032,64,0.8418958260450492,21,85
BV08TR_0032,65,0.8398389708964531,20,85
BV08TR_0032,66,0.8377053272831747,19,85
BV08TR_0032,67,0.8357325947079726,18,85
BV08TR_0032,68,0.8336084456659808,17,85
BV08TR_0032,69,0.8314877495553558,16,85
BV08TR_0032,70,0.8293788446890624,15,85
BV08TR_0032,71,0.8272815979126258,14,85
BV08TR_0032,72,0.8252472556991145,13,85
BV08TR_0032,73,0.8231820834353452,12,85
BV08TR_0032,74,0.8211016884141162,11,85
BV08TR_0032,75,0.8189781573420083,10,85
BV08TR_0032,76,0.8168495630723261,9,85
BV08TR_0032,77,0.8147135042048319,8,85
BV08TR_0032,78,0.8126518203321069,7,85
BV08TR_0032,79,0.8105689981477492,6,85
BV08TR_0032,80,0.8086071138209538,5,85
BV08TR_0032,81,0.8065135586959005,4,85
BV08TR_0032,82,0.8044391074660707,3,85
BV08TR_0032,83,0.8023609356215455,2,85
BV08TR_0032,84,0.8002973015661087,1,85
BV08TR_0032,85,0.7982648649450568,0,85
BV08TR_0033,0,1.0372288799132554,81,81
BV08TR_0033,1,1.034488247384862,80,81
BV08TR_0033,2,1.031652334470666,79,81
BV08TR_0033,3,1.0287571352452891,78,81
BV08TR_0033,4,1.0259843364462882,77,81
BV08TR_0033,5,1.023146079397887,76,81
BV08TR_0033,6,1.0202584312802585,75,81
BV08TR_0033,7,1.0173212754446126,74,81
BV08TR_0033,8,1.0145803998809382,73,81
BV08TR_0033,9,1.0118402715910901,72,81
BV08TR_0033,10,1.009219426690957,71,81
BV08TR_0033,11,1.0065620402073656,70,81
BV08TR_0033,12,1.003787140993555,69,81
BV08TR_0033,13,1.0011583689047363,68,81
BV08TR_0033,14,0.9984120095726124,67,81
BV08TR_0033,15,0.9956535361342125,66,81
BV08TR_0033,16,0.992859681996754,65,81
BV08TR_0033,17,0.9903505831367602,64,81
BV08TR_0033,18,0.987588311336753,63,81
BV08TR_0033,19,0.9848855331346744,62,81
BV08TR_0033,20,0.9820978765858744,61,81
BV08TR_0033,21,0.9794556627696848,60,81
BV08TR_0033,22,0.9768297118830088,59,81
BV08TR_0033,23,0.9741190277808705,58,81
BV08TR_0033,24,0.9714604709717696,57,81
BV08TR_0033,25,0.968752802979512,56,81
BV08TR_0033,26,0.966041483567667,55,81
BV08TR_0033,27,0.9632747313615226,54,81
BV08TR_0033,28,0.9605518325060636,53,81
BV08TR_0033,29,0.9578481056016785,52,81
BV08TR_0033,30,0.9551272488111225,51,81
BV08TR_0033,31,0.9524089363362725,50,81
BV08TR_0033,32,0.9497090719343212,49,81
BV08TR_0033,33,0.9470238331299442,48,81
BV08TR_0033,34,0.9442966502719435,47,81
BV08TR_0033,35,0.9415592375824134,46,81
BV08TR_0033,36,0.9387909164721372,45,81
BV08TR_0033,37,0.9360819044849655,44,81
BV08TR_0033,38,0.9333025295970389,43,81
BV08TR_0033,39,0.9306733425233314,42,81
BV08TR_0033,40,0.9279797046512765,41,81
BV08TR_0033,41,0.9253834739154468,40,81
BV08TR_0033,42,0.9226154352325345,39,81
BV08TR_0033,43,0.9199382046143092,38,81
BV08TR_0033,44,0.9173140323888846,37,81
BV08TR_0033,45,0.9144954776713828,36,81
BV08TR_0033,46,0.9118156909824826,35,81
BV08TR_0033,47,0.9090160461354782,34,81
BV08TR_0033,48,0.9062003932175606,33,81
BV08TR_0033,49,0.9034509577488216,32,81
BV08TR_0033,50,0.9005699084041539,31,81
BV08TR_0033,51,0.8976542919893684,30,81
BV08TR_0033,52,0.8949011054071973,29,81
BV08TR_0033,53,0.8921822288963196,28,81
BV08TR_0033,54,0.8892289506327646,27,81
BV08TR_0033,55,0.8864773279213612,26,81
BV08TR_0033,56,0.8836225849557743,25,81
BV08TR_0033,57,0.8809147414095396,24,81
BV08TR_0033,58,0.8781159050656818,23,81
BV08TR_0033,59,0.875312159830391,22,81
BV08TR_0033,60,0.8724981516283788,21,81
BV08TR_0033,61,0.8697006055346235,20,81
BV08TR_0033,62,0.8668113438457441,19,81
BV08TR_0033,63,0.8640129957605985,18,81
BV08TR_0033,64,0.8611715536375733,17,81
BV08TR_0033,65,0.8584175166918311,16,81
BV08TR_0033,66,0.8556156521621485,15,81
BV08TR_0033,67,0.8527500113101245,14,81
BV08TR_0033,68,0.849968607098699,13,81
BV08TR_0033,69,0.8471366658322038,12,81
BV08TR_0033,70,0.8442247228368918,11,81
BV08TR_0033,71,0.8415275090006632,10,81
BV08TR_0033,72,0.8372655881868328,9,81
BV08TR_0033,73,0.8330055312196822,8,81
BV08TR_0033,74,0.8286955321590014,7,81
BV08TR_0033,75,0.8242767519720261,6,81
BV08TR_0033,76,0.820014276734312,5,81
BV08TR_0033,77,0.8158652182982336,4,81
BV08TR_0033,78,0.8116006031950941,3,81
BV08TR_0033,79,0.8074884711660615,2,81
BV08TR_0033,80,0.8032276303447766,1,81
BV08TR_0033,81,0.7991014836422894,0,81
BV08TR_0034,0,0.9912414113707672,65,65
BV08TR_0034,1,0.988464048660433,64,65
BV08TR_0034,2,0.9857561398571132,63,65
BV08TR_0034,3,0.9829464756842732,62,65
BV08TR_0034,4,0.9801613715708224,61,65
BV08TR_0034,5,0.9774167846192985,60,65
BV08TR_0034,6,0.974693344211656,59,65
BV08TR_0034,7,0.9719849209987373,58,65
BV08TR_0034,8,0.9691267359115328,57,65
BV08TR_0034,9,0.9663114100279805,56,65
BV08TR_0034,10,0.963672855807652,55,65
BV08TR_0034,11,0.9608550967682966,54,65
BV08TR_0034,12,0.958102344700426,53,65
BV08TR_0034,13,0.9552750802644462,52,65
BV08TR_0034,14,0.9525362220286944,51,65
BV08TR_0034,15,0.9498030599455738,50,65
BV08TR_0034,16,0.947052292012294,49,65
BV08TR_0034,17,0.9442632014812182,48,65
BV08TR_0034,18,0.9415880722280454,47,65
BV08TR_0034,19,0.9387680727845196,46,65
BV08TR_0034,20,0.9360110816577725,45,65
BV08TR_0034,21,0.9333614330087364,44,65
BV08TR_0034,22,0.9306389483014595,43,65
BV08TR_0034,23,0.9279444467926438,42,65
BV08TR_0034,24,0.9251716098657367,41,65
BV08TR_0034,25,0.922487455121348,40,65
BV08TR_0034,26,0.9197017494768548,39,65
BV08TR_0034,27,0.9170109484806058,38,65
BV08TR_0034,28,0.9142762108800172,37,65
BV08TR_0034,29,0.9113781742758545,36,65
BV08TR_0034,30,0.908542481941212,35,65
BV08TR_0034,31,0.9057327345382724,34,65
BV08TR_0034,32,0.902955305157094,33,65
BV08TR_0034,33,0.9001624317288252,32,65
BV08TR_0034,34,0.8973532595416944,31,65
BV08TR_0034,35,0.8944933433542525,30,65
BV08TR_0034,36,0.8916016468894047,29,65
BV08TR_0034,37,0.8888559068661662,28,65
BV08TR_0034,38,0.886026663508279,27,65
BV08TR_0034,39,0.8831909269339964,26,65
BV08TR_0034,40,0.8803251699076545,25,65
BV08TR_0034,41,0.8775401106066434,24,65
BV08TR_0034,42,0.8746919132087958,23,65
BV08TR_0034,43,0.8718320995737323,22,65
BV08TR_0034,44,0.8688976351504653,21,65
BV08TR_0034,45,0.8661527115111286,20,65
BV08TR_0034,46,0.8632357881500992,19,65
BV08TR_0034,47,0.8603810056592228,18,65
BV08TR_0034,48,0.8567902143472653,17,65
BV08TR_0034,49,0.8532595113825941,16,65
BV08TR_0034,50,0.849824076791156,15,65
BV08TR_0034,51,0.8463868028428162,14,65
BV08TR_0034,52,0.8428578116099972,13,65
BV08TR_0034,53,0.8391985522520792,12,65
BV08TR_0034,54,0.8356216044849986,11,65
BV08TR_0034,55,0.8321754199773062,10,65
BV08TR_0034,56,0.8285027233397418,9,65
BV08TR_0034,57,0.8248661175834328,8,65
BV08TR_0034,58,0.8213948759120673,7,65
BV08TR_0034,59,0.8178642510125841,6,65
BV08TR_0034,60,0.8144056877597664,5,65
BV08TR_0034,61,0.8109850902471677,4,65
BV08TR_0034,62,0.8075012971812328,3,65
BV08TR_0034,63,0.8040075512950987,2,65
BV08TR_0034,64,0.8005685328553792,1,65
BV08TR_0034,65,0.7971169282710548,0,65
BV08TR_0035,0,0.9907290881903368,65,65
BV08TR_0035,1,0.987765519193188,64,65
BV08TR_0035,2,0.9848337159927706,63,65
BV08TR_0035,3,0.9821192047249852,62,65
BV08TR_0035,4,0.9792638144464708,61,65
BV08TR_0035,5,0.9763055653313525,60,65
BV08TR_0035,6,0.9733926827720508,59,65
BV08TR_0035,7,0.9705177260806036,58,65
BV08TR_0035,8,0.9676642895025288,57,65
BV08TR_0035,9,0.9647640077394566,56,65
BV08TR_0035,10,0.9619394485180778,55,65
BV08TR_0035,11,0.9590915586737292,54,65
BV08TR_0035,12,0.9560519626876482,53,65
BV08TR_0035,13,0.9530866985944246,52,65
BV08TR_0035,14,0.9501602669276809,51,65
BV08TR_0035,15,0.9471350387632935,50,65
BV08TR_0035,16,0.9442150272002982,49,65
BV08TR_0035,17,0.9411645624559312,48,65
BV08TR_0035,18,0.9382800479462104,47,65
BV08TR_0035,19,0.9354096805403428,46,65
BV08TR_0035,20,0.9324635347046536,45,65
BV08TR_0035,21,0.9293910377286766,44,65
BV08TR_0035,22,0.926432876263616,43,65
BV08TR_0035,23,0.923498006094117,42,65
BV08TR_0035,24,0.920474301676134,41,65
BV08TR_0035,25,0.917407410878186,40,65
BV08TR_0035,26,0.9143789532635435,39,65
BV08TR_0035,27,0.9111358090157075,38,65
BV08TR_0035,28,0.9080624937237164,37,65
BV08TR_0035,29,0.9049728453573718,36,65
BV08TR_0035,30,0.9019816419491246,35,65
BV08TR_0035,31,0.8989826747195695,34,65
BV08TR_0035,32,0.895902121697151,33,65
BV08TR_0035,33,0.8928959774960301,32,65
BV08TR_0035,34,0.8900617010464638,31,65
BV08TR_0035,35,0.8871041632451565,30,65
BV08TR_0035,36,0.8841055559513481,29,65
BV08TR_0035,37,0.8811186666214064,28,65
BV08TR_0035,38,0.8781589053168806,27,65
BV08TR_0035,39,0.875221200724769,26,65
BV08TR_0035,40,0.8724015122919642,25,65
BV08TR_0035,41,0.8693197335238998,24,65
BV08TR_0035,42,0.866443645909074,23,65
BV08TR_0035,43,0.8633229441438902,22,65
BV08TR_0035,44,0.8603696519009908,21,65
BV08TR_0035,45,0.8573984628040345,20,65
BV08TR_0035,46,0.854569882677469,19,65
BV08TR_0035,47,0.8517039380129825,18,65
BV08TR_0035,48,0.8488440877097041,17,65
BV08TR_0035,49,0.8459880280013372,16,65
BV08TR_0035,50,0.8431528541665291,15,65
BV08TR_0035,51,0.8401106818564472,14,65
BV08TR_0035,52,0.8372125473996532,13,65
BV08TR_0035,53,0.8344775488321082,12,65
BV08TR_0035,54,0.8316285852024482,11,65
BV08TR_0035,55,0.8286605661238061,10,65
BV08TR_0035,56,0.8258454339850878,9,65
BV08TR_0035,57,0.8229614124469385,8,65
BV08TR_0035,58,0.8200330778734884,7,65
BV08TR_0035,59,0.8170842743365939,6,65
BV08TR_0035,60,0.814281876609306,5,65
BV08TR_0035,61,0.8113894680209716,4,65
BV08TR_0035,62,0.8085493124324996,3,65
BV08TR_0035,63,0.8056418047159981,2,65
BV08TR_0035,64,0.8027070576860137,1,65
BV08TR_0035,65,0.799793700500044,0,65
BV08TR_0036,0,1.0478402067730885,110,110
BV08TR_0036,1,1.045667817650365,109,110
BV08TR_0036,2,1.0435760394843545,108,110
BV08TR_0036,3,1.0414264174395595,107,110
BV08TR_0036,4,1.0391589357190876,106,110
BV08TR_0036,5,1.037041680584015,105,110
BV08TR_0036,6,1.0349390151261308,104,110
BV08TR_0036,7,1.032784039105464,103,110
BV08TR_0036,8,1.0305340411580415,102,110
BV08TR_0036,9,1.028328144096685,101,110
BV08TR_0036,10,1.0260837599648727,100,110
BV08TR_0036,11,1.0237598807303645,99,110
BV08TR_0036,12,1.0214979804020214,98,110
BV08TR_0036,13,1.0192049434518076,97,110
BV08TR_0036,14,1.0169617798620065,96,110
BV08TR_0036,15,1.0147474573434365,95,110
BV08TR_0036,16,1.0124823892597152,94,110
BV08TR_0036,17,1.0101874581899999,93,110
BV08TR_0036,18,1.007981336243596,92,110
BV08TR_0036,19,1.0056598290483294,91,110
BV08TR_0036,20,1.003424538234138,90,110
BV08TR_0036,21,1.0011448010542956,89,110
BV08TR_0036,22,0.9988352578838552,88,110
BV08TR_0036,23,0.9965047445333752,87,110
BV08TR_0036,24,0.9942350748828874,86,110
BV08TR_0036,25,0.9918817261214472,85,110
BV08TR_0036,26,0.9896393491043034,84,110
BV08TR_0036,27,0.98732736885264,83,110
BV08TR_0036,28,0.9851122732985965,82,110
BV08TR_0036,29,0.982872031016712,81,110
BV08TR_0036,30,0.980512267587088,80,110
BV08TR_0036,31,0.97807196662675,79,110
BV08TR_0036,32,0.9757977598749644,78,110
BV08TR_0036,33,0.973588247482512,77,110
BV08TR_0036,34,0.971336426225974,76,110
BV08TR_0036,35,0.9690942425656222,75,110
BV08TR_0036,36,0.96675437830946,74,110
BV08TR_0036,37,0.9644213698334875,73,110
BV08TR_0036,38,0.9620726351423005,72,110
BV08TR_0036,39,0.9597819847539925,71,110
BV08TR_0036,40,0.9574472466098678,70,110
BV08TR_0036,41,0.9551570726703312,69,110
BV08TR_0036,42,0.9528459224614856,68,110
BV08TR_0036,43,0.9505014023450208,67,110
BV08TR_0036,44,0.9482133548650586,66,110
BV08TR_0036,45,0.9458761156244418,65,110
BV08TR_0036,46,0.9436439462479508,64,110
BV08TR_0036,47,0.9413742675336978,63,110
BV08TR_0036,48,0.9391682516887688,62,110
BV08TR_0036,49,0.936927864241948,61,110
BV08TR_0036,50,0.9346834283920864,60,110
BV08TR_0036,51,0.932442736731174,59,110
BV08TR_0036,52,0.9302356751081846,58,110
BV08TR_0036,53,0.9279715280493706,57,110
BV08TR_0036,54,0.9257766337222108,56,110
BV08TR_0036,55,0.9235916985806106,55,110
BV08TR_0036,56,0.9214487135251181,54,110
BV08TR_0036,57,0.9193280428005584,53,110
BV08TR_0036,58,0.917107246887455,52,110
BV08TR_0036,59,0.9148640294002484,51,110
BV08TR_0036,60,0.9125604977026286,50,110
BV08TR_0036,61,0.9103581523573212,49,110
BV08TR_0036,62,0.9081261290209814,48,110
BV08TR_0036,63,0.9059477946111295,47,110
BV08TR_0036,64,0.9036551362310085,46,110
BV08TR_0036,65,0.9014717643089484,45,110
BV08TR_0036,66,0.899382903228259,44,110
BV08TR_0036,67,0.8972582741147355,43,110
BV08TR_0036,68,0.8949862878398674,42,110
BV08TR_0036,69,0.8927679497467488,41,110
BV08TR_0036,70,0.8906546205779001,40,110
BV08TR_0036,71,0.8885159290011486,39,110
BV08TR_0036,72,0.88629567166092,38,110
BV08TR_0036,73,0.8839798520435918,37,110
BV08TR_0036,74,0.881731040677528,36,110
BV08TR_0036,75,0.8795364280506124,35,110
BV08TR_0036,76,0.877361939788152,34,110
BV08TR_0036,77,0.8749725164134451,33,110
BV08TR_0036,78,0.8728537650411144,32,110
BV08TR_0036,79,0.8707258666552242,31,110
BV08TR_0036,80,0.8684440775679115,30,110
BV08TR_0036,81,0.8662155959446862,29,110
BV08TR_0036,82,0.8639031069433005,28,110
BV08TR_0036,83,0.8616010923745536,27,110
BV08TR_0036,84,0.859388830105538,26,110
BV08TR_0036,85,0.8571848571766238,25,110
BV08TR_0036,86,0.8549605963857906,24,110
BV08TR_0036,87,0.8527916489103454,23,110
BV08TR_0036,88,0.8504577442681097,22,110
BV08TR_0036,89,0.8482138431053166,21,110
BV08TR_0036,90,0.8458493946614032,20,110
BV08TR_0036,91,0.8436052969277485,19,110
BV08TR_0036,92,0.8412693771460269,18,110
BV08TR_0036,93,0.8390655386408029,17,110
BV08TR_0036,94,0.8367613256349375,16,110
BV08TR_0036,95,0.8344602377361116,15,110
BV08TR_0036,96,0.8320318588696461,14,110
BV08TR_0036,97,0.8296859282869764,13,110
BV08TR_0036,98,0.8275288764526608,12,110
BV08TR_0036,99,0.8252819960358909,11,110
BV08TR_0036,100,0.8229943586584776,10,110
BV08TR_0036,101,0.8207353561852105,9,110
BV08TR_0036,102,0.8183291387488532,8,110
BV08TR_0036,103,0.816038001025363,7,110
BV08TR_0036,104,0.8137399192017633,6,110
BV08TR_0036,105,0.8113300321282626,5,110
BV08TR_0036,106,0.809066187989824,4,110
BV08TR_0036,107,0.8067167954368054,3,110
BV08TR_0036,108,0.8044328771423892,2,110
BV08TR_0036,109,0.802048272445345,1,110
BV08TR_0036,110,0.7997145827681033,0,110
BV08TR_0037,0,0.9500865324094372,54,54
BV08TR_0037,1,0.947355676141912,53,54
BV08TR_0037,2,0.9445526108377958,52,54
BV08TR_0037,3,0.941798572122064,51,54
BV08TR_0037,4,0.9389933558125916,50,54
BV08TR_0037,5,0.9362317820454698,49,54
BV08TR_0037,6,0.933532679620982,48,54
BV08TR_0037,7,0.9307263017762918,47,54
BV08TR_0037,8,0.927886060867214,46,54
BV08TR_0037,9,0.9250310789506045,45,54
BV08TR_0037,10,0.9221393284919512,44,54
BV08TR_0037,11,0.9193254288145505,43,54
BV08TR_0037,12,0.9165281122569008,42,54
BV08TR_0037,13,0.9137144566134108,41,54
BV08TR_0037,14,0.9109316020420704,40,54
BV08TR_0037,15,0.9080848761746155,39,54
BV08TR_0037,16,0.9052273493570295,38,54
BV08TR_0037,17,0.9024769795777764,37,54
BV08TR_0037,18,0.8997149727282628,36,54
BV08TR_0037,19,0.8967925426409813,35,54
BV08TR_0037,20,0.89384638562278,34,54
BV08TR_0037,21,0.8910789906073523,33,54
BV08TR_0037,22,0.8882853082690665,32,54
BV08TR_0037,23,0.8854318902290224,31,54
BV08TR_0037,24,0.8826692011807672,30,54
BV08TR_0037,25,0.8797898428744497,29,54
BV08TR_0037,26,0.8768552506504148,28,54
BV08TR_0037,27,0.8741600460494124,27,54
BV08TR_0037,28,0.871468235931678,26,54
BV08TR_0037,29,0.8686017931549844,25,54
BV08TR_0037,30,0.8657898428473426,24,54
BV08TR_0037,31,0.8630737196583177,23,54
BV08TR_0037,32,0.8602060242945144,22,54
BV08TR_0037,33,0.8573899351742446,21,54
BV08TR_0037,34,0.8546354134970696,20,54
BV08TR_0037,35,0.851864548521977,19,54
BV08TR_0037,36,0.8490762016080288,18,54
BV08TR_0037,37,0.8463023600821228,17,54
BV08TR_0037,38,0.843469799724855,16,54
BV08TR_0037,39,0.8405555572863684,15,54
BV08TR_0037,40,0.8377995255075394,14,54
BV08TR_0037,41,0.8350189273935236,13,54
BV08TR_0037,42,0.8323805615951058,12,54
BV08TR_0037,43,0.8297034110646055,11,54
BV08TR_0037,44,0.8269457601538619,10,54
BV08TR_0037,45,0.8241388767045845,9,54
BV08TR_0037,46,0.8213432678401953,8,54
BV08TR_0037,47,0.8185144112788795,7,54
BV08TR_0037,48,0.8157204605808231,6,54
BV08TR_0037,49,0.8130672320514643,5,54
BV08TR_0037,50,0.810393475013444,4,54
BV08TR_0037,51,0.8075969516851219,3,54
BV08TR_0037,52,0.804958145734396,2,54
BV08TR_0037,53,0.8022433378974414,1,54
BV08TR_0037,54,0.7996267319533013,0,54
BV08TR_0038,0,0.9559415620315448,66,66
BV08TR_0038,1,0.9537923893986028,65,66
BV08TR_0038,2,0.9515370345008038,64,66
BV08TR_0038,3,0.9493217216382392,63,66
BV08TR_0038,4,0.9470673191400122,62,66
BV08TR_0038,5,0.9447883369924065,61,66
BV08TR_0038,6,0.9425552598458626,60,66
BV08TR_0038,7,0.940381042610774,59,66
BV08TR_0038,8,0.9381084063767532,58,66
BV08TR_0038,9,0.935906493219126,57,66
BV08TR_0038,10,0.9337112957310286,56,66
BV08TR_0038,11,0.9314236252510426,55,66
BV08TR_0038,12,0.9291349346383844,54,66
BV08TR_0038,13,0.9269245221027094,53,66
BV08TR_0038,14,0.9245927635040464,52,66
BV08TR_0038,15,0.9223565377872924,51,66
BV08TR_0038,16,0.9200346920034747,50,66
BV08TR_0038,17,0.9178364956149174,49,66
BV08TR_0038,18,0.9156075335716164,48,66
BV08TR_0038,19,0.9133927500879634,47,66
BV08TR_0038,20,0.9109473125998074,46,66
BV08TR_0038,21,0.9087938669878024,45,66
BV08TR_0038,22,0.9065147746926971,44,66
BV08TR_0038,23,0.9042386176197558,43,66
BV08TR_0038,24,0.9019523873249278,42,66
BV08TR_0038,25,0.8997075066020614,41,66
BV08TR_0038,26,0.8974691040475131,40,66
BV08TR_0038,27,0.8951971668029066,39,66
BV08TR_0038,28,0.8928788283235114,38,66
BV08TR_0038,29,0.8905406110449355,37,66
BV08TR_0038,30,0.8882197122293143,36,66
BV08TR_0038,31,0.8859981970980797,35,66
BV08TR_0038,32,0.8838169898036141,34,66
BV08TR_0038,33,0.8816154630837238,33,66
BV08TR_0038,34,0.8793558399547059,32,66
BV08TR_0038,35,0.8771585476762868,31,66
BV08TR_0038,36,0.8749342422982385,30,66
BV08TR_0038,37,0.8727464419898752,29,66
BV08TR_0038,38,0.8705396166827484,28,66
BV08TR_0038,39,0.8682286931651918,27,66
BV08TR_0038,40,0.8660029830039576,26,66
BV08TR_0038,41,0.8637517945401046,25,66
BV08TR_0038,42,0.8615350359028255,24,66
BV08TR_0038,43,0.8593420144357699,23,66
BV08TR_0038,44,0.8571244797961262,22,66
BV08TR_0038,45,0.8549980998138339,21,66
BV08TR_0038,46,0.8528893472543402,20,66
BV08TR_0038,47,0.8501903123534938,19,66
BV08TR_0038,48,0.8475574524041276,18,66
BV08TR_0038,49,0.8448351909581143,17,66
BV08TR_0038,50,0.842103621853403,16,66
BV08TR_0038,51,0.8393436008947578,15,66
BV08TR_0038,52,0.8367426459898136,14,66
BV08TR_0038,53,0.834121083588221,13,66
BV08TR_0038,54,0.8314828461139198,12,66
BV08TR_0038,55,0.8288076341328624,11,66
BV08TR_0038,56,0.8261610004364157,10,66
BV08TR_0038,57,0.8234617278938742,9,66
BV08TR_0038,58,0.8209212012439658,8,66
BV08TR_0038,59,0.8182852815572494,7,66
BV08TR_0038,60,0.815623929110935,6,66
BV08TR_0038,61,0.812814354629973,5,66
BV08TR_0038,62,0.8101328559039518,4,66
BV08TR_0038,63,0.8073357653793762,3,66
BV08TR_0038,64,0.8046904627664998,2,66
BV08TR_0038,65,0.8020725636577298,1,66
BV08TR_0038,66,0.7994150163812265,0,66
BV08TR_0039,0,0.9703896007889136,83,83
BV08TR_0039,1,0.9683624085769625,82,83
BV08TR_0039,2,0.9663788510978915,81,83
BV08TR_0039,3,0.9643356877677148,80,83
BV08TR_0039,4,0.9622273695265406,79,83
BV08TR_0039,5,0.9601695544515704,78,83
BV08TR_0039,6,0.958079796954034,77,83
BV08TR_0039,7,0.9560449011708464,76,83
BV08TR_0039,8,0.9538395407293307,75,83
BV08TR_0039,9,0.9517600877280672,74,83
BV08TR_0039,10,0.9497029714151602,73,83
BV08TR_0039,11,0.947606460930766,72,83
BV08TR_0039,12,0.9454743506902492,71,83
BV08TR_0039,13,0.9433503216516234,70,83
BV08TR_0039,14,0.9412316573711732,69,83
BV08TR_0039,15,0.9391460937055228,68,83
BV08TR_0039,16,0.9371632703682466,67,83
BV08TR_0039,17,0.9350187095668882,66,83
BV08TR_0039,18,0.9328458261622026,65,83
BV08TR_0039,19,0.9306780548693636,64,83
BV08TR_0039,20,0.9284707400996112,63,83
BV08TR_0039,21,0.9263978834247325,62,83
BV08TR_0039,22,0.9242811283291829,61,83
BV08TR_0039,23,0.9221598007212892,60,83
BV08TR_0039,24,0.919984158842392,59,83
BV08TR_0039,25,0.917837028767158,58,83
BV08TR_0039,26,0.915617662827552,57,83
BV08TR_0039,27,0.913515256828459,56,83
BV08TR_0039,28,0.911365466160757,55,83
BV08TR_0039,29,0.9092620266234042,54,83
BV08TR_0039,30,0.907169415120186,53,83
BV08TR_0039,31,0.9050732331025905,52,83
BV08TR_0039,32,0.9030844724935598,51,83
BV08TR_0039,33,0.9009959779670812,50,83
BV08TR_0039,34,0.898944336223108,49,83
BV08TR_0039,35,0.8967865203024946,48,83
BV08TR_0039,36,0.8947078463152769,47,83
BV08TR_0039,37,0.8925521351525717,46,83
BV08TR_0039,38,0.890459940256415,45,83
BV08TR_0039,39,0.8884610054259878,44,83
BV08TR_0039,40,0.8863873595089218,43,83
BV08TR_0039,41,0.884190628942168,42,83
BV08TR_0039,42,0.8821484222840092,41,83
BV08TR_0039,43,0.8801022709659212,40,83
BV08TR_0039,44,0.8780744012546126,39,83
BV08TR_0039,45,0.8760864536507604,38,83
BV08TR_0039,46,0.8740315173744846,37,83
BV08TR_0039,47,0.871973310562716,36,83
BV08TR_0039,48,0.8699030216223985,35,83
BV08TR_0039,49,0.8678725558058973,34,83
BV08TR_0039,50,0.8658695804639255,33,83
BV08TR_0039,51,0.86390989566335,32,83
BV08TR_0039,52,0.8618375248734773,31,83
BV08TR_0039,53,0.8598113182365674,30,83
BV08TR_0039,54,0.857794483028785,29,83
BV08TR_0039,55,0.8557466930144269,28,83
BV08TR_0039,56,0.8538211116234081,27,83
BV08TR_0039,57,0.8516941219941168,26,83
BV08TR_0039,58,0.8497138561171801,25,83
BV08TR_0039,59,0.8476292823228632,24,83
BV08TR_0039,60,0.845630323503788,23,83
BV08TR_0039,61,0.843596937867209,22,83
BV08TR_0039,62,0.8416921270990544,21,83
BV08TR_0039,63,0.8396785424016892,20,83
BV08TR_0039,64,0.8376076235544926,19,83
BV08TR_0039,65,0.8356019884178677,18,83
BV08TR_0039,66,0.8335401985029453,17,83
BV08TR_0039,67,0.8315012680520708,16,83
BV08TR_0039,68,0.8295114306325294,15,83
BV08TR_0039,69,0.8274880324180175,14,83
BV08TR_0039,70,0.8254649009536038,13,83
BV08TR_0039,71,0.8234438534961508,12,83
BV08TR_0039,72,0.8214610110252334,11,83
BV08TR_0039,73,0.8194223888348656,10,83
BV08TR_0039,74,0.817247756962415,9,83
BV08TR_0039,75,0.8151243050549098,8,83
BV08TR_0039,76,0.8130821093200541,7,83
BV08TR_0039,77,0.8109915378808578,6,83
BV08TR_0039,78,0.8089127209022522,5,83
BV08TR_0039,79,0.8068078844191165,4,83
BV08TR_0039,80,0.8047364495978298,3,83
BV08TR_0039,81,0.8027221519278968,2,83
BV08TR_0039,82,0.800593085298823,1,83
BV08TR_0039,83,0.7984631878458539,0,83
BV08TR_0040,0,0.9997001826736565,86,86
BV08TR_0040,1,0.9976858118866098,85,86
BV08TR_0040,2,0.9956289027798492,84,86
BV08TR_0040,3,0.9935415651763618,83,86
BV08TR_0040,4,0.9914036953599248,82,86
BV08TR_0040,5,0.989355672753845,81,86
BV08TR_0040,6,0.987246036341766,80,86
BV08TR_0040,7,0.9851933700747124,79,86
BV08TR_0040,8,0.9831699824902685,78,86
BV08TR_0040,9,0.981137739232604,77,86
BV08TR_0040,10,0.9791041609235025,76,86
BV08TR_0040,11,0.977067544682717,75,86
BV08TR_0040,12,0.9749622238358832,74,86
BV08TR_0040,13,0.9729389867273064,73,86
BV08TR_0040,14,0.9708793030653186,72,86
BV08TR_0040,15,0.968810264793093,71,86
BV08TR_0040,16,0.966814077453419,70,86
BV08TR_0040,17,0.9647227903662068,69,86
BV08TR_0040,18,0.9626951274855816,68,86
BV08TR_0040,19,0.9607263172684322,67,86
BV08TR_0040,20,0.9587082355633262,66,86
BV08TR_0040,21,0.9567461305557808,65,86
BV08TR_0040,22,0.9547098201627845,64,86
BV08TR_0040,23,0.9525774445054068,63,86
BV08TR_0040,24,0.950584959036852,62,86
BV08TR_0040,25,0.9485717661270455,61,86
BV08TR_0040,26,0.9465604097821722,60,86
BV08TR_0040,27,0.9445112523303963,59,86
BV08TR_0040,28,0.9424812415575006,58,86
BV08TR_0040,29,0.940452409451584,57,86
BV08TR_0040,30,0.9384407652228965,56,86
BV08TR_0040,31,0.9364069402966324,55,86
BV08TR_0040,32,0.9342893601012552,54,86
BV08TR_0040,33,0.9322162234300722,53,86
BV08TR_0040,34,0.9301603444088364,52,86
BV08TR_0040,35,0.927973051481498,51,86
BV08TR_0040,36,0.9258133092659865,50,86
BV08TR_0040,37,0.923707521391268,49,86
BV08TR_0040,38,0.921705305767419,48,86
BV08TR_0040,39,0.919681866383626,47,86
BV08TR_0040,40,0.9175993443654012,46,86
BV08TR_0040,41,0.9155636853043495,45,86
BV08TR_0040,42,0.9133568530098864,44,86
BV08TR_0040,43,0.9112620863639315,43,86
BV08TR_0040,44,0.909173602462238,42,86
BV08TR_0040,45,0.907114466362084,41,86
BV08TR_0040,46,0.9049837318804368,40,86
BV08TR_0040,47,0.902885828743651,39,86
BV08TR_0040,48,0.900848676251737,38,86
BV08TR_0040,49,0.8987780616426506,37,86
BV08TR_0040,50,0.8967007776080294,36,86
BV08TR_0040,51,0.8944925160909939,35,86
BV08TR_0040,52,0.8923836958933136,34,86
BV08TR_0040,53,0.8902290820709013,33,86
BV08TR_0040,54,0.8882057286317926,32,86
BV08TR_0040,55,0.8860583900218532,31,86
BV08TR_0040,56,0.8839112940124842,30,86
BV08TR_0040,57,0.881755489987599,29,86
BV08TR_0040,58,0.8796777266359729,28,86
BV08TR_0040,59,0.8775352534876789,27,86
BV08TR_0040,60,0.8754086875673215,26,86
BV08TR_0040,61,0.8732359563860591,25,86
BV08TR_0040,62,0.8701370214250486,24,86
BV08TR_0040,63,0.8671388712763084,23,86
BV08TR_0040,64,0.8640075829841326,22,86
BV08TR_0040,65,0.8608696398508049,21,86
BV08TR_0040,66,0.857824819198711,20,86
BV08TR_0040,67,0.8547796873592854,19,86
BV08TR_0040,68,0.8517412827070848,18,86
BV08TR_0040,69,0.848663527940736,17,86
BV08TR_0040,70,0.8454806813697169,16,86
BV08TR_0040,71,0.8423602449114624,15,86
BV08TR_0040,72,0.8394475317675475,14,86
BV08TR_0040,73,0.8365141815548705,13,86
BV08TR_0040,74,0.8336094619694465,12,86
BV08TR_0040,75,0.8306381477940398,11,86
BV08TR_0040,76,0.8277047592289573,10,86
BV08TR_0040,77,0.8246265037229344,9,86
BV08TR_0040,78,0.8216631597136903,8,86
BV08TR_0040,79,0.818672815654749,7,86
BV08TR_0040,80,0.8156335421601209,6,86
BV08TR_0040,81,0.8126148722304202,5,86
BV08TR_0040,82,0.8096455684114668,4,86
BV08TR_0040,83,0.8067912138463865,3,86
BV08TR_0040,84,0.8037569870513978,2,86
BV08TR_0040,85,0.800793285824059,1,86
BV08TR_0040,86,0.7977556998016097,0,86
BV08TR_0041,0,1.0009481639950324,64,64
BV08TR_0041,1,0.9979363632753702,63,64
BV08TR_0041,2,0.9949949902845565,62,64
BV08TR_0041,3,0.9919714364585888,61,64
BV08TR_0041,4,0.989078990153972,60,64
BV08TR_0041,5,0.9861186745349918,59,64
BV08TR_0041,6,0.9829834578377638,58,64
BV08TR_0041,7,0.9799920829936548,57,64
BV08TR_0041,8,0.9770883532198595,56,64
BV08TR_0041,9,0.9740833277220554,55,64
BV08TR_0041,10,0.97104597886341,54,64
BV08TR_0041,11,0.9680328724254166,53,64
BV08TR_0041,12,0.9649979582946921,52,64
BV08TR_0041,13,0.9618709365706924,51,64
BV08TR_0041,14,0.9588902870964646,50,64
BV08TR_0041,15,0.9559547911468592,49,64
BV08TR_0041,16,0.9530189881945642,48,64
BV08TR_0041,17,0.9499679746229472,47,64
BV08TR_0041,18,0.94690983547885,46,64
BV08TR_0041,19,0.9438210533677958,45,64
BV08TR_0041,20,0.940976423513617,44,64
BV08TR_0041,21,0.9379146721664497,43,64
BV08TR_0041,22,0.9348502567383944,42,64
BV08TR_0041,23,0.931874660171966,41,64
BV08TR_0041,24,0.9290631690181328,40,64
BV08TR_0041,25,0.926099220760084,39,64
BV08TR_0041,26,0.923345402829735,38,64
BV08TR_0041,27,0.92057057658192,37,64
BV08TR_0041,28,0.9175593877582754,36,64
BV08TR_0041,29,0.9145490072726586,35,64
BV08TR_0041,30,0.9117252029549446,34,64
BV08TR_0041,31,0.9090192516245085,33,64
BV08TR_0041,32,0.9061232919662926,32,64
BV08TR_0041,33,0.9031783968529992,31,64
BV08TR_0041,34,0.9002996456311236,30,64
BV08TR_0041,35,0.8975024522366035,29,64
BV08TR_0041,36,0.8945426467465613,28,64
BV08TR_0041,37,0.8917387222486354,27,64
BV08TR_0041,38,0.8889741643580491,26,64
BV08TR_0041,39,0.8860701980444218,25,64
BV08TR_0041,40,0.8831909488123008,24,64
BV08TR_0041,41,0.8804148433158074,23,64
BV08TR_0041,42,0.8768676416771779,22,64
BV08TR_0041,43,0.8734376811863748,21,64
BV08TR_0041,44,0.8698606101540237,20,64
BV08TR_0041,45,0.8662844385282107,19,64
BV08TR_0041,46,0.8627922287934154,18,64
BV08TR_0041,47,0.8593047608647512,17,64
BV08TR_0041,48,0.8558347211700419,16,64
BV08TR_0041,49,0.8521277717184552,15,64
BV08TR_0041,50,0.8485095908908873,14,64
BV08TR_0041,51,0.8452180255743177,13,64
BV08TR_0041,52,0.8416853629309696,12,64
BV08TR_0041,53,0.8381111433798552,11,64
BV08TR_0041,54,0.8346829326072287,10,64
BV08TR_0041,55,0.8310622831590947,9,64
BV08TR_0041,56,0.8274856990163922,8,64
BV08TR_0041,57,0.8238242066966622,7,64
BV08TR_0041,58,0.8202272695859318,6,64
BV08TR_0041,59,0.8166575322016438,5,64
BV08TR_0041,60,0.8131129326186042,4,64
BV08TR_0041,61,0.8092862726202547,3,64
BV08TR_0041,62,0.8057876175055775,2,64
BV08TR_0041,63,0.8021312105902082,1,64
BV08TR_0041,64,0.7985688564119957,0,64
BV08TR_0042,0,0.9811678185227464,71,71
BV08TR_0042,1,0.9786315342233706,70,71
BV08TR_0042,2,0.9760020519427688,69,71
BV08TR_0042,3,0.9734189111767438,68,71
BV08TR_0042,4,0.9708583261114545,67,71
BV08TR_0042,5,0.9683300624963203,66,71
BV08TR_0042,6,0.965792189049566,65,71
BV08TR_0042,7,0.963242777820278,64,71
BV08TR_0042,8,0.9606557229597998,63,71
BV08TR_0042,9,0.9581590092676545,62,71
BV08TR_0042,10,0.9557060679041414,61,71
BV08TR_0042,11,0.9530961732885005,60,71
BV08TR_0042,12,0.9506312447730584,59,71
BV08TR_0042,13,0.9480090953381832,58,71
BV08TR_0042,14,0.9454701719060172,57,71
BV08TR_0042,15,0.9429425179036646,56,71
BV08TR_0042,16,0.940352125407688,55,71
BV08TR_0042,17,0.9377354678751555,54,71
BV08TR_0042,18,0.9351915273566028,53,71
BV08TR_0042,19,0.9326327014644762,52,71
BV08TR_0042,20,0.9302115943359242,51,71
BV08TR_0042,21,0.927667125631072,50,71
BV08TR_0042,22,0.925137081580575,49,71
BV08TR_0042,23,0.9226596832769328,48,71
BV08TR_0042,24,0.920194901262954,47,71
BV08TR_0042,25,0.9177935651333354,46,71
BV08TR_0042,26,0.9153078707039315,45,71
BV08TR_0042,27,0.9129230804683854,44,71
BV08TR_0042,28,0.910370829192407,43,71
BV08TR_0042,29,0.9077694138800155,42,71
BV08TR_0042,30,0.9052266389156508,41,71
BV08TR_0042,31,0.902607535229871,40,71
BV08TR_0042,32,0.9001527165945516,39,71
BV08TR_0042,33,0.8976766049551415,38,71
BV08TR_0042,34,0.8952373067948821,37,71
BV08TR_0042,35,0.8927126373270055,36,71
BV08TR_0042,36,0.8900911737015534,35,71
BV08TR_0042,37,0.887444781582914,34,71
BV08TR_0042,38,0.8849403481817143,33,71
BV08TR_0042,39,0.8824211916145942,32,71
BV08TR_0042,40,0.8798315884811438,31,71
BV08TR_0042,41,0.8772232059004236,30,71
BV08TR_0042,42,0.8745911219487592,29,71
BV08TR_0042,43,0.871941455975657,28,71
BV08TR_0042,44,0.869360802501267,27,71
BV08TR_0042,45,0.8667182045933387,26,71
BV08TR_0042,46,0.864093299269998,25,71
BV08TR_0042,47,0.8615340587693965,24,71
BV08TR_0042,48,0.8588523576594309,23,71
BV08TR_0042,49,0.8563085089312698,22,71
BV08TR_0042,50,0.8537260870111305,21,71
BV08TR_0042,51,0.8510133858942838,20,71
BV08TR_0042,52,0.8484066644184765,19,71
BV08TR_0042,53,0.8457555397783195,18,71
BV08TR_0042,54,0.8430545965454606,17,71
BV08TR_0042,55,0.8404056738359366,16,71
BV08TR_0042,56,0.8378013303675464,15,71
BV08TR_0042,57,0.8351944423248453,14,71
BV08TR_0042,58,0.8324834436417226,13,71
BV08TR_0042,59,0.8298693499441091,12,71
BV08TR_0042,60,0.8271963602900088,11,71
BV08TR_0042,61,0.8245413512525581,10,71
BV08TR_0042,62,0.8219755825835242,9,71
BV08TR_0042,63,0.8194347211129478,8,71
BV08TR_0042,64,0.8168013403134655,7,71
BV08TR_0042,65,0.8142776898416408,6,71
BV08TR_0042,66,0.811694507139354,5,71
BV08TR_0042,67,0.8091025272444428,4,71
BV08TR_0042,68,0.8063733495724539,3,71
BV08TR_0042,69,0.8037081552258739,2,71
BV08TR_0042,70,0.8011862157309755,1,71
BV08TR_0042,71,0.798594829740856,0,71
BV08TR_0043,0,1.0292327531596126,100,100
BV08TR_0043,1,1.0269330402396637,99,100
BV08TR_0043,2,1.024759676899771,98,100
BV08TR_0043,3,1.0224437524217744,97,100
BV08TR_0043,4,1.020255003825756,96,100
BV08TR_0043,5,1.0180378821497627,95,100
BV08TR_0043,6,1.0157852129654403,94,100
BV08TR_0043,7,1.01360010266384,93,100
BV08TR_0043,8,1.011322274925581,92,100
BV08TR_0043,9,1.0089934145773225,91,100
BV08TR_0043,10,1.0068202429583883,90,100
BV08TR_0043,11,1.004575557877634,89,100
BV08TR_0043,12,1.0022318721569499,88,100
BV08TR_0043,13,0.9999547432579644,87,100
BV08TR_0043,14,0.9975724613697072,86,100
BV08TR_0043,15,0.995286206092854,85,100
BV08TR_0043,16,0.9929288425966704,84,100
BV08TR_0043,17,0.9906558650824596,83,100
BV08TR_0043,18,0.9882841971828985,82,100
BV08TR_0043,19,0.985824648736102,81,100
BV08TR_0043,20,0.983417685478478,80,100
BV08TR_0043,21,0.9811075612828583,79,100
BV08TR_0043,22,0.9787621688406034,78,100
BV08TR_0043,23,0.9765165226371092,77,100
BV08TR_0043,24,0.9740411700885888,76,100
BV08TR_0043,25,0.9716738311272306,75,100
BV08TR_0043,26,0.969333676712152,74,100
BV08TR_0043,27,0.9669156287758616,73,100
BV08TR_0043,28,0.964562276975536,72,100
BV08TR_0043,29,0.9621769304184667,71,100
BV08TR_0043,30,0.959857061213881,70,100
BV08TR_0043,31,0.9575905329945295,69,100
BV08TR_0043,32,0.95525991376637,68,100
BV08TR_0043,33,0.9528881385418678,67,100
BV08TR_0043,34,0.9504741683128302,66,100
BV08TR_0043,35,0.948097218566971,65,100
BV08TR_0043,36,0.945732584612264,64,100
BV08TR_0043,37,0.9433772910980336,63,100
BV08TR_0043,38,0.9410206490211224,62,100
BV08TR_0043,39,0.938710527797565,61,100
BV08TR_0043,40,0.9363819572074792,60,100
BV08TR_0043,41,0.9340623601936636,59,100
BV08TR_0043,42,0.9317686915604824,58,100
BV08TR_0043,43,0.9293300294660235,57,100
BV08TR_0043,44,0.9271301900900166,56,100
BV08TR_0043,45,0.9246877871848515,55,100
BV08TR_0043,46,0.9223795649707104,54,100
BV08TR_0043,47,0.9200477356177714,53,100
BV08TR_0043,48,0.9177109655412942,52,100
BV08TR_0043,49,0.9153995336320065,51,100
BV08TR_0043,50,0.91316358474895,50,100
BV08TR_0043,51,0.9108997211437044,49,100
BV08TR_0043,52,0.9086385492240258,48,100
BV08TR_0043,53,0.9063725218178428,47,100
BV08TR_0043,54,0.9040701527779735,46,100
BV08TR_0043,55,0.9018055908310052,45,100
BV08TR_0043,56,0.899444343785952,44,100
BV08TR_0043,57,0.8972237629888634,43,100
BV08TR_0043,58,0.8950572965498236,42,100
BV08TR_0043,59,0.8928745572616275,41,100
BV08TR_0043,60,0.8906286159649958,40,100
BV08TR_0043,61,0.8883622785595842,39,100
BV08TR_0043,62,0.8860817558757341,38,100
BV08TR_0043,63,0.8837255658640978,37,100
BV08TR_0043,64,0.8813873917537552,36,100
BV08TR_0043,65,0.879143604369343,35,100
BV08TR_0043,66,0.8769359032273183,34,100
BV08TR_0043,67,0.874619733105963,33,100
BV08TR_0043,68,0.8723267534518161,32,100
BV08TR_0043,69,0.8700846661755497,31,100
BV08TR_0043,70,0.8677910794315052,30,100
BV08TR_0043,71,0.8654958057044587,29,100
BV08TR_0043,72,0.8631869017685155,28,100
BV08TR_0043,73,0.8609998972129601,27,100
BV08TR_0043,74,0.8587644187325678,26,100
BV08TR_0043,75,0.8564481131170802,25,100
BV08TR_0043,76,0.8541890661899404,24,100
BV08TR_0043,77,0.8519457458702505,23,100
BV08TR_0043,78,0.8496594472693532,22,100
BV08TR_0043,79,0.8472757721984805,21,100
BV08TR_0043,80,0.8448710456084642,20,100
BV08TR_0043,81,0.8426059208085988,19,100
BV08TR_0043,82,0.840167271560667,18,100
BV08TR_0043,83,0.8377592634740779,17,100
BV08TR_0043,84,0.8353602141266496,16,100
BV08TR_0043,85,0.8330670501127526,15,100
BV08TR_0043,86,0.8307533810085308,14,100
BV08TR_0043,87,0.82841570415729,13,100
BV08TR_0043,88,0.8261007103204222,12,100
BV08TR_0043,89,0.8237011120404067,11,100
BV08TR_0043,90,0.8213283570933395,10,100
BV08TR_0043,91,0.8189456840943647,9,100
BV08TR_0043,92,0.8166207133641341,8,100
BV08TR_0043,93,0.814218053576676,7,100
BV08TR_0043,94,0.8118868709794594,6,100
BV08TR_0043,95,0.8094968458218126,5,100
BV08TR_0043,96,0.8070371641641406,4,100
BV08TR_0043,97,0.8047184159135511,3,100
BV08TR_0043,98,0.8024159641260362,2,100
BV08TR_0043,99,0.8000221247609158,1,100
BV08TR_0043,100,0.7976539426547156,0,100
BV08TR_0044,0,0.9606263387006048,65,65
BV08TR_0044,1,0.9580370739108854,64,65
BV08TR_0044,2,0.9555300427001684,63,65
BV08TR_0044,3,0.9529892580660242,62,65
BV08TR_0044,4,0.9505051849289198,61,65
BV08TR_0044,5,0.9480439951357515,60,65
BV08TR_0044,6,0.9455714941689166,59,65
BV08TR_0044,7,0.9431500829950744,58,65
BV08TR_0044,8,0.9406759117558614,57,65
BV08TR_0044,9,0.9380945593434838,56,65
BV08TR_0044,10,0.9355866938780824,55,65
BV08TR_0044,11,0.9331013407115692,54,65
BV08TR_0044,12,0.930590171433357,53,65
BV08TR_0044,13,0.9280984448139545,52,65
BV08TR_0044,14,0.9256172666805704,51,65
BV08TR_0044,15,0.9231030409611324,50,65
BV08TR_0044,16,0.92065786547743,49,65
BV08TR_0044,17,0.9181809880425568,48,65
BV08TR_0044,18,0.9156676193791574,47,65
BV08TR_0044,19,0.9131854441829725,46,65
BV08TR_0044,20,0.9106781490225,45,65
BV08TR_0044,21,0.9082461573070745,44,65
BV08TR_0044,22,0.9058945386938154,43,65
BV08TR_0044,23,0.9033857297075434,42,65
BV08TR_0044,24,0.9009645810335306,41,65
BV08TR_0044,25,0.8984922490936894,40,65
BV08TR_0044,26,0.8960658481510877,39,65
BV08TR_0044,27,0.8937148121484163,38,65
BV08TR_0044,28,0.8912633488668331,37,65
BV08TR_0044,29,0.888777239245444,36,65
BV08TR_0044,30,0.8863575239323016,35,65
BV08TR_0044,31,0.8839309685726211,34,65
BV08TR_0044,32,0.8815779922549616,33,65
BV08TR_0044,33,0.8792474931929016,32,65
BV08TR_0044,34,0.8768206583928182,31,65
BV08TR_0044,35,0.8743993677164306,30,65
BV08TR_0044,36,0.8719918465361224,29,65
BV08TR_0044,37,0.8696961704329379,28,65
BV08TR_0044,38,0.8672131417434108,27,65
BV08TR_0044,39,0.8648720076764139,26,65
BV08TR_0044,40,0.862472841544551,25,65
BV08TR_0044,41,0.8600786103173104,24,65
BV08TR_0044,42,0.8576608856543315,23,65
BV08TR_0044,43,0.855245817720169,22,65
BV08TR_0044,44,0.8528346000444462,21,65
BV08TR_0044,45,0.850308490468299,20,65
BV08TR_0044,46,0.8478080306767886,19,65
BV08TR_0044,47,0.8452700220701982,18,65
BV08TR_0044,48,0.8427395246481728,17,65
BV08TR_0044,49,0.8402304004449195,16,65
BV08TR_0044,50,0.8376322838802472,15,65
BV08TR_0044,51,0.8351531422982696,14,65
BV08TR_0044,52,0.8327128480670604,13,65
BV08TR_0044,53,0.8303609514557702,12,65
BV08TR_0044,54,0.8278807078999466,11,65
BV08TR_0044,55,0.8253484084125758,10,65
BV08TR_0044,56,0.8228341154813796,9,65
BV08TR_0044,57,0.8202094746731655,8,65
BV08TR_0044,58,0.8177070433516223,7,65
BV08TR_0044,59,0.8150468736416314,6,65
BV08TR_0044,60,0.8125286415725745,5,65
BV08TR_0044,61,0.8098681090008462,4,65
BV08TR_0044,62,0.8072321361929685,3,65
BV08TR_0044,63,0.8045948407634754,2,65
BV08TR_0044,64,0.8020669833228101,1,65
BV08TR_0044,65,0.7995867838831066,0,65
BV08TR_0045,0,0.9887611717992792,59,59
BV08TR_0045,1,0.9854649378624274,58,59
BV08TR_0045,2,0.9820464838995085,57,59
BV08TR_0045,3,0.9787036410224416,56,59
BV08TR_0045,4,0.9755337039383174,55,59
BV08TR_0045,5,0.9722601507788745,54,59
BV08TR_0045,6,0.968960714780222,53,59
BV08TR_0045,7,0.9657229251408954,52,59
BV08TR_0045,8,0.9624051502464452,51,59
BV08TR_0045,9,0.9591452322190958,50,59
BV08TR_0045,10,0.9559763045962608,49,59
BV08TR_0045,11,0.9528467429260304,48,59
BV08TR_0045,12,0.9496369588429232,47,59
BV08TR_0045,13,0.9464414856494014,46,59
BV08TR_0045,14,0.9433561198757906,45,59
BV08TR_0045,15,0.9402530315008611,44,59
BV08TR_0045,16,0.9369807148273716,43,59
BV08TR_0045,17,0.9337705703444156,42,59
BV08TR_0045,18,0.9306248785674455,41,59
BV08TR_0045,19,0.9273456050095342,40,59
BV08TR_0045,20,0.92429352900179,39,59
BV08TR_0045,21,0.9210962563015767,38,59
BV08TR_0045,22,0.9180316192469506,37,59
BV08TR_0045,23,0.914819569408308,36,59
BV08TR_0045,24,0.911679468617949,35,59
BV08TR_0045,25,0.9086171533249312,34,59
BV08TR_0045,26,0.9054871590247855,33,59
BV08TR_0045,27,0.9023620112337108,32,59
BV08TR_0045,28,0.8990151109697033,31,59
BV08TR_0045,29,0.895721411768306,30,59
BV08TR_0045,30,0.8923845294628187,29,59
BV08TR_0045,31,0.8891299273062164,28,59
BV08TR_0045,32,0.8857566003084015,27,59
BV08TR_0045,33,0.8825894958790959,26,59
BV08TR_0045,34,0.879251295459854,25,59
BV08TR_0045,35,0.8759179564782774,24,59
BV08TR_0045,36,0.872700517512218,23,59
BV08TR_0045,37,0.869484514035927,22,59
BV08TR_0045,38,0.8663488086891545,21,59
BV08TR_0045,39,0.863146499335326,20,59
BV08TR_0045,40,0.8600373814893203,19,59
BV08TR_0045,41,0.8566938697822041,18,59
BV08TR_0045,42,0.8533826006803777,17,59
BV08TR_0045,43,0.8500802928779304,16,59
BV08TR_0045,44,0.846826197475241,15,59
BV08TR_0045,45,0.843604733300532,14,59
BV08TR_0045,46,0.8403483776759096,13,59
BV08TR_0045,47,0.8370991981158968,12,59
BV08TR_0045,48,0.8340015441429959,11,59
BV08TR_0045,49,0.8306923611285348,10,59
BV08TR_0045,50,0.8273015621260814,9,59
BV08TR_0045,51,0.8238901181694115,8,59
BV08TR_0045,52,0.8206184093627518,7,59
BV08TR_0045,53,0.8172059261699124,6,59
BV08TR_0045,54,0.8138392207189554,5,59
BV08TR_0045,55,0.8106184596489777,4,59
BV08TR_0045,56,0.8071693872724147,3,59
BV08TR_0045,57,0.8039067012800176,2,59
BV08TR_0045,58,0.8006965433437044,1,59
BV08TR_0045,59,0.7972687324916079,0,59
BV08TR_0046,0,0.9897797250749026,65,65
BV08TR_0046,1,0.9866231279049364,64,65
BV08TR_0046,2,0.9837015533490066,63,65
BV08TR_0046,3,0.9806680408810704,62,65
BV08TR_0046,4,0.9776724919512532,61,65
BV08TR_0046,5,0.9746226367897658,60,65
BV08TR_0046,6,0.9717126920256784,59,65
BV08TR_0046,7,0.968760459021976,58,65
BV08TR_0046,8,0.9657790591905075,57,65
BV08TR_0046,9,0.9628009839255228,56,65
BV08TR_0046,10,0.9597751189241354,55,65
BV08TR_0046,11,0.9570111082784284,54,65
BV08TR_0046,12,0.9541757052977918,53,65
BV08TR_0046,13,0.9512057088571884,52,65
BV08TR_0046,14,0.9482664790803212,51,65
BV08TR_0046,15,0.9452941149288712,50,65
BV08TR_0046,16,0.9422701814567165,49,65
BV08TR_0046,17,0.9394782381335902,48,65
BV08TR_0046,18,0.9363110816853704,47,65
BV08TR_0046,19,0.9333839426385524,46,65
BV08TR_0046,20,0.9304966045225181,45,65
BV08TR_0046,21,0.9275432847634782,44,65
BV08TR_0046,22,0.924551931630121,43,65
BV08TR_0046,23,0.9216503480190202,42,65
BV08TR_0046,24,0.9187335341186168,41,65
BV08TR_0046,25,0.9157505736614208,40,65
BV08TR_0046,26,0.9128753917338333,39,65
BV08TR_0046,27,0.9099735241573754,38,65
BV08TR_0046,28,0.9071301176959226,37,65
BV08TR_0046,29,0.904186700778164,36,65
BV08TR_0046,30,0.9013156323438115,35,65
BV08TR_0046,31,0.8985006797049303,34,65
BV08TR_0046,32,0.8956976576701663,33,65
BV08TR_0046,33,0.8929608829263743,32,65
BV08TR_0046,34,0.890056461220671,31,65
BV08TR_0046,35,0.8872461401374944,30,65
BV08TR_0046,36,0.8842613173818055,29,65
BV08TR_0046,37,0.8811832010876886,28,65
BV08TR_0046,38,0.8781766913800695,27,65
BV08TR_0046,39,0.8751898744908795,26,65
BV08TR_0046,40,0.8722830911531225,25,65
BV08TR_0046,41,0.8693708934194704,24,65
BV08TR_0046,42,0.8664737441680714,23,65
BV08TR_0046,43,0.8633345793959215,22,65
BV08TR_0046,44,0.8601844717430527,21,65
BV08TR_0046,45,0.8573721928546817,20,65
BV08TR_0046,46,0.8544063914008098,19,65
BV08TR_0046,47,0.85140035365431,18,65
BV08TR_0046,48,0.8484492535662753,17,65
BV08TR_0046,49,0.8454772711566131,16,65
BV08TR_0046,50,0.8425013376675066,15,65
BV08TR_0046,51,0.8394654742868904,14,65
BV08TR_0046,52,0.8365192743404278,13,65
BV08TR_0046,53,0.8335525770995476,12,65
BV08TR_0046,54,0.830487827500049,11,65
BV08TR_0046,55,0.8274572343971,10,65
BV08TR_0046,56,0.8244958666505059,9,65
BV08TR_0046,57,0.8214853417631902,8,65
BV08TR_0046,58,0.8184327985024094,7,65
BV08TR_0046,59,0.8153260157339414,6,65
BV08TR_0046,60,0.8123819118797041,5,65
BV08TR_0046,61,0.8093738841098146,4,65
BV08TR_0046,62,0.806342867389734,3,65
BV08TR_0046,63,0.8031514973864521,2,65
BV08TR_0046,64,0.8001287598798758,1,65
BV08TR_0046,65,0.797009106252277,0,65
BV08TR_0047,0,1.0173899906205088,85,85
BV08TR_0047,1,1.014904235921102,84,85
BV08TR_0047,2,1.0124480408622212,83,85
BV08TR_0047,3,1.0099176824266938,82,85
BV08TR_0047,4,1.007250863986798,81,85
BV08TR_0047,5,1.0047205197738887,80,85
BV08TR_0047,6,1.0022277466291594,79,85
BV08TR_0047,7,0.9997454187174104,78,85
BV08TR_0047,8,0.9972876847155518,77,85
BV08TR_0047,9,0.9945924794319585,76,85
BV08TR_0047,10,0.992055611727176,75,85
BV08TR_0047,11,0.9895986513814058,74,85
BV08TR_0047,12,0.9870616036672916,73,85
BV08TR_0047,13,0.9844983807347312,72,85
BV08TR_0047,14,0.9820084567577945,71,85
BV08TR_0047,15,0.9795254422812405,70,85
BV08TR_0047,16,0.9769234327230778,69,85
BV08TR_0047,17,0.974340388907475,68,85
BV08TR_0047,18,0.9716915306933156,67,85
BV08TR_0047,19,0.9690824396356108,66,85
BV08TR_0047,20,0.9665253617100436,65,85
BV08TR_0047,21,0.9638653550919625,64,85
BV08TR_0047,22,0.9613080719396222,63,85
BV08TR_0047,23,0.9585808569293576,62,85
BV08TR_0047,24,0.9559896476392632,61,85
BV08TR_0047,25,0.9532871731558754,60,85
BV08TR_0047,26,0.950657709067175,59,85
BV08TR_0047,27,0.948039819528394,58,85
BV08TR_0047,28,0.945493463856884,57,85
BV08TR_0047,29,0.9429766771784972,56,85
BV08TR_0047,30,0.9402046278058664,55,85
BV08TR_0047,31,0.9374564267815885,54,85
BV08TR_0047,32,0.9348980154635348,53,85
BV08TR_0047,33,0.9322669550285144,52,85
BV08TR_0047,34,0.929571298813497,51,85
BV08TR_0047,35,0.9270282140181154,50,85
BV08TR_0047,36,0.9244040518365058,49,85
BV08TR_0047,37,0.921649879730727,48,85
BV08TR_0047,38,0.9189959806033744,47,85
BV08TR_0047,39,0.9164047815742575,46,85
BV08TR_0047,40,0.9136284386412424,45,85
BV08TR_0047,41,0.9109635775235705,44,85
BV08TR_0047,42,0.9083796049533304,43,85
BV08TR_0047,43,0.9057320654708152,42,85
BV08TR_0047,44,0.9031721679022704,41,85
BV08TR_0047,45,0.9005647542652979,40,85
BV08TR_0047,46,0.8979651961794499,39,85
BV08TR_0047,47,0.8953425261658392,38,85
BV08TR_0047,48,0.8928510251043436,37,85
BV08TR_0047,49,0.8903012605891978,36,85
BV08TR_0047,50,0.887749158261976,35,85
BV08TR_0047,51,0.885252228755379,34,85
BV08TR_0047,52,0.8828002485616377,33,85
BV08TR_0047,53,0.8802274295890595,32,85
BV08TR_0047,54,0.8777402912255156,31,85
BV08TR_0047,55,0.8750422466395459,30,85
BV08TR_0047,56,0.8725130632016275,29,85
BV08TR_0047,57,0.8700904289163679,28,85
BV08TR_0047,58,0.867656658438665,27,85
BV08TR_0047,59,0.865123750893275,26,85
BV08TR_0047,60,0.8626336225495691,25,85
BV08TR_0047,61,0.8600709334721675,24,85
BV08TR_0047,62,0.8575319380640994,23,85
BV08TR_0047,63,0.8550389659468987,22,85
BV08TR_0047,64,0.8523877425201452,21,85
BV08TR_0047,65,0.849854998787254,20,85
BV08TR_0047,66,0.847370929871529,19,85
BV08TR_0047,67,0.8449678084449342,18,85
BV08TR_0047,68,0.8423538897547757,17,85
BV08TR_0047,69,0.8398908192835152,16,85
BV08TR_0047,70,0.8372465650415541,15,85
BV08TR_0047,71,0.8346693924257875,14,85
BV08TR_0047,72,0.8321669794290179,13,85
BV08TR_0047,73,0.8296119256423389,12,85
BV08TR_0047,74,0.8270891399347488,11,85
BV08TR_0047,75,0.8245375410622564,10,85
BV08TR_0047,76,0.8219122336847028,9,85
BV08TR_0047,77,0.8193402140800625,8,85
BV08TR_0047,78,0.8169141969587932,7,85
BV08TR_0047,79,0.8143428543601418,6,85
BV08TR_0047,80,0.8117638617285614,5,85
BV08TR_0047,81,0.809217498268917,4,85
BV08TR_0047,82,0.8065903935658062,3,85
BV08TR_0047,83,0.8039829558581454,2,85
BV08TR_0047,84,0.8014982665936056,1,85
BV08TR_0047,85,0.7990152066386212,0,85
BV08TR_0048,0,1.042093393933377,104,104
BV08TR_0048,1,1.0396944007648423,103,104
BV08TR_0048,2,1.037330956267517,102,104
BV08TR_0048,3,1.0348812345087695,101,104
BV08TR_0048,4,1.0324019646735993,100,104
BV08TR_0048,5,1.0300580635648062,99,104
BV08TR_0048,6,1.027744310552405,98,104
BV08TR_0048,7,1.0253368840827315,97,104
BV08TR_0048,8,1.0229310728109227,96,104
BV08TR_0048,9,1.0205279189459584,95,104
BV08TR_0048,10,1.0181683953424254,94,104
BV08TR_0048,11,1.0159980592359885,93,104
BV08TR_0048,12,1.0136485680001726,92,104
BV08TR_0048,13,1.0112967993225408,91,104
BV08TR_0048,14,1.009000631080412,90,104
BV08TR_0048,15,1.0066704301037364,89,104
BV08TR_0048,16,1.00433058323026,88,104
BV08TR_0048,17,1.001947752890666,87,104
BV08TR_0048,18,0.9995435316223678,86,104
BV08TR_0048,19,0.9970250347282954,85,104
BV08TR_0048,20,0.994834235276538,84,104
BV08TR_0048,21,0.9924624922976706,83,104
BV08TR_0048,22,0.990216714471137,82,104
BV08TR_0048,23,0.9878291419680982,81,104
BV08TR_0048,24,0.9855487646201884,80,104
BV08TR_0048,25,0.9832049679088584,79,104
BV08TR_0048,26,0.9809247637138834,78,104
BV08TR_0048,27,0.9786306437845496,77,104
BV08TR_0048,28,0.9763010029762909,76,104
BV08TR_0048,29,0.9739797559330552,75,104
BV08TR_0048,30,0.971593271176501,74,104
BV08TR_0048,31,0.9692995895501824,73,104
BV08TR_0048,32,0.967011830889054,72,104
BV08TR_0048,33,0.9647685501475558,71,104
BV08TR_0048,34,0.9624785302312882,70,104
BV08TR_0048,35,0.9601071681445702,69,104
BV08TR_0048,36,0.9578284870476664,68,104
BV08TR_0048,37,0.9555626601488632,67,104
BV08TR_0048,38,0.9532750769983466,66,104
BV08TR_0048,39,0.9510646800319906,65,104
BV08TR_0048,40,0.948748569194588,64,104
BV08TR_0048,41,0.946560728862596,63,104
BV08TR_0048,42,0.9443114325472856,62,104
BV08TR_0048,43,0.9420640483944765,61,104
BV08TR_0048,44,0.9398151077065734,60,104
BV08TR_0048,45,0.937594463593381,59,104
BV08TR_0048,46,0.935470100229646,58,104
BV08TR_0048,47,0.933257662073322,57,104
BV08TR_0048,48,0.9309931971823842,56,104
BV08TR_0048,49,0.9286736134366808,55,104
BV08TR_0048,50,0.9263714747997812,54,104
BV08TR_0048,51,0.924032361118606,53,104
BV08TR_0048,52,0.921793237155534,52,104
BV08TR_0048,53,0.919485860771346,51,104
BV08TR_0048,54,0.9171081667848475,50,104
BV08TR_0048,55,0.91483658843231,49,104
BV08TR_0048,56,0.912536888930502,48,104
BV08TR_0048,57,0.910263826920383,47,104
BV08TR_0048,58,0.907930692087998,46,104
BV08TR_0048,59,0.9055589486201198,45,104
BV08TR_0048,60,0.9031799516482504,44,104
BV08TR_0048,61,0.9008509244367452,43,104
BV08TR_0048,62,0.8983935487871266,42,104
BV08TR_0048,63,0.8959596553291699,41,104
BV08TR_0048,64,0.8935515416596868,40,104
BV08TR_0048,65,0.8911860002728945,39,104
BV08TR_0048,66,0.8888382179350776,38,104
BV08TR_0048,67,0.8864764074487604,37,104
BV08TR_0048,68,0.8840994182892202,36,104
BV08TR_0048,69,0.8817756305057312,35,104
BV08TR_0048,70,0.8794096745488226,34,104
BV08TR_0048,71,0.8771781525107382,33,104
BV08TR_0048,72,0.874909898538925,32,104
BV08TR_0048,73,0.8724648289767948,31,104
BV08TR_0048,74,0.8700822926609753,30,104
BV08TR_0048,75,0.8677534387114046,29,104
BV08TR_0048,76,0.8654454349732456,28,104
BV08TR_0048,77,0.8630994406083508,27,104
BV08TR_0048,78,0.8607111566963803,26,104
BV08TR_0048,79,0.8582957700688028,25,104
BV08TR_0048,80,0.8559565911786271,24,104
BV08TR_0048,81,0.853548837440837,23,104
BV08TR_0048,82,0.8511567868785616,22,104
BV08TR_0048,83,0.848783925168883,21,104
BV08TR_0048,84,0.846510604850134,20,104
BV08TR_0048,85,0.8441860240484218,19,104
BV08TR_0048,86,0.8418013536683677,18,104
BV08TR_0048,87,0.8394328017941562,17,104
BV08TR_0048,88,0.837067840886841,16,104
BV08TR_0048,89,0.8346343630478315,15,104
BV08TR_0048,90,0.832241783351333,14,104
BV08TR_0048,91,0.8298543434380156,13,104
BV08TR_0048,92,0.8274998612770095,12,104
BV08TR_0048,93,0.8250932598407745,11,104
BV08TR_0048,94,0.8227734343554738,10,104
BV08TR_0048,95,0.8206208435825838,9,104
BV08TR_0048,96,0.8183309608819027,8,104
BV08TR_0048,97,0.8161597288719922,7,104
BV08TR_0048,98,0.8138102424303296,6,104
BV08TR_0048,99,0.8115128554402096,5,104
BV08TR_0048,100,0.8091763374970039,4,104
BV08TR_0048,101,0.8067717618682202,3,104
BV08TR_0048,102,0.804516199727479,2,104
BV08TR_0048,103,0.8022466966622872,1,104
BV08TR_0048,104,0.7999655240472696,0,104
BV08TR_0049,0,1.0262646322819855,80,80
BV08TR_0049,1,1.023340377447758,79,80
BV08TR_0049,2,1.0203363691461247,78,80
BV08TR_0049,3,1.0174413485040201,77,80
BV08TR_0049,4,1.0146049352202628,76,80
BV08TR_0049,5,1.0117707056036882,75,80
BV08TR_0049,6,1.008854954110085,74,80
BV08TR_0049,7,1.00591465093649,73,80
BV08TR_0049,8,1.0031343207940966,72,80
BV08TR_0049,9,1.000101513180672,71,80
BV08TR_0049,10,0.9971096673651773,70,80
BV08TR_0049,11,0.9942690740564843,69,80
BV08TR_0049,12,0.991433111512114,68,80
BV08TR_0049,13,0.988489227622688,67,80
BV08TR_0049,14,0.9856606744733515,66,80
BV08TR_0049,15,0.9828185838833186,65,80
BV08TR_0049,16,0.9799946921822652,64,80
BV08TR_0049,17,0.9771771316022821,63,80
BV08TR_0049,18,0.974512842605721,62,80
BV08TR_0049,19,0.9714903945716712,61,80
BV08TR_0049,20,0.968618468478445,60,80
BV08TR_0049,21,0.9658363027680175,59,80
BV08TR_0049,22,0.963167954456605,58,80
BV08TR_0049,23,0.9603434669055828,57,80
BV08TR_0049,24,0.9575067039872706,56,80
BV08TR_0049,25,0.9547072457160716,55,80
BV08TR_0049,26,0.9518610429012224,54,80
BV08TR_0049,27,0.948995342990255,53,80
BV08TR_0049,28,0.9461404078771668,52,80
BV08TR_0049,29,0.943426961813032,51,80
BV08TR_0049,30,0.940507400891299,50,80
BV08TR_0049,31,0.9377870815655662,49,80
BV08TR_0049,32,0.93505293367832,48,80
BV08TR_0049,33,0.932344626394116,47,80
BV08TR_0049,34,0.9295693584348405,46,80
BV08TR_0049,35,0.926830600440454,45,80
BV08TR_0049,36,0.9239732510476902,44,80
BV08TR_0049,37,0.9211994115093698,43,80
BV08TR_0049,38,0.9183165656492464,42,80
BV08TR_0049,39,0.915640663978278,41,80
BV08TR_0049,40,0.9129163632048402,40,80
BV08TR_0049,41,0.9102058035168272,39,80
BV08TR_0049,42,0.9074790349843644,38,80
BV08TR_0049,43,0.904645964140552,37,80
BV08TR_0049,44,0.9018352278347015,36,80
BV08TR_0049,45,0.8989924837708975,35,80
BV08TR_0049,46,0.8961929661393025,34,80
BV08TR_0049,47,0.8934914668901182,33,80
BV08TR_0049,48,0.8906979980374288,32,80
BV08TR_0049,49,0.8878431428719085,31,80
BV08TR_0049,50,0.8848957092992938,30,80
BV08TR_0049,51,0.8820044797522232,29,80
BV08TR_0049,52,0.8791492592518706,28,80
BV08TR_0049,53,0.8761205235607556,27,80
BV08TR_0049,54,0.8732421420295836,26,80
BV08TR_0049,55,0.870323039260048,25,80
BV08TR_0049,56,0.8675509108859148,24,80
BV08TR_0049,57,0.8646266007870851,23,80
BV08TR_0049,58,0.8617905168687384,22,80
BV08TR_0049,59,0.8589197386776865,21,80
BV08TR_0049,60,0.8559592447039116,20,80
BV08TR_0049,61,0.8530045708056985,19,80
BV08TR_0049,62,0.8501477119115778,18,80
BV08TR_0049,63,0.8472415743437879,17,80
BV08TR_0049,64,0.8441934650948608,16,80
BV08TR_0049,65,0.8412137902806615,15,80
BV08TR_0049,66,0.8385101103731616,14,80
BV08TR_0049,67,0.8355501313447442,13,80
BV08TR_0049,68,0.8325719064032997,12,80
BV08TR_0049,69,0.8296468271885106,11,80
BV08TR_0049,70,0.8266810490000704,10,80
BV08TR_0049,71,0.8238870127603163,9,80
BV08TR_0049,72,0.821116125289777,8,80
BV08TR_0049,73,0.8182654989104196,7,80
BV08TR_0049,74,0.8153716051995504,6,80
BV08TR_0049,75,0.8125108117820998,5,80
BV08TR_0049,76,0.809600304977901,4,80
BV08TR_0049,77,0.8067166523226175,3,80
BV08TR_0049,78,0.8038393044803706,2,80
BV08TR_0049,79,0.8009906368657915,1,80
BV08TR_0049,80,0.7980813789500916,0,80
BV08TR_0050,0,0.9740104070074528,52,52
BV08TR_0050,1,0.9708017906742272,51,52
BV08TR_0050,2,0.9677245710217415,50,52
BV08TR_0050,3,0.9645936238764816,49,52
BV08TR_0050,4,0.961426985014966,48,52
BV08TR_0050,5,0.9582994687567565,47,52
BV08TR_0050,6,0.9551896095580964,46,52
BV08TR_0050,7,0.9520388465370592,45,52
BV08TR_0050,8,0.9487686203741404,44,52
BV08TR_0050,9,0.9457658746094244,43,52
BV08TR_0050,10,0.942636397489872,42,52
BV08TR_0050,11,0.9395972426315558,41,52
BV08TR_0050,12,0.9364028173322658,40,52
BV08TR_0050,13,0.9332175360765204,39,52
BV08TR_0050,14,0.9300344415495455,38,52
BV08TR_0050,15,0.9269667919974346,37,52
BV08TR_0050,16,0.923757831527582,36,52
BV08TR_0050,17,0.9206953352872131,35,52
BV08TR_0050,18,0.9176006270889325,34,52
BV08TR_0050,19,0.9145024830403228,33,52
BV08TR_0050,20,0.9114135055841748,32,52
BV08TR_0050,21,0.9083066697896642,31,52
BV08TR_0050,22,0.9051463722186562,30,52
BV08TR_0050,23,0.9020332047887928,29,52
BV08TR_0050,24,0.8990704285962543,28,52
BV08TR_0050,25,0.895968346674415,27,52
BV08TR_0050,26,0.8928401772498135,26,52
BV08TR_0050,27,0.8898311412258859,25,52
BV08TR_0050,28,0.8867385585893238,24,52
BV08TR_0050,29,0.8837366519707675,23,52
BV08TR_0050,30,0.880647250804596,22,52
BV08TR_0050,31,0.8776515944451145,21,52
BV08TR_0050,32,0.8745823783029965,20,52
BV08TR_0050,33,0.871555135588059,19,52
BV08TR_0050,34,0.8684262179248453,18,52
BV08TR_0050,35,0.8654081778414768,17,52
BV08TR_0050,36,0.8624190871357587,16,52
BV08TR_0050,37,0.8593057482726798,15,52
BV08TR_0050,38,0.8561718274733756,14,52
BV08TR_0050,39,0.8531766118358985,13,52
BV08TR_0050,40,0.8500040030887853,12,52
BV08TR_0050,41,0.8457048819356876,11,52
BV08TR_0050,42,0.8413037374466088,10,52
BV08TR_0050,43,0.8370392772537081,9,52
BV08TR_0050,44,0.832635270568963,8,52
BV08TR_0050,45,0.8282703197918647,7,52
BV08TR_0050,46,0.823832863063321,6,52
BV08TR_0050,47,0.8193760748979819,5,52
BV08TR_0050,48,0.8150442078381931,4,52
BV08TR_0050,49,0.8104886516553564,3,52
BV08TR_0050,50,0.8061700906277947,2,52
BV08TR_0050,51,0.801686222445467,1,52
BV08TR_0050,52,0.7972841033518469,0,52
BV08TR_0051,0,0.974995669371098,53,53
BV08TR_0051,1,0.9719207157106438,52,53
BV08TR_0051,2,0.9687855804104246,51,53
BV08TR_0051,3,0.9657193656105482,50,53
BV08TR_0051,4,0.962670052440409,49,53
BV08TR_0051,5,0.9594668783341322,48,53
BV08TR_0051,6,0.9563267390585556,47,53
BV08TR_0051,7,0.9533626079245078,46,53
BV08TR_0051,8,0.9501207062441221,45,53
BV08TR_0051,9,0.947109381814368,44,53
BV08TR_0051,10,0.9438735060324536,43,53
BV08TR_0051,11,0.940765016805658,42,53
BV08TR_0051,12,0.9378276509044605,41,53
BV08TR_0051,13,0.9347189136965426,40,53
BV08TR_0051,14,0.9315682852597714,39,53
BV08TR_0051,15,0.928455210827242,38,53
BV08TR_0051,16,0.9253986565584712,37,53
BV08TR_0051,17,0.9222404778243702,36,53
BV08TR_0051,18,0.919076568959078,35,53
BV08TR_0051,19,0.9159306456443532,34,53
BV08TR_0051,20,0.9128111146968476,33,53
BV08TR_0051,21,0.9097693784651748,32,53
BV08TR_0051,22,0.9066252709204774,31,53
BV08TR_0051,23,0.9035203736500105,30,53
BV08TR_0051,24,0.9004146908245964,29,53
BV08TR_0051,25,0.8972631621584614,28,53
BV08TR_0051,26,0.8940161455542105,27,53
BV08TR_0051,27,0.8908309790597067,26,53
BV08TR_0051,28,0.88764287780473,25,53
BV08TR_0051,29,0.8844289152674935,24,53
BV08TR_0051,30,0.8812787674816225,23,53
BV08TR_0051,31,0.8781744276184428,22,53
BV08TR_0051,32,0.8750566789230698,21,53
BV08TR_0051,33,0.8719550510921698,20,53
BV08TR_0051,34,0.8687220744478718,19,53
BV08TR_0051,35,0.8655069281961928,18,53
BV08TR_0051,36,0.8623630747369151,17,53
BV08TR_0051,37,0.8591931646815292,16,53
BV08TR_0051,38,0.8560716669023397,15,53
BV08TR_0051,39,0.8528564440358152,14,53
BV08TR_0051,40,0.8495770504755074,13,53
BV08TR_0051,41,0.8462703316915916,12,53
BV08TR_0051,42,0.842941434455993,11,53
BV08TR_0051,43,0.8397218309088175,10,53
BV08TR_0051,44,0.8366129373320138,9,53
BV08TR_0051,45,0.8332948393071975,8,53
BV08TR_0051,46,0.8300355847942843,7,53
BV08TR_0051,47,0.8257376935569939,6,53
BV08TR_0051,48,0.821262225755718,5,53
BV08TR_0051,49,0.8166451324576909,4,53
BV08TR_0051,50,0.8122234692041914,3,53
BV08TR_0051,51,0.8078448907617924,2,53
BV08TR_0051,52,0.8032901059215926,1,53
BV08TR_0051,53,0.7988599732034436,0,53
BV08TR_0052,0,0.977084917674486,71,71
BV08TR_0052,1,0.974581311223331,70,71
BV08TR_0052,2,0.9719879362533752,69,71
BV08TR_0052,3,0.9694697434618356,68,71
BV08TR_0052,4,0.9668484736469968,67,71
BV08TR_0052,5,0.9643137133175635,66,71
BV08TR_0052,6,0.9617117719949598,65,71
BV08TR_0052,7,0.9589849091601508,64,71
BV08TR_0052,8,0.9564605022870541,63,71
BV08TR_0052,9,0.9539023269339024,62,71
BV08TR_0052,10,0.9514384927462904,61,71
BV08TR_0052,11,0.9488412469725168,60,71
BV08TR_0052,12,0.9461838655797512,59,71
BV08TR_0052,13,0.943693819956018,58,71
BV08TR_0052,14,0.9411516926509252,57,71
BV08TR_0052,15,0.9385889022922156,56,71
BV08TR_0052,16,0.9359968434760546,55,71
BV08TR_0052,17,0.9334729503251458,54,71
BV08TR_0052,18,0.930879278188106,53,71
BV08TR_0052,19,0.9283455706820966,52,71
BV08TR_0052,20,0.925780712156274,51,71
BV08TR_0052,21,0.9233235821385491,50,71
BV08TR_0052,22,0.9207430385108212,49,71
BV08TR_0052,23,0.918190046531828,48,71
BV08TR_0052,24,0.915593352144322,47,71
BV08TR_0052,25,0.9131720284149802,46,71
BV08TR_0052,26,0.9105392739557984,45,71
BV08TR_0052,27,0.908095459006512,44,71
BV08TR_0052,28,0.9055622311038835,43,71
BV08TR_0052,29,0.9030793114325054,42,71
BV08TR_0052,30,0.9005564090165415,41,71
BV08TR_0052,31,0.898103247722798,40,71
BV08TR_0052,32,0.8957005780098998,39,71
BV08TR_0052,33,0.8931802628548968,38,71
BV08TR_0052,34,0.890661528467063,37,71
BV08TR_0052,35,0.8882467112020875,36,71
BV08TR_0052,36,0.8858138698730295,35,71
BV08TR_0052,37,0.8834311816405868,34,71
BV08TR_0052,38,0.8809592828630609,33,71
BV08TR_0052,39,0.8784736368304548,32,71
BV08TR_0052,40,0.8760863438569678,31,71
BV08TR_0052,41,0.8736752126057542,30,71
BV08TR_0052,42,0.8713135380518818,29,71
BV08TR_0052,43,0.8689441482188114,28,71
BV08TR_0052,44,0.8665529648243038,27,71
BV08TR_0052,45,0.8640787796003736,26,71
BV08TR_0052,46,0.861596674342436,25,71
BV08TR_0052,47,0.8591239623851178,24,71
BV08TR_0052,48,0.856752649431956,23,71
BV08TR_0052,49,0.8542669204172445,22,71
BV08TR_0052,50,0.8518230312884824,21,71
BV08TR_0052,51,0.8494448869464125,20,71
BV08TR_0052,52,0.8469778875003114,19,71
BV08TR_0052,53,0.8444993531868324,18,71
BV08TR_0052,54,0.841976575773702,17,71
BV08TR_0052,55,0.8395343798533488,16,71
BV08TR_0052,56,0.8369401058269506,15,71
BV08TR_0052,57,0.834400063861035,14,71
BV08TR_0052,58,0.8319243933736759,13,71
BV08TR_0052,59,0.829456195234578,12,71
BV08TR_0052,60,0.8270089841008801,11,71
BV08TR_0052,61,0.8244981856968071,10,71
BV08TR_0052,62,0.8219554345905511,9,71
BV08TR_0052,63,0.8193534918473845,8,71
BV08TR_0052,64,0.8168154623625646,7,71
BV08TR_0052,65,0.8142978510578562,6,71
BV08TR_0052,66,0.8116453950247986,5,71
BV08TR_0052,67,0.8090783956538515,4,71
BV08TR_0052,68,0.8065201487787768,3,71
BV08TR_0052,69,0.8039579528184355,2,71
BV08TR_0052,70,0.8013666774894052,1,71
BV08TR_0052,71,0.7987997524873732,0,71
BV08TR_0053,0,1.0149203755378717,90,90
BV08TR_0053,1,1.0124915953425988,89,90
BV08TR_0053,2,1.0101203249878303,88,90
BV08TR_0053,3,1.0077743350222825,87,90
BV08TR_0053,4,1.005275596642967,86,90
BV08TR_0053,5,1.0027960072276065,85,90
BV08TR_0053,6,1.0004441251281904,84,90
BV08TR_0053,7,0.997957875106309,83,90
BV08TR_0053,8,0.9953837865804266,82,90
BV08TR_0053,9,0.9928817779064862,81,90
BV08TR_0053,10,0.9904724110584106,80,90
BV08TR_0053,11,0.9880465519170054,79,90
BV08TR_0053,12,0.985638378714219,78,90
BV08TR_0053,13,0.9831370309612708,77,90
BV08TR_0053,14,0.9806570953821768,76,90
BV08TR_0053,15,0.9782666791883666,75,90
BV08TR_0053,16,0.9759141327468074,74,90
BV08TR_0053,17,0.9734439747153611,73,90
BV08TR_0053,18,0.971062752826993,72,90
BV08TR_0053,19,0.968643361338176,71,90
BV08TR_0053,20,0.9662359588405202,70,90
BV08TR_0053,21,0.96377602806853,69,90
BV08TR_0053,22,0.9613107032340268,68,90
BV08TR_0053,23,0.9589496612709946,67,90
BV08TR_0053,24,0.956492220914166,66,90
BV08TR_0053,25,0.9541792424442588,65,90
BV08TR_0053,26,0.9517528955017946,64,90
BV08TR_0053,27,0.949338781032388,63,90
BV08TR_0053,28,0.9468528983375184,62,90
BV08TR_0053,29,0.944469866146292,61,90
BV08TR_0053,30,0.9420577845527845,60,90
BV08TR_0053,31,0.9396247558919266,59,90
BV08TR_0053,32,0.9371424143535706,58,90
BV08TR_0053,33,0.934797545345547,57,90
BV08TR_0053,34,0.9324969474223785,56,90
BV08TR_0053,35,0.9301863121175366,55,90
BV08TR_0053,36,0.9278494516684594,54,90
BV08TR_0053,37,0.9256101632922674,53,90
BV08TR_0053,38,0.923280071816096,52,90
BV08TR_0053,39,0.9209677401736852,51,90
BV08TR_0053,40,0.9186173623353245,50,90
BV08TR_0053,41,0.9162732908434464,49,90
BV08TR_0053,42,0.913876731709362,48,90
BV08TR_0053,43,0.9115013181450914,47,90
BV08TR_0053,44,0.909173798780092,46,90
BV08TR_0053,45,0.9067714221908084,45,90
BV08TR_0053,46,0.9043838075105894,44,90
BV08TR_0053,47,0.9019682452328004,43,90
BV08TR_0053,48,0.8995931451859656,42,90
BV08TR_0053,49,0.8972847892893466,41,90
BV08TR_0053,50,0.8949339623215474,40,90
BV08TR_0053,51,0.8925950918833305,39,90
BV08TR_0053,52,0.8903230193841385,38,90
BV08TR_0053,53,0.8879402113432288,37,90
BV08TR_0053,54,0.8855139522853721,36,90
BV08TR_0053,55,0.8830993377236467,35,90
BV08TR_0053,56,0.8807569405352773,34,90
BV08TR_0053,57,0.8784766525196204,33,90
BV08TR_0053,58,0.8762022948743514,32,90
BV08TR_0053,59,0.8737205393311265,31,90
BV08TR_0053,60,0.8713684951698949,30,90
BV08TR_0053,61,0.8690139128114576,29,90
BV08TR_0053,62,0.8666777461466674,28,90
BV08TR_0053,63,0.8643605098589004,27,90
BV08TR_0053,64,0.8620248492366158,26,90
BV08TR_0053,65,0.8596151950461884,25,90
BV08TR_0053,66,0.8571839365192253,24,90
BV08TR_0053,67,0.8547807981281085,23,90
BV08TR_0053,68,0.8522776520949547,22,90
BV08TR_0053,69,0.8497473882685218,21,90
BV08TR_0053,70,0.8473039678264145,20,90
BV08TR_0053,71,0.8446386901825752,19,90
BV08TR_0053,72,0.8421805477913663,18,90
BV08TR_0053,73,0.8397259357474804,17,90
BV08TR_0053,74,0.8371836910001494,16,90
BV08TR_0053,75,0.8347820204570838,15,90
BV08TR_0053,76,0.8324004271098361,14,90
BV08TR_0053,77,0.8300327206277396,13,90
BV08TR_0053,78,0.8276508145337655,12,90
BV08TR_0053,79,0.8252693054443716,11,90
BV08TR_0053,80,0.8228952025836446,10,90
BV08TR_0053,81,0.8204322490253879,9,90
BV08TR_0053,82,0.8178875457901289,8,90
BV08TR_0053,83,0.8154857501105507,7,90
BV08TR_0053,84,0.812996244100686,6,90
BV08TR_0053,85,0.8105466061145234,5,90
BV08TR_0053,86,0.808013416187346,4,90
BV08TR_0053,87,0.8056199395546935,3,90
BV08TR_0053,88,0.8031737891311097,2,90
BV08TR_0053,89,0.8007268970284838,1,90
BV08TR_0053,90,0.7983144208506705,0,90
BV08TR_0054,0,0.998184749398703,63,63
BV08TR_0054,1,0.9952954432333022,62,63
BV08TR_0054,2,0.9923439729286334,61,63
BV08TR_0054,3,0.9894307317831595,60,63
BV08TR_0054,4,0.9867253062978784,59,63
BV08TR_0054,5,0.983808050663711,58,63
BV08TR_0054,6,0.9809632223359894,57,63
BV08TR_0054,7,0.9780019190855832,56,63
BV08TR_0054,8,0.9751963246301054,55,63
BV08TR_0054,9,0.9721339963827295,54,63
BV08TR_0054,10,0.9691889010293655,53,63
BV08TR_0054,11,0.9662877399142884,52,63
BV08TR_0054,12,0.9634134584181774,51,63
BV08TR_0054,13,0.9604377276414365,50,63
BV08TR_0054,14,0.9573415023065804,49,63
BV08TR_0054,15,0.9545035206097652,48,63
BV08TR_0054,16,0.9516383912726264,47,63
BV08TR_0054,17,0.9486289628029192,46,63
BV08TR_0054,18,0.9455770290479542,45,63
BV08TR_0054,19,0.9427791104203594,44,63
BV08TR_0054,20,0.9398411594891204,43,63
BV08TR_0054,21,0.9368607032511664,42,63
BV08TR_0054,22,0.933909931466533,41,63
BV08TR_0054,23,0.9309844083216005,40,63
BV08TR_0054,24,0.92795663194076,39,63
BV08TR_0054,25,0.9251772330876714,38,63
BV08TR_0054,26,0.9221638334850848,37,63
BV08TR_0054,27,0.9190856767110995,36,63
BV08TR_0054,28,0.916162395468004,35,63
BV08TR_0054,29,0.9131772814037507,34,63
BV08TR_0054,30,0.9102596119447428,33,63
BV08TR_0054,31,0.907303817488442,32,63
BV08TR_0054,32,0.904359949901966,31,63
BV08TR_0054,33,0.9014375079377138,30,63
BV08TR_0054,34,0.898467831735427,29,63
BV08TR_0054,35,0.8955495138687909,28,63
BV08TR_0054,36,0.8925741291783786,27,63
BV08TR_0054,37,0.8896324869137716,26,63
BV08TR_0054,38,0.886524015085836,25,63
BV08TR_0054,39,0.8834603427465236,24,63
BV08TR_0054,40,0.8804917810738236,23,63
BV08TR_0054,41,0.8775561166530509,22,63
BV08TR_0054,42,0.8744779148827934,21,63
BV08TR_0054,43,0.8715855852212921,20,63
BV08TR_0054,44,0.8687608870038644,19,63
BV08TR_0054,45,0.865845011258954,18,63
BV08TR_0054,46,0.8629823244126348,17,63
BV08TR_0054,47,0.860053194804169,16,63
BV08TR_0054,48,0.857115980787935,15,63
BV08TR_0054,49,0.8543662559277658,14,63
BV08TR_0054,50,0.8514817833227817,13,63
BV08TR_0054,51,0.8485278121420873,12,63
BV08TR_0054,52,0.8455294441052524,11,63
BV08TR_0054,53,0.8413556017243535,10,63
BV08TR_0054,54,0.837301914077964,9,63
BV08TR_0054,55,0.8330316047598839,8,63
BV08TR_0054,56,0.8288977619929613,7,63
BV08TR_0054,57,0.824860855799899,6,63
BV08TR_0054,58,0.8206973846880713,5,63
BV08TR_0054,59,0.8165168636114739,4,63
BV08TR_0054,60,0.8122405324449904,3,63
BV08TR_0054,61,0.808026037502719,2,63
BV08TR_0054,62,0.8037581837554916,1,63
BV08TR_0054,63,0.7996634658983378,0,63
BV08TR_0055,0,0.9721801697884,58,58
BV08TR_0055,1,0.9692760834027244,57,58
BV08TR_0055,2,0.9661752413159984,56,58
BV08TR_0055,3,0.9631517622226962,55,58
BV08TR_0055,4,0.9601954206428108,54,58
BV08TR_0055,5,0.957194323679736,53,58
BV08TR_0055,6,0.9541972943719634,52,58
BV08TR_0055,7,0.951111177884612,51,58
BV08TR_0055,8,0.9480895993133313,50,58
BV08TR_0055,9,0.945201174234655,49,58
BV08TR_0055,10,0.9421934926798184,48,58
BV08TR_0055,11,0.939114733104948,47,58
BV08TR_0055,12,0.9361313225187136,46,58
BV08TR_0055,13,0.9330649087837434,45,58
BV08TR_0055,14,0.9300757539669092,44,58
BV08TR_0055,15,0.9269937973343924,43,58
BV08TR_0055,16,0.9239086366443108,42,58
BV08TR_0055,17,0.9209122609479888,41,58
BV08TR_0055,18,0.9180492355398735,40,58
BV08TR_0055,19,0.9149373381875422,39,58
BV08TR_0055,20,0.91188417601891,38,58
BV08TR_0055,21,0.9087133477069946,37,58
BV08TR_0055,22,0.9056532785178522,36,58
BV08TR_0055,23,0.9025663370809248,35,58
BV08TR_0055,24,0.8995032124874904,34,58
BV08TR_0055,25,0.8964681164853474,33,58
BV08TR_0055,26,0.8933714333230778,32,58
BV08TR_0055,27,0.8903242829073384,31,58
BV08TR_0055,28,0.8873210614892936,30,58
BV08TR_0055,29,0.8841731200485754,29,58
BV08TR_0055,30,0.8811756719044135,28,58
BV08TR_0055,31,0.8780443777872328,27,58
BV08TR_0055,32,0.8749977230044091,26,58
BV08TR_0055,33,0.8720013389397775,25,58
BV08TR_0055,34,0.8690984107737763,24,58
BV08TR_0055,35,0.8660924700780614,23,58
BV08TR_0055,36,0.8631718938933973,22,58
BV08TR_0055,37,0.8601184709171551,21,58
BV08TR_0055,38,0.8571583034016936,20,58
BV08TR_0055,39,0.8542399945147092,19,58
BV08TR_0055,40,0.8512642712807165,18,58
BV08TR_0055,41,0.8481948733050692,17,58
BV08TR_0055,42,0.8452220873636682,16,58
BV08TR_0055,43,0.8420865135055476,15,58
BV08TR_0055,44,0.8390669127752025,14,58
BV08TR_0055,45,0.8361275398479848,13,58
BV08TR_0055,46,0.8331718570978325,12,58
BV08TR_0055,47,0.8302722374267694,11,58
BV08TR_0055,48,0.8273272698254591,10,58
BV08TR_0055,49,0.8242489457187051,9,58
BV08TR_0055,50,0.8213749514222028,8,58
BV08TR_0055,51,0.8185428741592805,7,58
BV08TR_0055,52,0.815618765040376,6,58
BV08TR_0055,53,0.8125487411718314,5,58
BV08TR_0055,54,0.8095803772811555,4,58
BV08TR_0055,55,0.8067460270648174,3,58
BV08TR_0055,56,0.8037856962156938,2,58
BV08TR_0055,57,0.8008532495561709,1,58
BV08TR_0055,58,0.7979971582195521,0,58
BV08TR_0056,0,0.992452199808644,73,73
BV08TR_0056,1,0.9900103092440182,72,73
BV08TR_0056,2,0.9876129005809322,71,73
BV08TR_0056,3,0.9851146470708658,70,73
BV08TR_0056,4,0.982641190039206,69,73
BV08TR_0056,5,0.9800553819801258,68,73
BV08TR_0056,6,0.977505373427119,67,73
BV08TR_0056,7,0.975069764775562,66,73
BV08TR_0056,8,0.9725533130407402,65,73
BV08TR_0056,9,0.9699913840477804,64,73
BV08TR_0056,10,0.9675271885583252,63,73
BV08TR_0056,11,0.9651477477763054,62,73
BV08TR_0056,12,0.9626872610347906,61,73
BV08TR_0056,13,0.9601964158624426,60,73
BV08TR_0056,14,0.9577671742417818,59,73
BV08TR_0056,15,0.9554069388371588,58,73
BV08TR_0056,16,0.9529566692297196,57,73
BV08TR_0056,17,0.9506109967730624,56,73
BV08TR_0056,18,0.9480776389340596,55,73
BV08TR_0056,19,0.9455600508119725,54,73
BV08TR_0056,20,0.9431316550053312,53,73
BV08TR_0056,21,0.94063820992996,52,73
BV08TR_0056,22,0.9381948170973116,51,73
BV08TR_0056,23,0.935777152038478,50,73
BV08TR_0056,24,0.9333364942994772,49,73
BV08TR_0056,25,0.9308811876786868,48,73
BV08TR_0056,26,0.928476577138314,47,73
BV08TR_0056,27,0.9259467047072256,46,73
BV08TR_0056,28,0.9235068743375265,45,73
BV08TR_0056,29,0.9210998868425386,44,73
BV08TR_0056,30,0.918726387047439,43,73
BV08TR_0056,31,0.916480536375399,42,73
BV08TR_0056,32,0.9140990586990808,41,73
BV08TR_0056,33,0.911691121582634,40,73
BV08TR_0056,34,0.9092900221831115,39,73
BV08TR_0056,35,0.9069284984778844,38,73
BV08TR_0056,36,0.904563961501981,37,73
BV08TR_0056,37,0.9021956819037285,36,73
BV08TR_0056,38,0.8998433160712432,35,73
BV08TR_0056,39,0.8975600470470728,34,73
BV08TR_0056,40,0.8951866491744273,33,73
BV08TR_0056,41,0.8928088704780216,32,73
BV08TR_0056,42,0.8904921921926915,31,73
BV08TR_0056,43,0.8881696344113865,30,73
BV08TR_0056,44,0.8858106891205616,29,73
BV08TR_0056,45,0.8833508949066088,28,73
BV08TR_0056,46,0.8809696088114851,27,73
BV08TR_0056,47,0.8785758641749606,26,73
BV08TR_0056,48,0.8761082631247903,25,73
BV08TR_0056,49,0.8736961742981896,24,73
BV08TR_0056,50,0.8713350525809924,23,73
BV08TR_0056,51,0.8689086295220138,22,73
BV08TR_0056,52,0.8657200415803415,21,73
BV08TR_0056,53,0.8626063120131539,20,73
BV08TR_0056,54,0.8593922288685818,19,73
BV08TR_0056,55,0.8561438828053747,18,73
BV08TR_0056,56,0.8529395008773208,17,73
BV08TR_0056,57,0.8498478225769701,16,73
BV08TR_0056,58,0.8466226851969151,15,73
BV08TR_0056,59,0.8433920877709206,14,73
BV08TR_0056,60,0.8401686331241814,13,73
BV08TR_0056,61,0.8369168269708057,12,73
BV08TR_0056,62,0.833846665456229,11,73
BV08TR_0056,63,0.8307216561721598,10,73
BV08TR_0056,64,0.8275737442634752,9,73
BV08TR_0056,65,0.8242098225970778,8,73
BV08TR_0056,66,0.8208967903182507,7,73
BV08TR_0056,67,0.8177153312646837,6,73
BV08TR_0056,68,0.8145261069916226,5,73
BV08TR_0056,69,0.8113653730113481,4,73
BV08TR_0056,70,0.808023378586949,3,73
BV08TR_0056,71,0.8047003735520007,2,73
BV08TR_0056,72,0.8014316881738093,1,73
BV08TR_0056,73,0.7980615450614711,0,73
BV08TR_0057,0,1.0237669335165875,68,68
BV08TR_0057,1,1.0205129004542137,67,68
BV08TR_0057,2,1.0172439522335415,66,68
BV08TR_0057,3,1.0139541826007406,65,68
BV08TR_0057,4,1.010714449953844,64,68
BV08TR_0057,5,1.0075750657600488,63,68
BV08TR_0057,6,1.0042044649609065,62,68
BV08TR_0057,7,1.0008043960509896,61,68
BV08TR_0057,8,0.9975558911412942,60,68
BV08TR_0057,9,0.994109449390772,59,68
BV08TR_0057,10,0.9907993332233628,58,68
BV08TR_0057,11,0.9874479479558572,57,68
BV08TR_0057,12,0.9842280065062188,56,68
BV08TR_0057,13,0.98079035786075,55,68
BV08TR_0057,14,0.9773928997512312,54,68
BV08TR_0057,15,0.973999900330816,53,68
BV08TR_0057,16,0.9706988161832318,52,68
BV08TR_0057,17,0.967303270702932,51,68
BV08TR_0057,18,0.9636870668675827,50,68
BV08TR_0057,19,0.9603292582264786,49,68
BV08TR_0057,20,0.9570439904822292,48,68
BV08TR_0057,21,0.953615539769302,47,68
BV08TR_0057,22,0.9501172534399798,46,68
BV08TR_0057,23,0.9466339587180223,45,68
BV08TR_0057,24,0.9431511322716098,44,68
BV08TR_0057,25,0.9397805998784599,43,68
BV08TR_0057,26,0.936461926312539,42,68
BV08TR_0057,27,0.9330346268562265,41,68
BV08TR_0057,28,0.9297191102633604,40,68
BV08TR_0057,29,0.9264404606864086,39,68
BV08TR_0057,30,0.9232909173114378,38,68
BV08TR_0057,31,0.9199954817264678,37,68
BV08TR_0057,32,0.9166042660501668,36,68
BV08TR_0057,33,0.913191891259162,35,68
BV08TR_0057,34,0.909747511791236,34,68
BV08TR_0057,35,0.906463681262692,33,68
BV08TR_0057,36,0.9029630781021072,32,68
BV08TR_0057,37,0.8995148710489219,31,68
BV08TR_0057,38,0.8961944818898936,30,68
BV08TR_0057,39,0.8927151821219097,29,68
BV08TR_0057,40,0.8893248209678714,28,68
BV08TR_0057,41,0.8860039864660041,27,68
BV08TR_0057,42,0.882540548199537,26,68
BV08TR_0057,43,0.8791971399787243,25,68
BV08TR_0057,44,0.8758687933636488,24,68
BV08TR_0057,45,0.872476220034976,23,68
BV08TR_0057,46,0.8691593610735696,22,68
BV08TR_0057,47,0.8658919456130478,21,68
BV08TR_0057,48,0.8626376068773856,20,68
BV08TR_0057,49,0.8593521656616986,19,68
BV08TR_0057,50,0.8561130867006624,18,68
BV08TR_0057,51,0.8529011306718232,17,68
BV08TR_0057,52,0.8496070839023011,16,68
BV08TR_0057,53,0.8463660541418657,15,68
BV08TR_0057,54,0.8430159640969813,14,68
BV08TR_0057,55,0.8396606046946543,13,68
BV08TR_0057,56,0.8365359910430158,12,68
BV08TR_0057,57,0.833246327017961,11,68
BV08TR_0057,58,0.829873952481336,10,68
BV08TR_0057,59,0.826551079691334,9,68
BV08TR_0057,60,0.8233643100265965,8,68
BV08TR_0057,61,0.8202119335716209,7,68
BV08TR_0057,62,0.8171655929953954,6,68
BV08TR_0057,63,0.8140778074484073,5,68
BV08TR_0057,64,0.8110563619712358,4,68
BV08TR_0057,65,0.8078967386305307,3,68
BV08TR_0057,66,0.8045851966748143,2,68
BV08TR_0057,67,0.8013141199441118,1,68
BV08TR_0057,68,0.798064413480721,0,68
BV08TR_0058,0,1.0084594544777592,85,85
BV08TR_0058,1,1.0060090302221034,84,85
BV08TR_0058,2,1.0034845800535284,83,85
BV08TR_0058,3,1.0010663902438806,82,85
BV08TR_0058,4,0.9986082565954074,81,85
BV08TR_0058,5,0.9960755770904052,80,85
BV08TR_0058,6,0.9935737571767068,79,85
BV08TR_0058,7,0.9911176534569904,78,85
BV08TR_0058,8,0.9885021049540572,77,85
BV08TR_0058,9,0.9860199879266393,76,85
BV08TR_0058,10,0.983510865925368,75,85
BV08TR_0058,11,0.9810354159514608,74,85
BV08TR_0058,12,0.9785822939334184,73,85
BV08TR_0058,13,0.976109837565578,72,85
BV08TR_0058,14,0.9736429356880097,71,85
BV08TR_0058,15,0.9711180649072438,70,85
BV08TR_0058,16,0.9685254825519308,69,85
BV08TR_0058,17,0.9659996512698645,68,85
BV08TR_0058,18,0.9633903396408744,67,85
BV08TR_0058,19,0.9608618145296486,66,85
BV08TR_0058,20,0.958261795806336,65,85
BV08TR_0058,21,0.9557381526315322,64,85
BV08TR_0058,22,0.9532489285175608,63,85
BV08TR_0058,23,0.9507175020043618,62,85
BV08TR_0058,24,0.948152007340108,61,85
BV08TR_0058,25,0.945683805973624,60,85
BV08TR_0058,26,0.9431698100963005,59,85
BV08TR_0058,27,0.940722397622204,58,85
BV08TR_0058,28,0.9384084758477372,57,85
BV08TR_0058,29,0.9357977156430044,56,85
BV08TR_0058,30,0.9332520281407855,55,85
BV08TR_0058,31,0.9307004667440545,54,85
BV08TR_0058,32,0.9281789285090444,53,85
BV08TR_0058,33,0.9255510080820571,52,85
BV08TR_0058,34,0.9230209859491032,51,85
BV08TR_0058,35,0.9205361941038054,50,85
BV08TR_0058,36,0.9181051364539046,49,85
BV08TR_0058,37,0.9156507105382345,48,85
BV08TR_0058,38,0.9132084570522904,47,85
BV08TR_0058,39,0.9108453641095335,46,85
BV08TR_0058,40,0.90839443400276,45,85
BV08TR_0058,41,0.9058992267213632,44,85
BV08TR_0058,42,0.9033571631042772,43,85
BV08TR_0058,43,0.90103022104654,42,85
BV08TR_0058,44,0.8985949234499654,41,85
BV08TR_0058,45,0.8961719570655735,40,85
BV08TR_0058,46,0.8937484673682748,39,85
BV08TR_0058,47,0.8915388526913626,38,85
BV08TR_0058,48,0.889173450463479,37,85
BV08TR_0058,49,0.886820167578281,36,85
BV08TR_0058,50,0.8843192086386533,35,85
BV08TR_0058,51,0.881930140770092,34,85
BV08TR_0058,52,0.8794706492738379,33,85
BV08TR_0058,53,0.8769550143090515,32,85
BV08TR_0058,54,0.8745957200212243,31,85
BV08TR_0058,55,0.8721825248686129,30,85
BV08TR_0058,56,0.869722804305693,29,85
BV08TR_0058,57,0.8673978774419381,28,85
BV08TR_0058,58,0.8650543426068132,27,85
BV08TR_0058,59,0.862630985637591,26,85
BV08TR_0058,60,0.8602131623732268,25,85
BV08TR_0058,61,0.857649926343729,24,85
BV08TR_0058,62,0.8552421500692615,23,85
BV08TR_0058,63,0.8528008622314368,22,85
BV08TR_0058,64,0.8503412680339754,21,85
BV08TR_0058,65,0.8478252076324333,20,85
BV08TR_0058,66,0.8453071022953345,19,85
BV08TR_0058,67,0.8428102894003674,18,85
BV08TR_0058,68,0.8401887939769114,17,85
BV08TR_0058,69,0.8378050736462027,16,85
BV08TR_0058,70,0.8352876120349393,15,85
BV08TR_0058,71,0.8328219170407395,14,85
BV08TR_0058,72,0.8303855154221944,13,85
BV08TR_0058,73,0.8278384891927444,12,85
BV08TR_0058,74,0.825380206468824,11,85
BV08TR_0058,75,0.8229519069211474,10,85
BV08TR_0058,76,0.8204236253818441,9,85
BV08TR_0058,77,0.8178591221112854,8,85
BV08TR_0058,78,0.8152701510213849,7,85
BV08TR_0058,79,0.8128616986742704,6,85
BV08TR_0058,80,0.8102629633951719,5,85
BV08TR_0058,81,0.8078867897274047,4,85
BV08TR_0058,82,0.8053790539909604,3,85
BV08TR_0058,83,0.8029767849324,2,85
BV08TR_0058,84,0.8004069279288999,1,85
BV08TR_0058,85,0.7979089498565713,0,85
BV08TR_0059,0,1.0302539371862702,66,66
BV08TR_0059,1,1.0267692843147633,65,66
BV08TR_0059,2,1.0231485657951436,64,66
BV08TR_0059,3,1.0194842546828755,63,66
BV08TR_0059,4,1.0160403657632051,62,66
BV08TR_0059,5,1.0125076967621365,61,66
BV08TR_0059,6,1.009042277074554,60,66
BV08TR_0059,7,1.005517535451459,59,66
BV08TR_0059,8,1.002089665941396,58,66
BV08TR_0059,9,0.9985681379679605,57,66
BV08TR_0059,10,0.9950091753971165,56,66
BV08TR_0059,11,0.9914725433783586,55,66
BV08TR_0059,12,0.987937379220872,54,66
BV08TR_0059,13,0.984454691560052,53,66
BV08TR_0059,14,0.9807678732893724,52,66
BV08TR_0059,15,0.977043122197628,51,66
BV08TR_0059,16,0.973528329744466,50,66
BV08TR_0059,17,0.969929691438778,49,66
BV08TR_0059,18,0.9663505547780826,48,66
BV08TR_0059,19,0.9627549476304602,47,66
BV08TR_0059,20,0.9591661618077808,46,66
BV08TR_0059,21,0.9555059049162274,45,66
BV08TR_0059,22,0.9520849891735051,44,66
BV08TR_0059,23,0.9484737549474688,43,66
BV08TR_0059,24,0.9448504852990278,42,66
BV08TR_0059,25,0.9412906045381246,41,66
BV08TR_0059,26,0.9376995009760136,40,66
BV08TR_0059,27,0.9341303984652302,39,66
BV08TR_0059,28,0.9304525151989362,38,66
BV08TR_0059,29,0.9268040314354878,37,66
BV08TR_0059,30,0.923267448065246,36,66
BV08TR_0059,31,0.9196306630853766,35,66
BV08TR_0059,32,0.9160265582434775,34,66
BV08TR_0059,33,0.912361736015709,33,66
BV08TR_0059,34,0.908883954160604,32,66
BV08TR_0059,35,0.9052990256088128,31,66
BV08TR_0059,36,0.9016506660952402,30,66
BV08TR_0059,37,0.8982086110704768,29,66
BV08TR_0059,38,0.8946261154164784,28,66
BV08TR_0059,39,0.8910232702218932,27,66
BV08TR_0059,40,0.8874616805460102,26,66
BV08TR_0059,41,0.8838008444480961,25,66
BV08TR_0059,42,0.8802503380898028,24,66
BV08TR_0059,43,0.8766487004519067,23,66
BV08TR_0059,44,0.8731380676445606,22,66
BV08TR_0059,45,0.8696152379021054,21,66
BV08TR_0059,46,0.8661669628691065,20,66
BV08TR_0059,47,0.8626813069199752,19,66
BV08TR_0059,48,0.859163837662348,18,66
BV08TR_0059,49,0.8556597126922744,17,66
BV08TR_0059,50,0.8521330337954525,16,66
BV08TR_0059,51,0.8486769194187946,15,66
BV08TR_0059,52,0.8451012923179336,14,66
BV08TR_0059,53,0.8417619056652592,13,66
BV08TR_0059,54,0.8384265780836768,12,66
BV08TR_0059,55,0.8350464706722804,11,66
BV08TR_0059,56,0.8315744600076199,10,66
BV08TR_0059,57,0.8281240577653454,9,66
BV08TR_0059,58,0.8247169324706192,8,66
BV08TR_0059,59,0.8209870294810363,7,66
BV08TR_0059,60,0.8176234880418747,6,66
BV08TR_0059,61,0.8141416532321215,5,66
BV08TR_0059,62,0.8108636924021402,4,66
BV08TR_0059,63,0.8075079450415112,3,66
BV08TR_0059,64,0.8040447461403464,2,66
BV08TR_0059,65,0.8006459762016268,1,66
BV08TR_0059,66,0.7972735848728505,0,66
BV08TR_0060,0,0.9591110985254132,59,59
BV08TR_0060,1,0.9562467530921938,58,59
BV08TR_0060,2,0.953450445503656,57,59
BV08TR_0060,3,0.9505885659479025,56,59
BV08TR_0060,4,0.9477380033643248,55,59
BV08TR_0060,5,0.9448076122330108,54,59
BV08TR_0060,6,0.9420949073251492,53,59
BV08TR_0060,7,0.9391254001133492,52,59
BV08TR_0060,8,0.9362256626285606,51,59
BV08TR_0060,9,0.9334565783024968,50,59
BV08TR_0060,10,0.9308236612090321,49,59
BV08TR_0060,11,0.928039850641453,48,59
BV08TR_0060,12,0.925355034086576,47,59
BV08TR_0060,13,0.9225827796499385,46,59
BV08TR_0060,14,0.919959147463693,45,59
BV08TR_0060,15,0.9171645805666142,44,59
BV08TR_0060,16,0.9143377392675872,43,59
BV08TR_0060,17,0.9116188720044395,42,59
BV08TR_0060,18,0.908926469345604,41,59
BV08TR_0060,19,0.9061840618229405,40,59
BV08TR_0060,20,0.9034272388568942,39,59
BV08TR_0060,21,0.9007694483436536,38,59
BV08TR_0060,22,0.8981040661625467,37,59
BV08TR_0060,23,0.8952779060137773,36,59
BV08TR_0060,24,0.8924977789823378,35,59
BV08TR_0060,25,0.889866105597758,34,59
BV08TR_0060,26,0.8872593662986795,33,59
BV08TR_0060,27,0.8845522990753631,32,59
BV08TR_0060,28,0.8819211745259037,31,59
BV08TR_0060,29,0.8791805919220635,30,59
BV08TR_0060,30,0.8765049231768741,29,59
BV08TR_0060,31,0.8737924253421558,28,59
BV08TR_0060,32,0.8710751389170996,27,59
BV08TR_0060,33,0.8683879320074157,26,59
BV08TR_0060,34,0.8657857026588726,25,59
BV08TR_0060,35,0.8631104134734175,24,59
BV08TR_0060,36,0.8604501643373327,23,59
BV08TR_0060,37,0.8578268780996404,22,59
BV08TR_0060,38,0.8551909913572656,21,59
BV08TR_0060,39,0.8525320653893119,20,59
BV08TR_0060,40,0.8498227458471066,19,59
BV08TR_0060,41,0.8471936383799944,18,59
BV08TR_0060,42,0.8444313279342295,17,59
BV08TR_0060,43,0.8417426545752648,16,59
BV08TR_0060,44,0.838976773870976,15,59
BV08TR_0060,45,0.836290238736524,14,59
BV08TR_0060,46,0.8335577180937765,13,59
BV08TR_0060,47,0.8308109572933615,12,59
BV08TR_0060,48,0.8280664683033055,11,59
BV08TR_0060,49,0.825304776425219,10,59
BV08TR_0060,50,0.8225083645302494,9,59
BV08TR_0060,51,0.819710540844667,8,59
BV08TR_0060,52,0.8170130804400687,7,59
BV08TR_0060,53,0.8144244918117342,6,59
BV08TR_0060,54,0.8116023985460197,5,59
BV08TR_0060,55,0.8088227868940175,4,59
BV08TR_0060,56,0.8061667292517612,3,59
BV08TR_0060,57,0.8033322155440464,2,59
BV08TR_0060,58,0.8005469511113295,1,59
BV08TR_0060,59,0.7976521955044312,0,59
BV08TR_0061,0,0.978671152012144,54,54
BV08TR_0061,1,0.9754646119689535,53,54
BV08TR_0061,2,0.972229376624516,52,54
BV08TR_0061,3,0.968924355301988,51,54
BV08TR_0061,4,0.9656491989051652,50,54
BV08TR_0061,5,0.9623613074140902,49,54
BV08TR_0061,6,0.9591373291413866,48,54
BV08TR_0061,7,0.9558152168710762,47,54
BV08TR_0061,8,0.9526005948706232,46,54
BV08TR_0061,9,0.9493795590093308,45,54
BV08TR_0061,10,0.9460793061211028,44,54
BV08TR_0061,11,0.942746683786503,43,54
BV08TR_0061,12,0.9396859556717962,42,54
BV08TR_0061,13,0.936371581939358,41,54
BV08TR_0061,14,0.9331024984878044,40,54
BV08TR_0061,15,0.929768558661928,39,54
BV08TR_0061,16,0.9264553483757634,38,54
BV08TR_0061,17,0.9231371010745478,37,54
BV08TR_0061,18,0.919756905278922,36,54
BV08TR_0061,19,0.9163786376631412,35,54
BV08TR_0061,20,0.9131430583346555,34,54
BV08TR_0061,21,0.9098212563113492,33,54
BV08TR_0061,22,0.9066256237205323,32,54
BV08TR_0061,23,0.9032245132718005,31,54
BV08TR_0061,24,0.8999904988081392,30,54
BV08TR_0061,25,0.8967284013120838,29,54
BV08TR_0061,26,0.8934546946167685,28,54
BV08TR_0061,27,0.8901172338899346,27,54
BV08TR_0061,28,0.8869487084640554,26,54
BV08TR_0061,29,0.8835853567140236,25,54
BV08TR_0061,30,0.8802035875786136,24,54
BV08TR_0061,31,0.8767294730300296,23,54
BV08TR_0061,32,0.8733487209964995,22,54
BV08TR_0061,33,0.8699701297015046,21,54
BV08TR_0061,34,0.8665576290201378,20,54
BV08TR_0061,35,0.8632972616943333,19,54
BV08TR_0061,36,0.8599756899197935,18,54
BV08TR_0061,37,0.8566219950134601,17,54
BV08TR_0061,38,0.8532720707928542,16,54
BV08TR_0061,39,0.8498762446521272,15,54
BV08TR_0061,40,0.8464196290476047,14,54
BV08TR_0061,41,0.843011518803929,13,54
BV08TR_0061,42,0.8395847501818708,12,54
BV08TR_0061,43,0.8362285616849564,11,54
BV08TR_0061,44,0.8329837793555636,10,54
BV08TR_0061,45,0.8297090879330491,9,54
BV08TR_0061,46,0.8264453115598724,8,54
BV08TR_0061,47,0.8230458855926851,7,54
BV08TR_0061,48,0.8197351741573723,6,54
BV08TR_0061,49,0.8164407516412714,5,54
BV08TR_0061,50,0.8130396348729222,4,54
BV08TR_0061,51,0.809776311051454,3,54
BV08TR_0061,52,0.8065324308665698,2,54
BV08TR_0061,53,0.8033227393537641,1,54
BV08TR_0061,54,0.7999902644281583,0,54
BV08TR_0062,0,1.048398830905497,100,100
BV08TR_0062,1,1.045887761308478,99,100
BV08TR_0062,2,1.0435895313282504,98,100
BV08TR_0062,3,1.0411325709170423,97,100
BV08TR_0062,4,1.0387960349240657,96,100
BV08TR_0062,5,1.0363927692051569,95,100
BV08TR_0062,6,1.0339553406495263,94,100
BV08TR_0062,7,1.0315336023880874,93,100
BV08TR_0062,8,1.0291384741185299,92,100
BV08TR_0062,9,1.026807216936686,91,100
BV08TR_0062,10,1.0244022481242956,90,100
BV08TR_0062,11,1.0220558653839846,89,100
BV08TR_0062,12,1.0196176528600172,88,100
BV08TR_0062,13,1.017193658615044,87,100
BV08TR_0062,14,1.0149430708443783,86,100
BV08TR_0062,15,1.0125794358211702,85,100
BV08TR_0062,16,1.0102420170887634,84,100
BV08TR_0062,17,1.0078094546991394,83,100
BV08TR_0062,18,1.0053880384379072,82,100
BV08TR_0062,19,1.0030551066149436,81,100
BV08TR_0062,20,1.000743023095771,80,100
BV08TR_0062,21,0.9983617823854622,79,100
BV08TR_0062,22,0.9960290270271006,78,100
BV08TR_0062,23,0.9937229461125896,77,100
BV08TR_0062,24,0.9913379618547498,76,100
BV08TR_0062,25,0.988924898629022,75,100
BV08TR_0062,26,0.9867123235773774,74,100
BV08TR_0062,27,0.9844961396801984,73,100
BV08TR_0062,28,0.9822237008586732,72,100
BV08TR_0062,29,0.9798954189311884,71,100
BV08TR_0062,30,0.9776472335681458,70,100
BV08TR_0062,31,0.9753527651121824,69,100
BV08TR_0062,32,0.973072090703241,68,100
BV08TR_0062,33,0.9707950993992142,67,100
BV08TR_0062,34,0.968475348421863,66,100
BV08TR_0062,35,0.966221162371121,65,100
BV08TR_0062,36,0.9639279562092438,64,100
BV08TR_0062,37,0.9616625845925588,63,100
BV08TR_0062,38,0.9593255426665745,62,100
BV08TR_0062,39,0.9571263884215464,61,100
BV08TR_0062,40,0.9548619919067532,60,100
BV08TR_0062,41,0.9525428739363145,59,100
BV08TR_0062,42,0.9502353667327804,58,100
BV08TR_0062,43,0.9478546681327155,57,100
BV08TR_0062,44,0.9455560859831326,56,100
BV08TR_0062,45,0.9432809543330876,55,100
BV08TR_0062,46,0.9409021302729554,54,100
BV08TR_0062,47,0.9386853636234034,53,100
BV08TR_0062,48,0.936332441491238,52,100
BV08TR_0062,49,0.9341274766713178,51,100
BV08TR_0062,50,0.931822682925695,50,100
BV08TR_0062,51,0.9295197026185124,49,100
BV08TR_0062,52,0.927228912891726,48,100
BV08TR_0062,53,0.9248166191310966,47,100
BV08TR_0062,54,0.9224643801604798,46,100
BV08TR_0062,55,0.9200586281886926,45,100
BV08TR_0062,56,0.9177326129830222,44,100
BV08TR_0062,57,0.9153683928536364,43,100
BV08TR_0062,58,0.9130363198555262,42,100
BV08TR_0062,59,0.9107029747958006,41,100
BV08TR_0062,60,0.9084160327473843,40,100
BV08TR_0062,61,0.9060326735009115,39,100
BV08TR_0062,62,0.903591650888576,38,100
BV08TR_0062,63,0.9012498900259532,37,100
BV08TR_0062,64,0.8988750423027012,36,100
BV08TR_0062,65,0.8964048417032726,35,100
BV08TR_0062,66,0.8941003136891277,34,100
BV08TR_0062,67,0.8916616149687342,33,100
BV08TR_0062,68,0.8892089202561867,32,100
BV08TR_0062,69,0.8867333210511708,31,100
BV08TR_0062,70,0.884349747372007,30,100
BV08TR_0062,71,0.8819007747332575,29,100
BV08TR_0062,72,0.8794606328721768,28,100
BV08TR_0062,73,0.8770372076777333,27,100
BV08TR_0062,74,0.8745716702535588,26,100
BV08TR_0062,75,0.8721682041093471,25,100
BV08TR_0062,76,0.8696699984955755,24,100
BV08TR_0062,77,0.8672106840209487,23,100
BV08TR_0062,78,0.8647982879186416,22,100
BV08TR_0062,79,0.8623822091926427,21,100
BV08TR_0062,80,0.8599994184608744,20,100
BV08TR_0062,81,0.8576564977100952,19,100
BV08TR_0062,82,0.855111879832317,18,100
BV08TR_0062,83,0.8527302796054753,17,100
BV08TR_0062,84,0.8494914370984009,16,100
BV08TR_0062,85,0.8462472181714561,15,100
BV08TR_0062,86,0.842993608255819,14,100
BV08TR_0062,87,0.83954449894548,13,100
BV08TR_0062,88,0.8361811618529529,12,100
BV08TR_0062,89,0.8329614994837868,11,100
BV08TR_0062,90,0.829731319687348,10,100
BV08TR_0062,91,0.8264905955700718,9,100
BV08TR_0062,92,0.8231207952149258,8,100
BV08TR_0062,93,0.8198378895628009,7,100
BV08TR_0062,94,0.8166803094109572,6,100
BV08TR_0062,95,0.8134245772344352,5,100
BV08TR_0062,96,0.8101359439935013,4,100
BV08TR_0062,97,0.8068888253629632,3,100
BV08TR_0062,98,0.803665702144762,2,100
BV08TR_0062,99,0.8005355825126129,1,100
BV08TR_0062,100,0.7973271039887847,0,100
BV08TR_0063,0,0.9679738521548896,59,59
BV08TR_0063,1,0.9652499973561228,58,59
BV08TR_0063,2,0.962312400880844,57,59
BV08TR_0063,3,0.9592535921129058,56,59
BV08TR_0063,4,0.9563277927685412,55,59
BV08TR_0063,5,0.953359847466486,54,59
BV08TR_0063,6,0.9503999608940112,53,59
BV08TR_0063,7,0.9475738325890498,52,59
BV08TR_0063,8,0.9446994537566434,51,59
BV08TR_0063,9,0.9418206718243112,50,59
BV08TR_0063,10,0.9389000739673236,49,59
BV08TR_0063,11,0.9360106687669665,48,59
BV08TR_0063,12,0.9331148009933454,47,59
BV08TR_0063,13,0.930305114132866,46,59
BV08TR_0063,14,0.927541716196568,45,59
BV08TR_0063,15,0.9246973265813708,44,59
BV08TR_0063,16,0.9219203277450675,43,59
BV08TR_0063,17,0.9190172449131025,42,59
BV08TR_0063,18,0.9162978202606024,41,59
BV08TR_0063,19,0.9135883698064375,40,59
BV08TR_0063,20,0.91076916090134,39,59
BV08TR_0063,21,0.9079078703755924,38,59
BV08TR_0063,22,0.9051030113985405,37,59
BV08TR_0063,23,0.9023339747330992,36,59
BV08TR_0063,24,0.8994446456552725,35,59
BV08TR_0063,25,0.8967420100892995,34,59
BV08TR_0063,26,0.8938335851735975,33,59
BV08TR_0063,27,0.8910097191170158,32,59
BV08TR_0063,28,0.8881853010402329,31,59
BV08TR_0063,29,0.8854042762309102,30,59
BV08TR_0063,30,0.8825562489113411,29,59
BV08TR_0063,31,0.8797446938754192,28,59
BV08TR_0063,32,0.87688439287656,27,59
BV08TR_0063,33,0.8740717419778621,26,59
BV08TR_0063,34,0.8712972517942817,25,59
BV08TR_0063,35,0.8684646919583718,24,59
BV08TR_0063,36,0.8656431241880208,23,59
BV08TR_0063,37,0.8628727055034887,22,59
BV08TR_0063,38,0.8600029200255427,21,59
BV08TR_0063,39,0.8572738671608295,20,59
BV08TR_0063,40,0.8544957292662105,19,59
BV08TR_0063,41,0.851802720377071,18,59
BV08TR_0063,42,0.8488905733178402,17,59
BV08TR_0063,43,0.8461317196008306,16,59
BV08TR_0063,44,0.8433424707457162,15,59
BV08TR_0063,45,0.8405523079838442,14,59
BV08TR_0063,46,0.8376591192201112,13,59
BV08TR_0063,47,0.8348133875081466,12,59
BV08TR_0063,48,0.8320254120284086,11,59
BV08TR_0063,49,0.8291920819654134,10,59
BV08TR_0063,50,0.8262463282888475,9,59
BV08TR_0063,51,0.8232723522949863,8,59
BV08TR_0063,52,0.8203364312250241,7,59
BV08TR_0063,53,0.8173342060266239,6,59
BV08TR_0063,54,0.814478659249116,5,59
BV08TR_0063,55,0.8114973884880682,4,59
BV08TR_0063,56,0.808532526804307,3,59
BV08TR_0063,57,0.8056127827127602,2,59
BV08TR_0063,58,0.8027312028457595,1,59
BV08TR_0063,59,0.799890508221416,0,59
BV08TR_0064,0,1.018932134735345,74,74
BV08TR_0064,1,1.0160542173947638,73,74
BV08TR_0064,2,1.0131967645928914,72,74
BV08TR_0064,3,1.010331356586042,71,74
BV08TR_0064,4,1.007317420445438,70,74
BV08TR_0064,5,1.0044711046709593,69,74
BV08TR_0064,6,1.0015077785975703,68,74
BV08TR_0064,7,0.9986357980940512,67,74
BV08TR_0064,8,0.99576338624698,66,74
BV08TR_0064,9,0.992902398162528,65,74
BV08TR_0064,10,0.989937951875975,64,74
BV08TR_0064,11,0.9870061339594705,63,74
BV08TR_0064,12,0.9841031721822555,62,74
BV08TR_0064,13,0.9812071214664515,61,74
BV08TR_0064,14,0.978350980167253,60,74
BV08TR_0064,15,0.9754587357835476,59,74
BV08TR_0064,16,0.972530942064584,58,74
BV08TR_0064,17,0.9693903847789004,57,74
BV08TR_0064,18,0.9665396701414626,56,74
BV08TR_0064,19,0.9636574025234494,55,74
BV08TR_0064,20,0.9606861148648044,54,74
BV08TR_0064,21,0.9577645022819586,53,74
BV08TR_0064,22,0.9548477685919632,52,74
BV08TR_0064,23,0.9520055776389582,51,74
BV08TR_0064,24,0.9490180506365868,50,74
BV08TR_0064,25,0.945894171493925,49,74
BV08TR_0064,26,0.942877033799117,48,74
BV08TR_0064,27,0.939805478812575,47,74
BV08TR_0064,28,0.9368473020051526,46,74
BV08TR_0064,29,0.9338893081368356,45,74
BV08TR_0064,30,0.930961571741028,44,74
BV08TR_0064,31,0.9278330163108826,43,74
BV08TR_0064,32,0.9247624790335482,42,74
BV08TR_0064,33,0.9217552335123482,41,74
BV08TR_0064,34,0.918721194266998,40,74
BV08TR_0064,35,0.915712811611571,39,74
BV08TR_0064,36,0.9126265572554066,38,74
BV08TR_0064,37,0.9095107061436272,37,74
BV08TR_0064,38,0.9065034379531463,36,74
BV08TR_0064,39,0.9034989862232882,35,74
BV08TR_0064,40,0.9005069081261685,34,74
BV08TR_0064,41,0.8975094726436852,33,74
BV08TR_0064,42,0.8946363075344718,32,74
BV08TR_0064,43,0.8916584777938322,31,74
BV08TR_0064,44,0.8886821888503612,30,74
BV08TR_0064,45,0.8855645904812864,29,74
BV08TR_0064,46,0.8825671057578659,28,74
BV08TR_0064,47,0.8795478347853335,27,74
BV08TR_0064,48,0.8764607351409507,26,74
BV08TR_0064,49,0.8734177837635712,25,74
BV08TR_0064,50,0.8703006486831285,24,74
BV08TR_0064,51,0.8672551068178498,23,74
BV08TR_0064,52,0.8644224604448564,22,74
BV08TR_0064,53,0.8614244698846676,21,74
BV08TR_0064,54,0.858466831937517,20,74
BV08TR_0064,55,0.8553914518475687,19,74
BV08TR_0064,56,0.8524342030145214,18,74
BV08TR_0064,57,0.8494931722453243,17,74
BV08TR_0064,58,0.8466109582918786,16,74
BV08TR_0064,59,0.8435775593962461,15,74
BV08TR_0064,60,0.8405463839403542,14,74
BV08TR_0064,61,0.8376434219048251,13,74
BV08TR_0064,62,0.83473624183819,12,74
BV08TR_0064,63,0.831728345933249,11,74
BV08TR_0064,64,0.828783674015082,10,74
BV08TR_0064,65,0.8256707416768245,9,74
BV08TR_0064,66,0.8226930560170755,8,74
BV08TR_0064,67,0.819834266484644,7,74
BV08TR_0064,68,0.816829828979718,6,74
BV08TR_0064,69,0.8138307260174513,5,74
BV08TR_0064,70,0.8108729576292641,4,74
BV08TR_0064,71,0.8079452766248252,3,74
BV08TR_0064,72,0.8051379916958594,2,74
BV08TR_0064,73,0.8021923497085328,1,74
BV08TR_0064,74,0.7993183727147879,0,74
BV08TR_0065,0,0.967440243431727,52,52
BV08TR_0065,1,0.9641166596397138,51,52
BV08TR_0065,2,0.9608003562933636,50,52
BV08TR_0065,3,0.9574676313231364,49,52
BV08TR_0065,4,0.9541389245345844,48,52
BV08TR_0065,5,0.950761940272078,47,52
BV08TR_0065,6,0.9475908098647076,46,52
BV08TR_0065,7,0.9442616415043392,45,52
BV08TR_0065,8,0.9410053617937671,44,52
BV08TR_0065,9,0.9377495096557678,43,52
BV08TR_0065,10,0.9344099564709862,42,52
BV08TR_0065,11,0.9311731519234655,41,52
BV08TR_0065,12,0.9278097900309145,40,52
BV08TR_0065,13,0.9245034796664864,39,52
BV08TR_0065,14,0.921308424246769,38,52
BV08TR_0065,15,0.9180266404425153,37,52
BV08TR_0065,16,0.9148047956709555,36,52
BV08TR_0065,17,0.9115152029977144,35,52
BV08TR_0065,18,0.9081783512273623,34,52
BV08TR_0065,19,0.9049729741663695,33,52
BV08TR_0065,20,0.9016869768386172,32,52
BV08TR_0065,21,0.8982335892812987,31,52
BV08TR_0065,22,0.8949716368899528,30,52
BV08TR_0065,23,0.8917272708049099,29,52
BV08TR_0065,24,0.8885068345754704,28,52
BV08TR_0065,25,0.8852344994540128,27,52
BV08TR_0065,26,0.8820391955280166,26,52
BV08TR_0065,27,0.8788079332422906,25,52
BV08TR_0065,28,0.875668284177968,24,52
BV08TR_0065,29,0.872440424816386,23,52
BV08TR_0065,30,0.8691600827877438,22,52
BV08TR_0065,31,0.8659768241709196,21,52
BV08TR_0065,32,0.8626923563074992,20,52
BV08TR_0065,33,0.8595711421404748,19,52
BV08TR_0065,34,0.8562925234197166,18,52
BV08TR_0065,35,0.853123472543942,17,52
BV08TR_0065,36,0.8500660381449886,16,52
BV08TR_0065,37,0.8469326183206665,15,52
BV08TR_0065,38,0.8437749391955458,14,52
BV08TR_0065,39,0.840598871215216,13,52
BV08TR_0065,40,0.8374592618302173,12,52
BV08TR_0065,41,0.8343710054209001,11,52
BV08TR_0065,42,0.831344051283183,10,52
BV08TR_0065,43,0.8282196489455886,9,52
BV08TR_0065,44,0.8251140623487296,8,52
BV08TR_0065,45,0.8219617636986848,7,52
BV08TR_0065,46,0.8187868455712118,6,52
BV08TR_0065,47,0.815748380584123,5,52
BV08TR_0065,48,0.8126179176476452,4,52
BV08TR_0065,49,0.8094909588499245,3,52
BV08TR_0065,50,0.8061751367465286,2,52
BV08TR_0065,51,0.8030983202514907,1,52
BV08TR_0065,52,0.7999416334115952,0,52
BV08TR_0066,0,1.032529387458851,112,112
BV08TR_0066,1,1.0304639895840804,111,112
BV08TR_0066,2,1.028498931139591,110,112
BV08TR_0066,3,1.026470359016887,109,112
BV08TR_0066,4,1.0245329322304535,108,112
BV08TR_0066,5,1.0224044328139323,107,112
BV08TR_0066,6,1.02032366293747,106,112
BV08TR_0066,7,1.0182352068192677,105,112
BV08TR_0066,8,1.016129206227113,104,112
BV08TR_0066,9,1.014195434233853,103,112
BV08TR_0066,10,1.0121493592130892,102,112
BV08TR_0066,11,1.0100365653231282,101,112
BV08TR_0066,12,1.007908042148119,100,112
BV08TR_0066,13,1.005821274520268,99,112
BV08TR_0066,14,1.0037613814223592,98,112
BV08TR_0066,15,1.001817609991491,97,112
BV08TR_0066,16,0.9997856133069252,96,112
BV08TR_0066,17,0.9977321950869354,95,112
BV08TR_0066,18,0.9956975631382178,94,112
BV08TR_0066,19,0.9936440387623472,93,112
BV08TR_0066,20,0.9916640063521858,92,112
BV08TR_0066,21,0.9896532685889716,91,112
BV08TR_0066,22,0.987542002420428,90,112
BV08TR_0066,23,0.9854375036692372,89,112
BV08TR_0066,24,0.9833300940370192,88,112
BV08TR_0066,25,0.9812292044131552,87,112
BV08TR_0066,26,0.9791031048365655,86,112
BV08TR_0066,27,0.9770659674116566,85,112
BV08TR_0066,28,0.975044569391784,84,112
BV08TR_0066,29,0.9729218887901988,83,112
BV08TR_0066,30,0.9707710032140954,82,112
BV08TR_0066,31,0.968703288348966,81,112
BV08TR_0066,32,0.9665507714704374,80,112
BV08TR_0066,33,0.9645389757123716,79,112
BV08TR_0066,34,0.9624973110336682,78,112
BV08TR_0066,35,0.960446376102236,77,112
BV08TR_0066,36,0.9583419020434388,76,112
BV08TR_0066,37,0.9562160252997454,75,112
BV08TR_0066,38,0.954109543226856,74,112
BV08TR_0066,39,0.9519655504515625,73,112
BV08TR_0066,40,0.949830228876401,72,112
BV08TR_0066,41,0.9477123966546342,71,112
BV08TR_0066,42,0.945641195023746,70,112
BV08TR_0066,43,0.9434761734215332,69,112
BV08TR_0066,44,0.9413444888529202,68,112
BV08TR_0066,45,0.9392052340092282,67,112
BV08TR_0066,46,0.9370175996827718,66,112
BV08TR_0066,47,0.93482522872183,65,112
BV08TR_0066,48,0.9327336172829405,64,112
BV08TR_0066,49,0.9306199718228205,63,112
BV08TR_0066,50,0.9285480477438128,62,112
BV08TR_0066,51,0.9264055518211542,61,112
BV08TR_0066,52,0.9242324262584356,60,112
BV08TR_0066,53,0.9220393540749928,59,112
BV08TR_0066,54,0.9199294857445566,58,112
BV08TR_0066,55,0.9178361943586508,57,112
BV08TR_0066,56,0.9156616566946215,56,112
BV08TR_0066,57,0.9135872629472496,55,112
BV08TR_0066,58,0.9115308071034838,54,112
BV08TR_0066,59,0.9094677587258038,53,112
BV08TR_0066,60,0.907321287776128,52,112
BV08TR_0066,61,0.9052407272174635,51,112
BV08TR_0066,62,0.9031288112302452,50,112
BV08TR_0066,63,0.9011115640744704,49,112
BV08TR_0066,64,0.899012261196194,48,112
BV08TR_0066,65,0.8969546720456807,47,112
BV08TR_0066,66,0.8948122270524671,46,112
BV08TR_0066,67,0.8928489048116337,45,112
BV08TR_0066,68,0.8907817746853296,44,112
BV08TR_0066,69,0.8887444827531623,43,112
BV08TR_0066,70,0.8866981750963546,42,112
BV08TR_0066,71,0.8847160327246747,41,112
BV08TR_0066,72,0.8825844851115827,40,112
BV08TR_0066,73,0.8805388309346055,39,112
BV08TR_0066,74,0.8784269173563622,38,112
BV08TR_0066,75,0.8763472904783914,37,112
BV08TR_0066,76,0.8743267268823668,36,112
BV08TR_0066,77,0.872290965820568,35,112
BV08TR_0066,78,0.8702514345120307,34,112
BV08TR_0066,79,0.8681911440892396,33,112
BV08TR_0066,80,0.866141073005705,32,112
BV08TR_0066,81,0.8641541543482035,31,112
BV08TR_0066,82,0.862048818531848,30,112
BV08TR_0066,83,0.860042358436017,29,112
BV08TR_0066,84,0.8580316770591151,28,112
BV08TR_0066,85,0.8559207967576452,27,112
BV08TR_0066,86,0.8538119780704452,26,112
BV08TR_0066,87,0.8516824397508062,25,112
BV08TR_0066,88,0.8495764728050752,24,112
BV08TR_0066,89,0.8474506566878782,23,112
BV08TR_0066,90,0.8454601827374282,22,112
BV08TR_0066,91,0.8433195372877959,21,112
BV08TR_0066,92,0.8413028627078752,20,112
BV08TR_0066,93,0.8392447485541298,19,112
BV08TR_0066,94,0.8371872508647621,18,112
BV08TR_0066,95,0.8351331173461569,17,112
BV08TR_0066,96,0.8330744885571691,16,112
BV08TR_0066,97,0.8309589771795854,15,112
BV08TR_0066,98,0.8288521458880768,14,112
BV08TR_0066,99,0.8267308514964515,13,112
BV08TR_0066,100,0.8245562218403055,12,112
BV08TR_0066,101,0.8225096824894248,11,112
BV08TR_0066,102,0.8203055313924585,10,112
BV08TR_0066,103,0.8181753175239624,9,112
BV08TR_0066,104,0.8159841479741715,8,112
BV08TR_0066,105,0.813892998264571,7,112
BV08TR_0066,106,0.8116877215294098,6,112
BV08TR_0066,107,0.8094840527947562,5,112
BV08TR_0066,108,0.8073149559868305,4,112
BV08TR_0066,109,0.8052631000880248,3,112
BV08TR_0066,110,0.8031305036744286,2,112
BV08TR_0066,111,0.8009577797040032,1,112
BV08TR_0066,112,0.7988588241727068,0,112
BV08TR_0067,0,1.011204266585417,97,97
BV08TR_0067,1,1.0090513558506489,96,97
BV08TR_0067,2,1.0068550008668664,95,97
BV08TR_0067,3,1.0047373792901764,94,97
BV08TR_0067,4,1.002493643006411,93,97
BV08TR_0067,5,1.000309717409881,92,97
BV08TR_0067,6,0.998152281407322,91,97
BV08TR_0067,7,0.9959485771909964,90,97
BV08TR_0067,8,0.9936484669648739,89,97
BV08TR_0067,9,0.9914429510502505,88,97
BV08TR_0067,10,0.989274679902171,87,97
BV08TR_0067,11,0.9871161028126632,86,97
BV08TR_0067,12,0.9848822976762774,85,97
BV08TR_0067,13,0.9825836138925698,84,97
BV08TR_0067,14,0.9802968380434748,83,97
BV08TR_0067,15,0.97824803062546,82,97
BV08TR_0067,16,0.9759118857305954,81,97
BV08TR_0067,17,0.9737091316303682,80,97
BV08TR_0067,18,0.9715803783616775,79,97
BV08TR_0067,19,0.9692962520413942,78,97
BV08TR_0067,20,0.9672398379658255,77,97
BV08TR_0067,21,0.9649502934212225,76,97
BV08TR_0067,22,0.962702678274634,75,97
BV08TR_0067,23,0.9604350749869454,74,97
BV08TR_0067,24,0.9582090028047784,73,97
BV08TR_0067,25,0.9559826786001382,72,97
BV08TR_0067,26,0.9537475278441438,71,97
BV08TR_0067,27,0.9515213499155728,70,97
BV08TR_0067,28,0.9492257707461424,69,97
BV08TR_0067,29,0.9469465636771486,68,97
BV08TR_0067,30,0.9447703074735996,67,97
BV08TR_0067,31,0.94248920429898,66,97
BV08TR_0067,32,0.9402733111636492,65,97
BV08TR_0067,33,0.9380027997119695,64,97
BV08TR_0067,34,0.9358063888159384,63,97
BV08TR_0067,35,0.9335861062034944,62,97
BV08TR_0067,36,0.9312712965536132,61,97
BV08TR_0067,37,0.929006058650653,60,97
BV08TR_0067,38,0.9268192199324544,59,97
BV08TR_0067,39,0.9246448481725655,58,97
BV08TR_0067,40,0.9224486809974966,57,97
BV08TR_0067,41,0.9202459520575754,56,97
BV08TR_0067,42,0.918030325904138,55,97
BV08TR_0067,43,0.9159307073043172,54,97
BV08TR_0067,44,0.9136998447457124,53,97
BV08TR_0067,45,0.911507630190036,52,97
BV08TR_0067,46,0.9093638997042595,51,97
BV08TR_0067,47,0.907140878717934,50,97
BV08TR_0067,48,0.9051118695123654,49,97
BV08TR_0067,49,0.9029458777866988,48,97
BV08TR_0067,50,0.9008098447458311,47,97
BV08TR_0067,51,0.8986607473826642,46,97
BV08TR_0067,52,0.8965049184908636,45,97
BV08TR_0067,53,0.8943323671825961,44,97
BV08TR_0067,54,0.8922697579938451,43,97
BV08TR_0067,55,0.8901613816602716,42,97
BV08TR_0067,56,0.8880115837029104,41,97
BV08TR_0067,57,0.88585614923512,40,97
BV08TR_0067,58,0.8837204004643413,39,97
BV08TR_0067,59,0.881590981880046,38,97
BV08TR_0067,60,0.8794300953156347,37,97
BV08TR_0067,61,0.8773850161752274,36,97
BV08TR_0067,62,0.8752238397790879,35,97
BV08TR_0067,63,0.8731128099200186,34,97
BV08TR_0067,64,0.8709881637368284,33,97
BV08TR_0067,65,0.8688466141920005,32,97
BV08TR_0067,66,0.8666858254988296,31,97
BV08TR_0067,67,0.8645739795200522,30,97
BV08TR_0067,68,0.8623672806686286,29,97
BV08TR_0067,69,0.8602426592688754,28,97
BV08TR_0067,70,0.8581333403095822,27,97
BV08TR_0067,71,0.856041144300398,26,97
BV08TR_0067,72,0.8538720192857306,25,97
BV08TR_0067,73,0.8517637231699925,24,97
BV08TR_0067,74,0.849641270019113,23,97
BV08TR_0067,75,0.847489601692654,22,97
BV08TR_0067,76,0.8453402829543907,21,97
BV08TR_0067,77,0.8432475801648557,20,97
BV08TR_0067,78,0.841034529679422,19,97
BV08TR_0067,79,0.838881315907574,18,97
BV08TR_0067,80,0.836596920505108,17,97
BV08TR_0067,81,0.834492172384159,16,97
BV08TR_0067,82,0.8322377521895326,15,97
BV08TR_0067,83,0.8300259436601425,14,97
BV08TR_0067,84,0.8278595773625114,13,97
BV08TR_0067,85,0.8256067346852816,12,97
BV08TR_0067,86,0.8234277357139985,11,97
BV08TR_0067,87,0.8212447980603975,10,97
BV08TR_0067,88,0.8190257044544466,9,97
BV08TR_0067,89,0.8168364448612283,8,97
BV08TR_0067,90,0.81464610922425,7,97
BV08TR_0067,91,0.812321292411998,6,97
BV08TR_0067,92,0.8100890677076998,5,97
BV08TR_0067,93,0.8078960570353472,4,97
BV08TR_0067,94,0.8056468699211328,3,97
BV08TR_0067,95,0.8034141663214834,2,97
BV08TR_0067,96,0.8011719094665969,1,97
BV08TR_0067,97,0.7989306895950022,0,97
BV08TR_0068,0,1.0142022870337721,65,65
BV08TR_0068,1,1.0108702694137308,64,65
BV08TR_0068,2,1.0075759042337447,63,65
BV08TR_0068,3,1.004366552553932,62,65
BV08TR_0068,4,1.001114313722956,61,65
BV08TR_0068,5,0.99785074877863,60,65
BV08TR_0068,6,0.9946479679684075,59,65
BV08TR_0068,7,0.9912689291425713,58,65
BV08TR_0068,8,0.9879952605650738,57,65
BV08TR_0068,9,0.9847110170431524,56,65
BV08TR_0068,10,0.9812840087108013,55,65
BV08TR_0068,11,0.9781145753266882,54,65
BV08TR_0068,12,0.9748740035583766,53,65
BV08TR_0068,13,0.9716391840322702,52,65
BV08TR_0068,14,0.9684665256770468,51,65
BV08TR_0068,15,0.9651985555250424,50,65
BV08TR_0068,16,0.962077939566349,49,65
BV08TR_0068,17,0.9589071909706024,48,65
BV08TR_0068,18,0.955615795596355,47,65
BV08TR_0068,19,0.9524688884842994,46,65
BV08TR_0068,20,0.9493282320331036,45,65
BV08TR_0068,21,0.945984860637148,44,65
BV08TR_0068,22,0.9428158520298038,43,65
BV08TR_0068,23,0.9395924431243544,42,65
BV08TR_0068,24,0.9365021044085095,41,65
BV08TR_0068,25,0.933331555402892,40,65
BV08TR_0068,26,0.930052111832414,39,65
BV08TR_0068,27,0.9268761495137484,38,65
BV08TR_0068,28,0.9237223501720062,37,65
BV08TR_0068,29,0.9203940090680988,36,65
BV08TR_0068,30,0.917220453425092,35,65
BV08TR_0068,31,0.9139070782923072,34,65
BV08TR_0068,32,0.9105578934566785,33,65
BV08TR_0068,33,0.9072661620256405,32,65
BV08TR_0068,34,0.9040085147332375,31,65
BV08TR_0068,35,0.9005833253621602,30,65
BV08TR_0068,36,0.8972134370529161,29,65
BV08TR_0068,37,0.8936928881428646,28,65
BV08TR_0068,38,0.8904140376348997,27,65
BV08TR_0068,39,0.887156765656109,26,65
BV08TR_0068,40,0.8837370477060885,25,65
BV08TR_0068,41,0.8804794709314921,24,65
BV08TR_0068,42,0.87710934377275,23,65
BV08TR_0068,43,0.8736965591941684,22,65
BV08TR_0068,44,0.8702036271828968,21,65
BV08TR_0068,45,0.8667770489781965,20,65
BV08TR_0068,46,0.8633808347440145,19,65
BV08TR_0068,47,0.860078232895025,18,65
BV08TR_0068,48,0.8566542828139158,17,65
BV08TR_0068,49,0.8533893850483582,16,65
BV08TR_0068,50,0.8499550439469084,15,65
BV08TR_0068,51,0.846479449418767,14,65
BV08TR_0068,52,0.8431227095948891,13,65
BV08TR_0068,53,0.8396838671892168,12,65
BV08TR_0068,54,0.8363721997625668,11,65
BV08TR_0068,55,0.8330928585638572,10,65
BV08TR_0068,56,0.829699539179007,9,65
BV08TR_0068,57,0.8263718399834653,8,65
BV08TR_0068,58,0.8230150515340302,7,65
BV08TR_0068,59,0.819591612475897,6,65
BV08TR_0068,60,0.8163194907476358,5,65
BV08TR_0068,61,0.8129180597211283,4,65
BV08TR_0068,62,0.8096259623923542,3,65
BV08TR_0068,63,0.806201220821128,2,65
BV08TR_0068,64,0.802894431913336,1,65
BV08TR_0068,65,0.7994532139648539,0,65
BV08TR_0069,0,1.0121492524542752,68,68
BV08TR_0069,1,1.008902776354872,67,68
BV08TR_0069,2,1.005709294277632,66,68
BV08TR_0069,3,1.002428849793314,65,68
BV08TR_0069,4,0.9992669418175354,64,68
BV08TR_0069,5,0.9960205667479628,63,68
BV08TR_0069,6,0.9928855257880852,62,68
BV08TR_0069,7,0.9897981340376544,61,68
BV08TR_0069,8,0.9865136721826956,60,68
BV08TR_0069,9,0.9833200302303844,59,68
BV08TR_0069,10,0.9801759825368194,58,68
BV08TR_0069,11,0.9768134147697195,57,68
BV08TR_0069,12,0.9736430481938028,56,68
BV08TR_0069,13,0.9703842098780374,55,68
BV08TR_0069,14,0.9672112255964692,54,68
BV08TR_0069,15,0.9639248802936432,53,68
BV08TR_0069,16,0.9607239415866222,52,68
BV08TR_0069,17,0.957468197174099,51,68
BV08TR_0069,18,0.9542002320042928,50,68
BV08TR_0069,19,0.951023350399056,49,68
BV08TR_0069,20,0.9478586680465595,48,68
BV08TR_0069,21,0.9444956141363778,47,68
BV08TR_0069,22,0.9412486573025008,46,68
BV08TR_0069,23,0.937910214457532,45,68
BV08TR_0069,24,0.9347336834434374,44,68
BV08TR_0069,25,0.931673562463584,43,68
BV08TR_0069,26,0.928608037177708,42,68
BV08TR_0069,27,0.925527512122544,41,68
BV08TR_0069,28,0.922108747112943,40,68
BV08TR_0069,29,0.918927670414264,39,68
BV08TR_0069,30,0.915851052750245,38,68
BV08TR_0069,31,0.9127067192091344,37,68
BV08TR_0069,32,0.9095147539343498,36,68
BV08TR_0069,33,0.9063543034371918,35,68
BV08TR_0069,34,0.903137601992946,34,68
BV08TR_0069,35,0.9000221425894392,33,68
BV08TR_0069,36,0.8968840969312424,32,68
BV08TR_0069,37,0.8938870377781397,31,68
BV08TR_0069,38,0.8908331440610806,30,68
BV08TR_0069,39,0.8875535214565593,29,68
BV08TR_0069,40,0.8844851433046584,28,68
BV08TR_0069,41,0.881320072360884,27,68
BV08TR_0069,42,0.8781034105421358,26,68
BV08TR_0069,43,0.8751426241152938,25,68
BV08TR_0069,44,0.8721094314854096,24,68
BV08TR_0069,45,0.8690299873073247,23,68
BV08TR_0069,46,0.8660426333101686,22,68
BV08TR_0069,47,0.8630804961383287,21,68
BV08TR_0069,48,0.8599879534504733,20,68
BV08TR_0069,49,0.8569940250489814,19,68
BV08TR_0069,50,0.8538544854995561,18,68
BV08TR_0069,51,0.8508065134043364,17,68
BV08TR_0069,52,0.8478700490166209,16,68
BV08TR_0069,53,0.8448182135043685,15,68
BV08TR_0069,54,0.8417173312395771,14,68
BV08TR_0069,55,0.8386393936068934,13,68
BV08TR_0069,56,0.8356200411387705,12,68
BV08TR_0069,57,0.8325789025278205,11,68
BV08TR_0069,58,0.8295719485587694,10,68
BV08TR_0069,59,0.8265164158312496,9,68
BV08TR_0069,60,0.8234222989468153,8,68
BV08TR_0069,61,0.8204143800649124,7,68
BV08TR_0069,62,0.8172434612569628,6,68
BV08TR_0069,63,0.814132613137695,5,68
BV08TR_0069,64,0.8110404924849884,4,68
BV08TR_0069,65,0.8079410852600627,3,68
BV08TR_0069,66,0.8048145887699588,2,68
BV08TR_0069,67,0.8016529801674156,1,68
BV08TR_0069,68,0.7984417054093002,0,68
BV08TR_0070,0,1.0134001419597904,68,68
BV08TR_0070,1,1.010254094559126,67,68
BV08TR_0070,2,1.007215532866723,66,68
BV08TR_0070,3,1.0041387338297594,65,68
BV08TR_0070,4,1.001266236205513,64,68
BV08TR_0070,5,0.9980754951681625,63,68
BV08TR_0070,6,0.9950116940291114,62,68
BV08TR_0070,7,0.9919310881701842,61,68
BV08TR_0070,8,0.9889939573955255,60,68
BV08TR_0070,9,0.9857847658595902,59,68
BV08TR_0070,10,0.9826934369779955,58,68
BV08TR_0070,11,0.9796568940513106,57,68
BV08TR_0070,12,0.9765010992313008,56,68
BV08TR_0070,13,0.9733119261662665,55,68
BV08TR_0070,14,0.9702422594176784,54,68
BV08TR_0070,15,0.9672382751809094,53,68
BV08TR_0070,16,0.964082817447532,52,68
BV08TR_0070,17,0.9609437492633605,51,68
BV08TR_0070,18,0.9578443312685258,50,68
BV08TR_0070,19,0.9546649350584882,49,68
BV08TR_0070,20,0.951525235565726,48,68
BV08TR_0070,21,0.9482849364740272,47,68
BV08TR_0070,22,0.9451597896941375,46,68
BV08TR_0070,23,0.9419442530112784,45,68
BV08TR_0070,24,0.9386773012126084,44,68
BV08TR_0070,25,0.9354915181586965,43,68
BV08TR_0070,26,0.9322978258151714,42,68
BV08TR_0070,27,0.9290947585772578,41,68
BV08TR_0070,28,0.92588583399207,40,68
BV08TR_0070,29,0.9226138684226408,39,68
BV08TR_0070,30,0.9193924918873985,38,68
BV08TR_0070,31,0.9161665642032585,37,68
BV08TR_0070,32,0.9129072856203964,36,68
BV08TR_0070,33,0.9096150132564642,35,68
BV08TR_0070,34,0.9065252684349744,34,68
BV08TR_0070,35,0.9033961844623614,33,68
BV08TR_0070,36,0.9000520784077217,32,68
BV08TR_0070,37,0.8968711555511725,31,68
BV08TR_0070,38,0.8935965019422779,30,68
BV08TR_0070,39,0.8901965612377722,29,68
BV08TR_0070,40,0.8869429473776218,28,68
BV08TR_0070,41,0.8835886037158526,27,68
BV08TR_0070,42,0.8803866341962396,26,68
BV08TR_0070,43,0.8769950349037632,25,68
BV08TR_0070,44,0.8738043773763564,24,68
BV08TR_0070,45,0.870488326389756,23,68
BV08TR_0070,46,0.867297890925598,22,68
BV08TR_0070,47,0.864185941515147,21,68
BV08TR_0070,48,0.860965554106825,20,68
BV08TR_0070,49,0.857680219989693,19,68
BV08TR_0070,50,0.8543384214519144,18,68
BV08TR_0070,51,0.8510819480696108,17,68
BV08TR_0070,52,0.8479942857988771,16,68
BV08TR_0070,53,0.8448030095218444,15,68
BV08TR_0070,54,0.8415396349480473,14,68
BV08TR_0070,55,0.8383945376810366,13,68
BV08TR_0070,56,0.83525611072256,12,68
BV08TR_0070,57,0.8320152285996866,11,68
BV08TR_0070,58,0.8288700985831884,10,68
BV08TR_0070,59,0.8257111546644206,9,68
BV08TR_0070,60,0.8225930919962059,8,68
BV08TR_0070,61,0.8193366955942484,7,68
BV08TR_0070,62,0.8161991756501227,6,68
BV08TR_0070,63,0.8131211930323318,5,68
BV08TR_0070,64,0.8100377154598364,4,68
BV08TR_0070,65,0.8069043722851444,3,68
BV08TR_0070,66,0.8038538255842128,2,68
BV08TR_0070,67,0.8007718677474741,1,68
BV08TR_0070,68,0.7976099929632678,0,68
BV08TR_0071,0,0.995206074533678,72,72
BV08TR_0071,1,0.9924095695026032,71,72
BV08TR_0071,2,0.9897806573587314,70,72
BV08TR_0071,3,0.9870444480129285,69,72
BV08TR_0071,4,0.9843146781200138,68,72
BV08TR_0071,5,0.9816771352594914,67,72
BV08TR_0071,6,0.9790911698437886,66,72
BV08TR_0071,7,0.9764537540913688,65,72
BV08TR_0071,8,0.973682193634289,64,72
BV08TR_0071,9,0.970978518821142,63,72
BV08TR_0071,10,0.968248261602258,62,72
BV08TR_0071,11,0.965668829362372,61,72
BV08TR_0071,12,0.9630455224284024,60,72
BV08TR_0071,13,0.9603954234291704,59,72
BV08TR_0071,14,0.9577336957386254,58,72
BV08TR_0071,15,0.9551770853406631,57,72
BV08TR_0071,16,0.9526033093698364,56,72
BV08TR_0071,17,0.9499079545725632,55,72
BV08TR_0071,18,0.9472217997404366,54,72
BV08TR_0071,19,0.944634376272512,53,72
BV08TR_0071,20,0.9419142150264914,52,72
BV08TR_0071,21,0.9391395284960186,51,72
BV08TR_0071,22,0.9364735867622548,50,72
BV08TR_0071,23,0.9338336148937147,49,72
BV08TR_0071,24,0.9312280030917858,48,72
BV08TR_0071,25,0.928607543788832,47,72
BV08TR_0071,26,0.9260183082135192,46,72
BV08TR_0071,27,0.9234313896534752,45,72
BV08TR_0071,28,0.9207107333214618,44,72
BV08TR_0071,29,0.9179886115049825,43,72
BV08TR_0071,30,0.9153734412722584,42,72
BV08TR_0071,31,0.912804447451162,41,72
BV08TR_0071,32,0.9100851201123664,40,72
BV08TR_0071,33,0.9073751749738912,39,72
BV08TR_0071,34,0.9046141097622734,38,72
BV08TR_0071,35,0.9019525023335895,37,72
BV08TR_0071,36,0.8992347366517829,36,72
BV08TR_0071,37,0.8964665263021105,35,72
BV08TR_0071,38,0.8935813173266944,34,72
BV08TR_0071,39,0.8908550367199587,33,72
BV08TR_0071,40,0.8881976949947809,32,72
BV08TR_0071,41,0.885421175733822,31,72
BV08TR_0071,42,0.8827722976827508,30,72
BV08TR_0071,43,0.8800108871271461,29,72
BV08TR_0071,44,0.8772396692241902,28,72
BV08TR_0071,45,0.8743383790631253,27,72
BV08TR_0071,46,0.8716264052534483,26,72
BV08TR_0071,47,0.8688673803654328,25,72
BV08TR_0071,48,0.8662456261851204,24,72
BV08TR_0071,49,0.863422947287441,23,72
BV08TR_0071,50,0.8605814362457005,22,72
BV08TR_0071,51,0.857876267686154,21,72
BV08TR_0071,52,0.8549294916261755,20,72
BV08TR_0071,53,0.8520718836150838,19,72
BV08TR_0071,54,0.8492925580931308,18,72
BV08TR_0071,55,0.846530986547903,17,72
BV08TR_0071,56,0.843728325084207,16,72
BV08TR_0071,57,0.8408661677691768,15,72
BV08TR_0071,58,0.8380702163933021,14,72
BV08TR_0071,59,0.8353539013833527,13,72
BV08TR_0071,60,0.8326649160477732,12,72
BV08TR_0071,61,0.82990301739127,11,72
BV08TR_0071,62,0.8271010507015293,10,72
BV08TR_0071,63,0.8243335735849925,9,72
BV08TR_0071,64,0.8215264718992517,8,72
BV08TR_0071,65,0.8188340088698013,7,72
BV08TR_0071,66,0.8160905921012556,6,72
BV08TR_0071,67,0.8134352750470036,5,72
BV08TR_0071,68,0.8107900083833156,4,72
BV08TR_0071,69,0.8081239521176161,3,72
BV08TR_0071,70,0.8053552749186172,2,72
BV08TR_0071,71,0.8026791435155493,1,72
BV08TR_0071,72,0.7999323234913496,0,72
BV08TR_0072,0,0.9848900018083645,87,87
BV08TR_0072,1,0.9827601085681182,86,87
BV08TR_0072,2,0.980622597254373,85,87
BV08TR_0072,3,0.9784836011374092,84,87
BV08TR_0072,4,0.9763935559379944,83,87
BV08TR_0072,5,0.9742753273137,82,87
BV08TR_0072,6,0.9721683479449253,81,87
BV08TR_0072,7,0.9700391440561732,80,87
BV08TR_0072,8,0.9679697970689946,79,87
BV08TR_0072,9,0.9657472604076492,78,87
BV08TR_0072,10,0.9635540712905024,77,87
BV08TR_0072,11,0.9614529646592292,76,87
BV08TR_0072,12,0.9594048981252182,75,87
BV08TR_0072,13,0.9572750961277352,74,87
BV08TR_0072,14,0.9552109663273444,73,87
BV08TR_0072,15,0.9531236445717384,72,87
BV08TR_0072,16,0.950982896186352,71,87
BV08TR_0072,17,0.9489706547108495,70,87
BV08TR_0072,18,0.9469722552609982,69,87
BV08TR_0072,19,0.944907113055023,68,87
BV08TR_0072,20,0.942796974297972,67,87
BV08TR_0072,21,0.940737770099742,66,87
BV08TR_0072,22,0.9385896220341134,65,87
BV08TR_0072,23,0.9364946210649034,64,87
BV08TR_0072,24,0.9343410569550936,63,87
BV08TR_0072,25,0.932248385306451,62,87
BV08TR_0072,26,0.9300960837642,61,87
BV08TR_0072,27,0.9279390817978246,60,87
BV08TR_0072,28,0.9258577344216116,59,87
BV08TR_0072,29,0.9237805376305231,58,87
BV08TR_0072,30,0.9216096323955085,57,87
BV08TR_0072,31,0.9194302430832075,56,87
BV08TR_0072,32,0.9172588668497906,55,87
BV08TR_0072,33,0.9151525830872688,54,87
BV08TR_0072,34,0.9130812352954822,53,87
BV08TR_0072,35,0.9109471315468134,52,87
BV08TR_0072,36,0.908768692647957,51,87
BV08TR_0072,37,0.9065714598818594,50,87
BV08TR_0072,38,0.9044987364035845,49,87
BV08TR_0072,39,0.902284503627944,48,87
BV08TR_0072,40,0.900053407832188,47,87
BV08TR_0072,41,0.8979594070185931,46,87
BV08TR_0072,42,0.8957040162651355,45,87
BV08TR_0072,43,0.8934004860374235,44,87
BV08TR_0072,44,0.8911817418793742,43,87
BV08TR_0072,45,0.8888817255009438,42,87
BV08TR_0072,46,0.8866829406316772,41,87
BV08TR_0072,47,0.8845656701831245,40,87
BV08TR_0072,48,0.882346811740946,39,87
BV08TR_0072,49,0.880170969592314,38,87
BV08TR_0072,50,0.877983085273525,37,87
BV08TR_0072,51,0.875799246811184,36,87
BV08TR_0072,52,0.873690214115856,35,87
BV08TR_0072,53,0.8714910228297746,34,87
BV08TR_0072,54,0.869293139564277,33,87
BV08TR_0072,55,0.8670993539454062,32,87
BV08TR_0072,56,0.8649281412859383,31,87
BV08TR_0072,57,0.8628503752309172,30,87
BV08TR_0072,58,0.8606044413041659,29,87
BV08TR_0072,59,0.858429558255844,28,87
BV08TR_0072,60,0.8561140978347422,27,87
BV08TR_0072,61,0.8539017446722175,26,87
BV08TR_0072,62,0.8517816138117894,25,87
BV08TR_0072,63,0.84952189250488,24,87
BV08TR_0072,64,0.8473675273826706,23,87
BV08TR_0072,65,0.8451970557397386,22,87
BV08TR_0072,66,0.8431138159891374,21,87
BV08TR_0072,67,0.841020990387415,20,87
BV08TR_0072,68,0.8389179142494168,19,87
BV08TR_0072,69,0.8367102392142473,18,87
BV08TR_0072,70,0.8345812579615222,17,87
BV08TR_0072,71,0.8324672459658176,16,87
BV08TR_0072,72,0.8303430857223915,15,87
BV08TR_0072,73,0.8281785221215506,14,87
BV08TR_0072,74,0.8260044166393743,13,87
BV08TR_0072,75,0.8238278458838836,12,87
BV08TR_0072,76,0.8216798511226014,11,87
BV08TR_0072,77,0.8195650865683044,10,87
BV08TR_0072,78,0.817468010924844,9,87
BV08TR_0072,79,0.815384712893695,8,87
BV08TR_0072,80,0.8133300288388886,7,87
BV08TR_0072,81,0.8112039504700173,6,87
BV08TR_0072,82,0.8090894478610665,5,87
BV08TR_0072,83,0.8070300553356536,4,87
BV08TR_0072,84,0.8048669800104256,3,87
BV08TR_0072,85,0.8027984341496188,2,87
BV08TR_0072,86,0.8006329167125688,1,87
BV08TR_0072,87,0.798567854112936,0,87
BV08TR_0073,0,1.0228231446776548,99,99
BV08TR_0073,1,1.0205172761019279,98,99
BV08TR_0073,2,1.0181759058807647,97,99
BV08TR_0073,3,1.015870367835389,96,99
BV08TR_0073,4,1.0135295192078688,95,99
BV08TR_0073,5,1.0112421421053965,94,99
BV08TR_0073,6,1.0089938159259368,93,99
BV08TR_0073,7,1.0066535473511784,92,99
BV08TR_0073,8,1.0042862465941558,91,99
BV08TR_0073,9,1.001951611013345,90,99
BV08TR_0073,10,0.9996837592757792,89,99
BV08TR_0073,11,0.9973718490714628,88,99
BV08TR_0073,12,0.9950749246223296,87,99
BV08TR_0073,13,0.992881612922135,86,99
BV08TR_0073,14,0.990558900307177,85,99
BV08TR_0073,15,0.9882974906431752,84,99
BV08TR_0073,16,0.9859569234516354,83,99
BV08TR_0073,17,0.9837326502292322,82,99
BV08TR_0073,18,0.981619982305398,81,99
BV08TR_0073,19,0.9794431179782452,80,99
BV08TR_0073,20,0.9771690562152862,79,99
BV08TR_0073,21,0.9749652816148526,78,99
BV08TR_0073,22,0.9727787925431188,77,99
BV08TR_0073,23,0.9705676482690542,76,99
BV08TR_0073,24,0.9683015428422705,75,99
BV08TR_0073,25,0.9661508977840344,74,99
BV08TR_0073,26,0.9639397006147746,73,99
BV08TR_0073,27,0.9616537402871885,72,99
BV08TR_0073,28,0.959373115648117,71,99
BV08TR_0073,29,0.9571245094444265,70,99
BV08TR_0073,30,0.9549917245203842,69,99
BV08TR_0073,31,0.952773462583783,68,99
BV08TR_0073,32,0.9506257227894765,67,99
BV08TR_0073,33,0.94845062522656,66,99
BV08TR_0073,34,0.9463059208062766,65,99
BV08TR_0073,35,0.9440413816515892,64,99
BV08TR_0073,36,0.941773245936298,63,99
BV08TR_0073,37,0.9396540863217884,62,99
BV08TR_0073,38,0.9374771900063912,61,99
BV08TR_0073,39,0.9352353002688424,60,99
BV08TR_0073,40,0.933059283349334,59,99
BV08TR_0073,41,0.9309274666626652,58,99
BV08TR_0073,42,0.9287105292671245,57,99
BV08TR_0073,43,0.9265412265165281,56,99
BV08TR_0073,44,0.9243853069386386,55,99
BV08TR_0073,45,0.9221920149594632,54,99
BV08TR_0073,46,0.9198133908918612,53,99
BV08TR_0073,47,0.9175208810864396,52,99
BV08TR_0073,48,0.9152331054142104,51,99
BV08TR_0073,49,0.9129351375560418,50,99
BV08TR_0073,50,0.910660582737904,49,99
BV08TR_0073,51,0.9083714023969612,48,99
BV08TR_0073,52,0.9061119366471648,47,99
BV08TR_0073,53,0.9038294633780204,46,99
BV08TR_0073,54,0.9015100641938995,45,99
BV08TR_0073,55,0.8992107454074432,44,99
BV08TR_0073,56,0.896855160012666,43,99
BV08TR_0073,57,0.8945701246936432,42,99
BV08TR_0073,58,0.8923243512277451,41,99
BV08TR_0073,59,0.8900338793943184,40,99
BV08TR_0073,60,0.8877150817375491,39,99
BV08TR_0073,61,0.8854310763670414,38,99
BV08TR_0073,62,0.883150680745065,37,99
BV08TR_0073,63,0.8809303596827334,36,99
BV08TR_0073,64,0.8785416007780886,35,99
BV08TR_0073,65,0.8763133360787695,34,99
BV08TR_0073,66,0.8739878753312434,33,99
BV08TR_0073,67,0.8716388196122894,32,99
BV08TR_0073,68,0.8693464545482751,31,99
BV08TR_0073,69,0.8670865374598192,30,99
BV08TR_0073,70,0.8647847321993803,29,99
BV08TR_0073,71,0.8624557458392401,28,99
BV08TR_0073,72,0.8602201190734556,27,99
BV08TR_0073,73,0.857877075430969,26,99
BV08TR_0073,74,0.8556207526334332,25,99
BV08TR_0073,75,0.8533216156706539,24,99
BV08TR_0073,76,0.8509147906560908,23,99
BV08TR_0073,77,0.8486355012844943,22,99
BV08TR_0073,78,0.8463323904986365,21,99
BV08TR_0073,79,0.8440384481449402,20,99
BV08TR_0073,80,0.8417681619062628,19,99
BV08TR_0073,81,0.8395371299621045,18,99
BV08TR_0073,82,0.8373328237880928,17,99
BV08TR_0073,83,0.8351701823078928,16,99
BV08TR_0073,84,0.8328899922876222,15,99
BV08TR_0073,85,0.8306582035743483,14,99
BV08TR_0073,86,0.8284764516545948,13,99
BV08TR_0073,87,0.8261984090773411,12,99
BV08TR_0073,88,0.8238793187329309,11,99
BV08TR_0073,89,0.8216661524138312,10,99
BV08TR_0073,90,0.8194048023388121,9,99
BV08TR_0073,91,0.8171566927912185,8,99
BV08TR_0073,92,0.8149336355737244,7,99
BV08TR_0073,93,0.8126890243923885,6,99
BV08TR_0073,94,0.8105215308409598,5,99
BV08TR_0073,95,0.8082655472758378,4,99
BV08TR_0073,96,0.8061452682130448,3,99
BV08TR_0073,97,0.8039846890368008,2,99
BV08TR_0073,98,0.8016944823017728,1,99
BV08TR_0073,99,0.7995403058241002,0,99
BV08TR_0074,0,0.9590359752587692,59,59
BV08TR_0074,1,0.9563363010436905,58,59
BV08TR_0074,2,0.9536228669235496,57,59
BV08TR_0074,3,0.9508919666644735,56,59
BV08TR_0074,4,0.9481783505292648,55,59
BV08TR_0074,5,0.9453353027639704,54,59
BV08TR_0074,6,0.9424998696937485,53,59
BV08TR_0074,7,0.939806771854517,52,59
BV08TR_0074,8,0.9369711191095318,51,59
BV08TR_0074,9,0.9342324717313466,50,59
BV08TR_0074,10,0.9314193387742022,49,59
BV08TR_0074,11,0.92854140388224,48,59
BV08TR_0074,12,0.9258216477472834,47,59
BV08TR_0074,13,0.9229617209209624,46,59
BV08TR_0074,14,0.9200876155078827,45,59
BV08TR_0074,15,0.9173950896622346,44,59
BV08TR_0074,16,0.914581779713512,43,59
BV08TR_0074,17,0.9118080925927962,42,59
BV08TR_0074,18,0.9091375835694014,41,59
BV08TR_0074,19,0.9062850941623039,40,59
BV08TR_0074,20,0.9035939723076098,39,59
BV08TR_0074,21,0.9007448137530132,38,59
BV08TR_0074,22,0.8980214794774627,37,59
BV08TR_0074,23,0.8952169153290965,36,59
BV08TR_0074,24,0.8924252877275716,35,59
BV08TR_0074,25,0.8895814876637915,34,59
BV08TR_0074,26,0.8867806841341199,33,59
BV08TR_0074,27,0.8839639992940785,32,59
BV08TR_0074,28,0.881168307442103,31,59
BV08TR_0074,29,0.878339221217078,30,59
BV08TR_0074,30,0.8756156914407934,29,59
BV08TR_0074,31,0.8728435695993448,28,59
BV08TR_0074,32,0.8700433795190335,27,59
BV08TR_0074,33,0.8674115082713487,26,59
BV08TR_0074,34,0.8645600975097223,25,59
BV08TR_0074,35,0.8618677358613654,24,59
BV08TR_0074,36,0.8592038872165788,23,59
BV08TR_0074,37,0.8564785836361178,22,59
BV08TR_0074,38,0.8538188191635997,21,59
BV08TR_0074,39,0.8511332015726969,20,59
BV08TR_0074,40,0.8484268660416142,19,59
BV08TR_0074,41,0.845729665155248,18,59
BV08TR_0074,42,0.8432028444151362,17,59
BV08TR_0074,43,0.8406332618810143,16,59
BV08TR_0074,44,0.8380612974913436,15,59
BV08TR_0074,45,0.8354661648327552,14,59
BV08TR_0074,46,0.8328525433442961,13,59
BV08TR_0074,47,0.8302166821174204,12,59
BV08TR_0074,48,0.827655565499774,11,59
BV08TR_0074,49,0.8251406863551755,10,59
BV08TR_0074,50,0.822497590497384,9,59
BV08TR_0074,51,0.8199063451221514,8,59
BV08TR_0074,52,0.817347786484198,7,59
BV08TR_0074,53,0.8147431758228161,6,59
BV08TR_0074,54,0.8121053913517139,5,59
BV08TR_0074,55,0.8095015303494268,4,59
BV08TR_0074,56,0.806825528804272,3,59
BV08TR_0074,57,0.8042226432989514,2,59
BV08TR_0074,58,0.8015532145084984,1,59
BV08TR_0074,59,0.7989887461305643,0,59
BV08TR_0075,0,1.0222485670246704,110,110
BV08TR_0075,1,1.0202044149360145,109,110
BV08TR_0075,2,1.0182347118371775,108,110
BV08TR_0075,3,1.0162732093560527,107,110
BV08TR_0075,4,1.0142827500945992,106,110
BV08TR_0075,5,1.0122457186083826,105,110
BV08TR_0075,6,1.0101687118617992,104,110
BV08TR_0075,7,1.0081692884800215,103,110
BV08TR_0075,8,1.0062145931246345,102,110
BV08TR_0075,9,1.0042913352775427,101,110
BV08TR_0075,10,1.0023422394458834,100,110
BV08TR_0075,11,1.0004404505692668,99,110
BV08TR_0075,12,0.998511185329819,98,110
BV08TR_0075,13,0.9966044385693074,97,110
BV08TR_0075,14,0.9946868718352528,96,110
BV08TR_0075,15,0.9926928748701815,95,110
BV08TR_0075,16,0.9907629136435802,94,110
BV08TR_0075,17,0.9887489097235203,93,110
BV08TR_0075,18,0.9867264087498082,92,110
BV08TR_0075,19,0.984767610526038,91,110
BV08TR_0075,20,0.9827537320162852,90,110
BV08TR_0075,21,0.9807022299703092,89,110
BV08TR_0075,22,0.9787152002396425,88,110
BV08TR_0075,23,0.976715905805188,87,110
BV08TR_0075,24,0.9746685907324119,86,110
BV08TR_0075,25,0.972695900927736,85,110
BV08TR_0075,26,0.970649998421723,84,110
BV08TR_0075,27,0.9687172073492792,83,110
BV08TR_0075,28,0.966700488982698,82,110
BV08TR_0075,29,0.964726986445462,81,110
BV08TR_0075,30,0.9626836381819778,80,110
BV08TR_0075,31,0.9605812545992644,79,110
BV08TR_0075,32,0.958498476296106,78,110
BV08TR_0075,33,0.9564486231163551,77,110
BV08TR_0075,34,0.9544357672228284,76,110
BV08TR_0075,35,0.9523334702760762,75,110
BV08TR_0075,36,0.9502195361439482,74,110
BV08TR_0075,37,0.9481846121949725,73,110
BV08TR_0075,38,0.9462135769657094,72,110
BV08TR_0075,39,0.9440962911299432,71,110
BV08TR_0075,40,0.942062107438653,70,110
BV08TR_0075,41,0.9399821962868594,69,110
BV08TR_0075,42,0.9379925687360192,68,110
BV08TR_0075,43,0.9359704513026313,67,110
BV08TR_0075,44,0.9339051988353692,66,110
BV08TR_0075,45,0.9318521190648612,65,110
BV08TR_0075,46,0.9297952357796536,64,110
BV08TR_0075,47,0.927712812771347,63,110
BV08TR_0075,48,0.9256376559536926,62,110
BV08TR_0075,49,0.923550390474416,61,110
BV08TR_0075,50,0.9214816098270355,60,110
BV08TR_0075,51,0.9194231021739212,59,110
BV08TR_0075,52,0.9173857944747024,58,110
BV08TR_0075,53,0.9152924532434052,57,110
BV08TR_0075,54,0.91329154869921,56,110
BV08TR_0075,55,0.9112523692218818,55,110
BV08TR_0075,56,0.9091288617155266,54,110
BV08TR_0075,57,0.9070970880171833,53,110
BV08TR_0075,58,0.9050954522710624,52,110
BV08TR_0075,59,0.903008083471016,51,110
BV08TR_0075,60,0.9009013452943224,50,110
BV08TR_0075,61,0.8988500524577058,49,110
BV08TR_0075,62,0.8968419857147472,48,110
BV08TR_0075,63,0.8947470523915492,47,110
BV08TR_0075,64,0.8927236952053265,46,110
BV08TR_0075,65,0.8906957813623585,45,110
BV08TR_0075,66,0.8886925400807572,44,110
BV08TR_0075,67,0.8866748845777778,43,110
BV08TR_0075,68,0.8846341109953672,42,110
BV08TR_0075,69,0.8826158180054268,41,110
BV08TR_0075,70,0.8805680383845885,40,110
BV08TR_0075,71,0.8784722885151479,39,110
BV08TR_0075,72,0.8765131948696666,38,110
BV08TR_0075,73,0.874483596607981,37,110
BV08TR_0075,74,0.8724870903200486,36,110
BV08TR_0075,75,0.8704225442547785,35,110
BV08TR_0075,76,0.8684469193355583,34,110
BV08TR_0075,77,0.8664268903349629,33,110
BV08TR_0075,78,0.8644537414472422,32,110
BV08TR_0075,79,0.8624927066705096,31,110
BV08TR_0075,80,0.8605144210018186,30,110
BV08TR_0075,81,0.858543370794892,29,110
BV08TR_0075,82,0.8565796996308987,28,110
BV08TR_0075,83,0.8546195265199668,27,110
BV08TR_0075,84,0.8526831383629982,26,110
BV08TR_0075,85,0.8506880478265282,25,110
BV08TR_0075,86,0.84881725011772,24,110
BV08TR_0075,87,0.846812346386777,23,110
BV08TR_0075,88,0.8447893819308414,22,110
BV08TR_0075,89,0.8427680574166577,21,110
BV08TR_0075,90,0.8408031824758916,20,110
BV08TR_0075,91,0.8388260202810214,19,110
BV08TR_0075,92,0.8367854394655435,18,110
BV08TR_0075,93,0.8347452927530823,17,110
BV08TR_0075,94,0.8326845125184746,16,110
BV08TR_0075,95,0.8307199713792164,15,110
BV08TR_0075,96,0.8287069607283885,14,110
BV08TR_0075,97,0.8266288548302967,13,110
BV08TR_0075,98,0.8247252884565903,12,110
BV08TR_0075,99,0.8226878128333174,11,110
BV08TR_0075,100,0.820613796244058,10,110
BV08TR_0075,101,0.8185515724796586,9,110
BV08TR_0075,102,0.8164383883285365,8,110
BV08TR_0075,103,0.8142996707018443,7,110
BV08TR_0075,104,0.812248686535961,6,110
BV08TR_0075,105,0.8102450409930364,5,110
BV08TR_0075,106,0.8082625267891388,4,110
BV08TR_0075,107,0.8062071173269328,3,110
BV08TR_0075,108,0.8041565632155435,2,110
BV08TR_0075,109,0.8020036944986155,1,110
BV08TR_0075,110,0.7998628512419494,0,110
BV08TR_0076,0,0.9991439492312028,63,63
BV08TR_0076,1,0.995858481402152,62,63
BV08TR_0076,2,0.9926695253206383,61,63
BV08TR_0076,3,0.9894662946358898,60,63
BV08TR_0076,4,0.9862944729057,59,63
BV08TR_0076,5,0.9829500229710215,58,63
BV08TR_0076,6,0.9797285258264942,57,63
BV08TR_0076,7,0.976600065908926,56,63
BV08TR_0076,8,0.9732234612830225,55,63
BV08TR_0076,9,0.9700990828511022,54,63
BV08TR_0076,10,0.9669445691289332,53,63
BV08TR_0076,11,0.9636426443536646,52,63
BV08TR_0076,12,0.9602159745630005,51,63
BV08TR_0076,13,0.9568618909964965,50,63
BV08TR_0076,14,0.953583868159656,49,63
BV08TR_0076,15,0.950191993628278,48,63
BV08TR_0076,16,0.946928418104502,47,63
BV08TR_0076,17,0.943832866243101,46,63
BV08TR_0076,18,0.940556363179384,45,63
BV08TR_0076,19,0.9372277930956805,44,63
BV08TR_0076,20,0.9339325821676218,43,63
BV08TR_0076,21,0.930698419783955,42,63
BV08TR_0076,22,0.927615911183195,41,63
BV08TR_0076,23,0.9244261646062484,40,63
BV08TR_0076,24,0.9210560676230066,39,63
BV08TR_0076,25,0.9179556812900745,38,63
BV08TR_0076,26,0.9147677514081336,37,63
BV08TR_0076,27,0.9115204496792522,36,63
BV08TR_0076,28,0.9083559584292418,35,63
BV08TR_0076,29,0.9052438719894028,34,63
BV08TR_0076,30,0.9020034317235072,33,63
BV08TR_0076,31,0.8987707187521249,32,63
BV08TR_0076,32,0.8956331611492558,31,63
BV08TR_0076,33,0.8924148980038331,30,63
BV08TR_0076,34,0.8893041210309445,29,63
BV08TR_0076,35,0.8861418144403334,28,63
BV08TR_0076,36,0.8830308073433024,27,63
BV08TR_0076,37,0.8798033346272,26,63
BV08TR_0076,38,0.876667776531777,25,63
BV08TR_0076,39,0.8734813957510515,24,63
BV08TR_0076,40,0.8703325124268319,23,63
BV08TR_0076,41,0.8671450810278865,22,63
BV08TR_0076,42,0.864091807022005,21,63
BV08TR_0076,43,0.8609264403269588,20,63
BV08TR_0076,44,0.8578325015993633,19,63
BV08TR_0076,45,0.8547989789887355,18,63
BV08TR_0076,46,0.8518354917055065,17,63
BV08TR_0076,47,0.8486314378764259,16,63
BV08TR_0076,48,0.8454175315247736,15,63
BV08TR_0076,49,0.8423897784148258,14,63
BV08TR_0076,50,0.8392801996773823,13,63
BV08TR_0076,51,0.8362017613086246,12,63
BV08TR_0076,52,0.8331268634340284,11,63
BV08TR_0076,53,0.8300414241089054,10,63
BV08TR_0076,54,0.8269330079764038,9,63
BV08TR_0076,55,0.8239280736228572,8,63
BV08TR_0076,56,0.8209828134270972,7,63
BV08TR_0076,57,0.8177868476270505,6,63
BV08TR_0076,58,0.8145758337194178,5,63
BV08TR_0076,59,0.8115251778357315,4,63
BV08TR_0076,60,0.8084025856803734,3,63
BV08TR_0076,61,0.8052505492920402,2,63
BV08TR_0076,62,0.8021153616588446,1,63
BV08TR_0076,63,0.7988998535983028,0,63
BV08TR_0077,0,1.004977327905232,59,59
BV08TR_0077,1,1.001828622896064,58,59
BV08TR_0077,2,0.9985667426384542,57,59
BV08TR_0077,3,0.995087605934868,56,59
BV08TR_0077,4,0.991670879875083,55,59
BV08TR_0077,5,0.9882125858262722,54,59
BV08TR_0077,6,0.98477868682538,53,59
BV08TR_0077,7,0.9814954110013956,52,59
BV08TR_0077,8,0.978043144604542,51,59
BV08TR_0077,9,0.9746176962529142,50,59
BV08TR_0077,10,0.9711751353043871,49,59
BV08TR_0077,11,0.96773794389386,48,59
BV08TR_0077,12,0.9643785304813656,47,59
BV08TR_0077,13,0.9609606465448044,46,59
BV08TR_0077,14,0.957658478234204,45,59
BV08TR_0077,15,0.9542911323472982,44,59
BV08TR_0077,16,0.950913687516252,43,59
BV08TR_0077,17,0.9476124137236216,42,59
BV08TR_0077,18,0.944204484216511,41,59
BV08TR_0077,19,0.9406975876861092,40,59
BV08TR_0077,20,0.9372191124094738,39,59
BV08TR_0077,21,0.9338410550155122,38,59
BV08TR_0077,22,0.9303506831970336,37,59
BV08TR_0077,23,0.9269185388421834,36,59
BV08TR_0077,24,0.9234462583740481,35,59
BV08TR_0077,25,0.9199611089340052,34,59
BV08TR_0077,26,0.9164095644194112,33,59
BV08TR_0077,27,0.9130643096807368,32,59
BV08TR_0077,28,0.9095413287157484,31,59
BV08TR_0077,29,0.9059631656714457,30,59
BV08TR_0077,30,0.9025453925252503,29,59
BV08TR_0077,31,0.8990753601452063,28,59
BV08TR_0077,32,0.8955430365198408,27,59
BV08TR_0077,33,0.8920672816734055,26,59
BV08TR_0077,34,0.8885512388439115,25,59
BV08TR_0077,35,0.8849476026709946,24,59
BV08TR_0077,36,0.8814344962725675,23,59
BV08TR_0077,37,0.8780858990578604,22,59
BV08TR_0077,38,0.8744761647690235,21,59
BV08TR_0077,39,0.8709294624272524,20,59
BV08TR_0077,40,0.8670996127200671,19,59
BV08TR_0077,41,0.8635222321775122,18,59
BV08TR_0077,42,0.859945141599517,17,59
BV08TR_0077,43,0.856543860125516,16,59
BV08TR_0077,44,0.8529215578495366,15,59
BV08TR_0077,45,0.8493755408619451,14,59
BV08TR_0077,46,0.8456429027582665,13,59
BV08TR_0077,47,0.8421247684550706,12,59
BV08TR_0077,48,0.8386019222166885,11,59
BV08TR_0077,49,0.8350025658327227,10,59
BV08TR_0077,50,0.8314817259033151,9,59
BV08TR_0077,51,0.8279317991681862,8,59
BV08TR_0077,52,0.8245370282076381,7,59
BV08TR_0077,53,0.8208254576938556,6,59
BV08TR_0077,54,0.8172467199419201,5,59
BV08TR_0077,55,0.8136816454912549,4,59
BV08TR_0077,56,0.8101822728765338,3,59
BV08TR_0077,57,0.8066998872212298,2,59
BV08TR_0077,58,0.8030841247671201,1,59
BV08TR_0077,59,0.7996681239831891,0,59
BV08TR_0078,0,0.978382471664273,79,79
BV08TR_0078,1,0.9763151149812364,78,79
BV08TR_0078,2,0.9742152018467086,77,79
BV08TR_0078,3,0.9720463449872762,76,79
BV08TR_0078,4,0.9699722431431081,75,79
BV08TR_0078,5,0.9677866725147272,74,79
BV08TR_0078,6,0.9658010394952432,73,79
BV08TR_0078,7,0.963667002391638,72,79
BV08TR_0078,8,0.961522320565838,71,79
BV08TR_0078,9,0.9594262553476118,70,79
BV08TR_0078,10,0.9573778347074094,69,79
BV08TR_0078,11,0.9553585626116537,68,79
BV08TR_0078,12,0.9534005880733364,67,79
BV08TR_0078,13,0.9513310118478744,66,79
BV08TR_0078,14,0.949278265806778,65,79
BV08TR_0078,15,0.9471713565080025,64,79
BV08TR_0078,16,0.9451990191991262,63,79
BV08TR_0078,17,0.9432243506231295,62,79
BV08TR_0078,18,0.9411400842948912,61,79
BV08TR_0078,19,0.9390382327310116,60,79
BV08TR_0078,20,0.936932574272748,59,79
BV08TR_0078,21,0.9348350337808045,58,79
BV08TR_0078,22,0.9326312423142632,57,79
BV08TR_0078,23,0.9305161831239356,56,79
BV08TR_0078,24,0.9283508077800352,55,79
BV08TR_0078,25,0.926276340575024,54,79
BV08TR_0078,26,0.924132910047738,53,79
BV08TR_0078,27,0.9219717879255545,52,79
BV08TR_0078,28,0.9198806351497864,51,79
BV08TR_0078,29,0.9176790246770624,50,79
BV08TR_0078,30,0.9155551684622558,49,79
BV08TR_0078,31,0.9134344921015546,48,79
BV08TR_0078,32,0.9112799432458952,47,79
BV08TR_0078,33,0.9090443091453375,46,79
BV08TR_0078,34,0.906770920657798,45,79
BV08TR_0078,35,0.9045472987245828,44,79
BV08TR_0078,36,0.9023389380993914,43,79
BV08TR_0078,37,0.9000721789481269,42,79
BV08TR_0078,38,0.8979598831627283,41,79
BV08TR_0078,39,0.8957825062512774,40,79
BV08TR_0078,40,0.8935801951760602,39,79
BV08TR_0078,41,0.8913841998540598,38,79
BV08TR_0078,42,0.8892487560729454,37,79
BV08TR_0078,43,0.8870293712734886,36,79
BV08TR_0078,44,0.8847816581261468,35,79
BV08TR_0078,45,0.8824924399649096,34,79
BV08TR_0078,46,0.8803122590759185,33,79
BV08TR_0078,47,0.8781481700748054,32,79
BV08TR_0078,48,0.8759621860736048,31,79
BV08TR_0078,49,0.8738349893986811,30,79
BV08TR_0078,50,0.8716292364606288,29,79
BV08TR_0078,51,0.8694789626479822,28,79
BV08TR_0078,52,0.867260263671713,27,79
BV08TR_0078,53,0.86508569656254,26,79
BV08TR_0078,54,0.8628989996848992,25,79
BV08TR_0078,55,0.8607291740839552,24,79
BV08TR_0078,56,0.8584929958119504,23,79
BV08TR_0078,57,0.8562774134819916,22,79
BV08TR_0078,58,0.8541179893850313,21,79
BV08TR_0078,59,0.8520435370651172,20,79
BV08TR_0078,60,0.8499077721205786,19,79
BV08TR_0078,61,0.8477686237758195,18,79
BV08TR_0078,62,0.845687699035276,17,79
BV08TR_0078,63,0.8435018917912122,16,79
BV08TR_0078,64,0.8413909338966022,15,79
BV08TR_0078,65,0.8383414869691471,14,79
BV08TR_0078,66,0.8353796719012776,13,79
BV08TR_0078,67,0.8323667445953384,12,79
BV08TR_0078,68,0.8295419774999805,11,79
BV08TR_0078,69,0.8264271115948144,10,79
BV08TR_0078,70,0.8234277877326676,9,79
BV08TR_0078,71,0.8204966158043085,8,79
BV08TR_0078,72,0.8175541539640573,7,79
BV08TR_0078,73,0.8146652178508207,6,79
BV08TR_0078,74,0.8118552382538518,5,79
BV08TR_0078,75,0.809050609138829,4,79
BV08TR_0078,76,0.8060657536452764,3,79
BV08TR_0078,77,0.8031595232566252,2,79
BV08TR_0078,78,0.8002270443845285,1,79
BV08TR_0078,79,0.7973168992982276,0,79
BV08TR_0079,0,1.0103900803846984,59,59
BV08TR_0079,1,1.0068853724544775,58,59
BV08TR_0079,2,1.0032691303001837,57,59
BV08TR_0079,3,0.9995265659084211,56,59
BV08TR_0079,4,0.995863705820852,55,59
BV08TR_0079,5,0.9922185654526016,54,59
BV08TR_0079,6,0.9885718878581605,53,59
BV08TR_0079,7,0.985005006823404,52,59
BV08TR_0079,8,0.9812615925560272,51,59
BV08TR_0079,9,0.977638131768341,50,59
BV08TR_0079,10,0.9741174210100876,49,59
BV08TR_0079,11,0.9703197933195054,48,59
BV08TR_0079,12,0.9666011638215265,47,59
BV08TR_0079,13,0.962762473054586,46,59
BV08TR_0079,14,0.958935338296827,45,59
BV08TR_0079,15,0.9553047110650104,44,59
BV08TR_0079,16,0.9514766924228962,43,59
BV08TR_0079,17,0.9476843746820538,42,59
BV08TR_0079,18,0.9441810246221573,41,59
BV08TR_0079,19,0.9403233740261522,40,59
BV08TR_0079,20,0.9364997073327912,39,59
BV08TR_0079,21,0.9326992801057306,38,59
BV08TR_0079,22,0.9290777354652046,37,59
BV08TR_0079,23,0.9253527235121026,36,59
BV08TR_0079,24,0.9217803428016706,35,59
BV08TR_0079,25,0.9181069546568253,34,59
BV08TR_0079,26,0.9144559514903192,33,59
BV08TR_0079,27,0.9109201448404928,32,59
BV08TR_0079,28,0.9074415285756162,31,59
BV08TR_0079,29,0.903906546286325,30,59
BV08TR_0079,30,0.9002671532774444,29,59
BV08TR_0079,31,0.8966445200400602,28,59
BV08TR_0079,32,0.8930193627748952,27,59
BV08TR_0079,33,0.8895102429932402,26,59
BV08TR_0079,34,0.8858818771598892,25,59
BV08TR_0079,35,0.8822405665963458,24,59
BV08TR_0079,36,0.8787317797805124,23,59
BV08TR_0079,37,0.8750869328078666,22,59
BV08TR_0079,38,0.8713367187819935,21,59
BV08TR_0079,39,0.8676589280903221,20,59
BV08TR_0079,40,0.864133340854829,19,59
BV08TR_0079,41,0.8605884315276323,18,59
BV08TR_0079,42,0.8569500000343327,17,59
BV08TR_0079,43,0.8535016725447302,16,59
BV08TR_0079,44,0.8499372753064866,15,59
BV08TR_0079,45,0.846488314547733,14,59
BV08TR_0079,46,0.8429620406832693,13,59
BV08TR_0079,47,0.8393718699657051,12,59
BV08TR_0079,48,0.8360657149703089,11,59
BV08TR_0079,49,0.832609031033697,10,59
BV08TR_0079,50,0.829042721042292,9,59
BV08TR_0079,51,0.8254295788426655,8,59
BV08TR_0079,52,0.821901789449284,7,59
BV08TR_0079,53,0.818396359687045,6,59
BV08TR_0079,54,0.81488195628172,5,59
BV08TR_0079,55,0.8114403046697732,4,59
BV08TR_0079,56,0.8079874910816799,3,59
BV08TR_0079,57,0.804318593417676,2,59
BV08TR_0079,58,0.800786483783764,1,59
BV08TR_0079,59,0.797097790391106,0,59
BV08TR_0080,0,1.0106894163697397,65,65
BV08TR_0080,1,1.0073398636802124,64,65
BV08TR_0080,2,1.004239909026356,63,65
BV08TR_0080,3,1.0008753651417404,62,65
BV08TR_0080,4,0.997580928859505,61,65
BV08TR_0080,5,0.9943001566098125,60,65
BV08TR_0080,6,0.99099768872153,59,65
BV08TR_0080,7,0.9878154616611065,58,65
BV08TR_0080,8,0.9846357930494112,57,65
BV08TR_0080,9,0.9814597298061806,56,65
BV08TR_0080,10,0.9782600903502234,55,65
BV08TR_0080,11,0.9748513524001986,54,65
BV08TR_0080,12,0.9714193132555756,53,65
BV08TR_0080,13,0.96808407454108,52,65
BV08TR_0080,14,0.9648026475688805,51,65
BV08TR_0080,15,0.9614305343609993,50,65
BV08TR_0080,16,0.9581945012479514,49,65
BV08TR_0080,17,0.9548923840125078,48,65
BV08TR_0080,18,0.9515657219918934,47,65
BV08TR_0080,19,0.9482566337610218,46,65
BV08TR_0080,20,0.9449113859451574,45,65
BV08TR_0080,21,0.9414607752713948,44,65
BV08TR_0080,22,0.938096028268274,43,65
BV08TR_0080,23,0.9347509984236545,42,65
BV08TR_0080,24,0.9313598184040665,41,65
BV08TR_0080,25,0.9279374860774586,40,65
BV08TR_0080,26,0.9246265722376775,39,65
BV08TR_0080,27,0.9213557093343018,38,65
BV08TR_0080,28,0.9181057280403379,37,65
BV08TR_0080,29,0.9147494785014108,36,65
BV08TR_0080,30,0.9114327838790548,35,65
BV08TR_0080,31,0.9083349332840688,34,65
BV08TR_0080,32,0.9051475475788446,33,65
BV08TR_0080,33,0.9019877894498206,32,65
BV08TR_0080,34,0.8986987886177822,31,65
BV08TR_0080,35,0.8955288153047871,30,65
BV08TR_0080,36,0.892239531577688,29,65
BV08TR_0080,37,0.8888572734353295,28,65
BV08TR_0080,38,0.8856266763278593,27,65
BV08TR_0080,39,0.882361489653382,26,65
BV08TR_0080,40,0.8791681112106857,25,65
BV08TR_0080,41,0.8758231751848455,24,65
BV08TR_0080,42,0.8725775951744565,23,65
BV08TR_0080,43,0.8692974583482641,22,65
BV08TR_0080,44,0.8660107644052955,21,65
BV08TR_0080,45,0.8628887758832589,20,65
BV08TR_0080,46,0.859664627231826,19,65
BV08TR_0080,47,0.8564834115436188,18,65
BV08TR_0080,48,0.8533132240395214,17,65
BV08TR_0080,49,0.8500889640896274,16,65
BV08TR_0080,50,0.8468628979554398,15,65
BV08TR_0080,51,0.843641645657562,14,65
BV08TR_0080,52,0.8404155763817782,13,65
BV08TR_0080,53,0.8371479820744838,12,65
BV08TR_0080,54,0.8339199796877377,11,65
BV08TR_0080,55,0.8307033590257638,10,65
BV08TR_0080,56,0.8274232989720445,9,65
BV08TR_0080,57,0.8242428805788156,8,65
BV08TR_0080,58,0.8209323332212854,7,65
BV08TR_0080,59,0.8176834722360994,6,65
BV08TR_0080,60,0.8145691828008395,5,65
BV08TR_0080,61,0.8113293781166832,4,65
BV08TR_0080,62,0.8080231343764661,3,65
BV08TR_0080,63,0.8048450991955818,2,65
BV08TR_0080,64,0.8016759475699815,1,65
BV08TR_0080,65,0.798410731290524,0,65
BV08TR_0081,0,0.9669661706667434,74,74
BV08TR_0081,1,0.9647953760133664,73,74
BV08TR_0081,2,0.962582104267854,72,74
BV08TR_0081,3,0.9603004449480035,71,74
BV08TR_0081,4,0.9580094861555988,70,74
BV08TR_0081,5,0.9557251309854188,69,74
BV08TR_0081,6,0.9534789547686374,68,74
BV08TR_0081,7,0.951256832361055,67,74
BV08TR_0081,8,0.9490484317186924,66,74
BV08TR_0081,9,0.9468179074820248,65,74
BV08TR_0081,10,0.9445326826468968,64,74
BV08TR_0081,11,0.9422712936134986,63,74
BV08TR_0081,12,0.9399997772751424,62,74
BV08TR_0081,13,0.9377656068424516,61,74
BV08TR_0081,14,0.9354537591395428,60,74
BV08TR_0081,15,0.9331207427171305,59,74
BV08TR_0081,16,0.9308105725160654,58,74
BV08TR_0081,17,0.9284338475165208,57,74
BV08TR_0081,18,0.9261688845666075,56,74
BV08TR_0081,19,0.9238280031740767,55,74
BV08TR_0081,20,0.9214927207252308,54,74
BV08TR_0081,21,0.919211436594956,53,74
BV08TR_0081,22,0.916889482470685,52,74
BV08TR_0081,23,0.9146345594570912,51,74
BV08TR_0081,24,0.912268907613701,50,74
BV08TR_0081,25,0.9099552547832318,49,74
BV08TR_0081,26,0.9076266721118452,48,74
BV08TR_0081,27,0.9052886112448646,47,74
BV08TR_0081,28,0.9030489320397778,46,74
BV08TR_0081,29,0.900694957904506,45,74
BV08TR_0081,30,0.8983591364735684,44,74
BV08TR_0081,31,0.896066512291211,43,74
BV08TR_0081,32,0.8937575157512745,42,74
BV08TR_0081,33,0.8914982213452703,41,74
BV08TR_0081,34,0.889156583700405,40,74
BV08TR_0081,35,0.8868536696619272,39,74
BV08TR_0081,36,0.8845552726195418,38,74
BV08TR_0081,37,0.8822173891328863,37,74
BV08TR_0081,38,0.8798017097797523,36,74
BV08TR_0081,39,0.8774397386810185,35,74
BV08TR_0081,40,0.8751646410365935,34,74
BV08TR_0081,41,0.8727203452560819,33,74
BV08TR_0081,42,0.8705003215444903,32,74
BV08TR_0081,43,0.868078732891661,31,74
BV08TR_0081,44,0.8657089469194618,30,74
BV08TR_0081,45,0.8633119171856228,29,74
BV08TR_0081,46,0.8609882947129195,28,74
BV08TR_0081,47,0.858635888502925,27,74
BV08TR_0081,48,0.8563402140861944,26,74
BV08TR_0081,49,0.8541344399013735,25,74
BV08TR_0081,50,0.8518784671165277,24,74
BV08TR_0081,51,0.8495464663349201,23,74
BV08TR_0081,52,0.8472549689359036,22,74
BV08TR_0081,53,0.8449889441188959,21,74
BV08TR_0081,54,0.8427780912612112,20,74
BV08TR_0081,55,0.8405722264236627,19,74
BV08TR_0081,56,0.8382187823020358,18,74
BV08TR_0081,57,0.8360240714416624,17,74
BV08TR_0081,58,0.8337767910749577,16,74
BV08TR_0081,59,0.8314485921730864,15,74
BV08TR_0081,60,0.8290991280128562,14,74
BV08TR_0081,61,0.826833683988705,13,74
BV08TR_0081,62,0.8247517772490426,12,74
BV08TR_0081,63,0.8224478461180157,11,74
BV08TR_0081,64,0.820177046878669,10,74
BV08TR_0081,65,0.8179916054313668,9,74
BV08TR_0081,66,0.8157295354656756,8,74
BV08TR_0081,67,0.8135004875411433,7,74
BV08TR_0081,68,0.8112447332672899,6,74
BV08TR_0081,69,0.8090441430859086,5,74
BV08TR_0081,70,0.8068655331331092,4,74
BV08TR_0081,71,0.804627942422496,3,74
BV08TR_0081,72,0.8023521975748122,2,74
BV08TR_0081,73,0.8001154859610435,1,74
BV08TR_0081,74,0.7978991722912939,0,74
BV08TR_0082,0,0.9920350105174628,87,87
BV08TR_0082,1,0.9898524684257075,86,87
BV08TR_0082,2,0.9877230973070305,85,87
BV08TR_0082,3,0.985483311925074,84,87
BV08TR_0082,4,0.9832870087848758,83,87
BV08TR_0082,5,0.9809777588832292,82,87
BV08TR_0082,6,0.978738950620558,81,87
BV08TR_0082,7,0.9764611350293246,80,87
BV08TR_0082,8,0.9742658620826572,79,87
BV08TR_0082,9,0.9719928907376686,78,87
BV08TR_0082,10,0.969738513921178,77,87
BV08TR_0082,11,0.9674337731360484,76,87
BV08TR_0082,12,0.9651117939325508,75,87
BV08TR_0082,13,0.9628221702015565,74,87
BV08TR_0082,14,0.9606048509174286,73,87
BV08TR_0082,15,0.9584707888541723,72,87
BV08TR_0082,16,0.9561936309687366,71,87
BV08TR_0082,17,0.9539005276099424,70,87
BV08TR_0082,18,0.9515947328592084,69,87
BV08TR_0082,19,0.949290156119116,68,87
BV08TR_0082,20,0.9470339020164664,67,87
BV08TR_0082,21,0.944737892660701,66,87
BV08TR_0082,22,0.9424692889761725,65,87
BV08TR_0082,23,0.9402938846090446,64,87
BV08TR_0082,24,0.9379355534909142,63,87
BV08TR_0082,25,0.9357168491170788,62,87
BV08TR_0082,26,0.9335216937098078,61,87
BV08TR_0082,27,0.9313013025865124,60,87
BV08TR_0082,28,0.9290004030682782,59,87
BV08TR_0082,29,0.9266504656893965,58,87
BV08TR_0082,30,0.9243754773925118,57,87
BV08TR_0082,31,0.9222153289567352,56,87
BV08TR_0082,32,0.9199398326584108,55,87
BV08TR_0082,33,0.9177775066743545,54,87
BV08TR_0082,34,0.9156067645281118,53,87
BV08TR_0082,35,0.9135138149231083,52,87
BV08TR_0082,36,0.9111900057658694,51,87
BV08TR_0082,37,0.909012189408006,50,87
BV08TR_0082,38,0.9068600033516372,49,87
BV08TR_0082,39,0.904643988186546,48,87
BV08TR_0082,40,0.9025052915429772,47,87
BV08TR_0082,41,0.900323226986228,46,87
BV08TR_0082,42,0.8981509214217426,45,87
BV08TR_0082,43,0.8958633491363615,44,87
BV08TR_0082,44,0.8937633698452145,43,87
BV08TR_0082,45,0.8915553959583993,42,87
BV08TR_0082,46,0.889480080613851,41,87
BV08TR_0082,47,0.8872973768172797,40,87
BV08TR_0082,48,0.8851982321697147,39,87
BV08TR_0082,49,0.8830523084247093,38,87
BV08TR_0082,50,0.8809328960557701,37,87
BV08TR_0082,51,0.8787212342982784,36,87
BV08TR_0082,52,0.8765280936109134,35,87
BV08TR_0082,53,0.8743250473500978,34,87
BV08TR_0082,54,0.8722203530060942,33,87
BV08TR_0082,55,0.8700247863085054,32,87
BV08TR_0082,56,0.8678754402335846,31,87
BV08TR_0082,57,0.8656739677939413,30,87
BV08TR_0082,58,0.8635058688301978,29,87
BV08TR_0082,59,0.8612537767488445,28,87
BV08TR_0082,60,0.859007811834597,27,87
BV08TR_0082,61,0.8569027276826652,26,87
BV08TR_0082,62,0.8546818125468723,25,87
BV08TR_0082,63,0.8525576573257362,24,87
BV08TR_0082,64,0.8504268572410161,23,87
BV08TR_0082,65,0.8482839620213718,22,87
BV08TR_0082,66,0.8460301776996262,21,87
BV08TR_0082,67,0.8438773541371398,20,87
BV08TR_0082,68,0.8416308242163382,19,87
BV08TR_0082,69,0.8395411106837642,18,87
BV08TR_0082,70,0.8374695644750786,17,87
BV08TR_0082,71,0.8353533015126646,16,87
BV08TR_0082,72,0.8331002168928071,15,87
BV08TR_0082,73,0.8309909282621234,14,87
BV08TR_0082,74,0.8287740099042072,13,87
BV08TR_0082,75,0.826500665992487,12,87
BV08TR_0082,76,0.8242193301234866,11,87
BV08TR_0082,77,0.8219369986655193,10,87
BV08TR_0082,78,0.819665722809203,9,87
BV08TR_0082,79,0.8173315750417668,8,87
BV08TR_0082,80,0.8150727536125179,7,87
BV08TR_0082,81,0.8129102267071135,6,87
BV08TR_0082,82,0.810577064139075,5,87
BV08TR_0082,83,0.8083458796025186,4,87
BV08TR_0082,84,0.8060863967032156,3,87
BV08TR_0082,85,0.8037998317227708,2,87
BV08TR_0082,86,0.8014733676826888,1,87
BV08TR_0082,87,0.7991934444794676,0,87
BV08TR_0083,0,0.9865704471742535,64,64
BV08TR_0083,1,0.9838761271910034,63,64
BV08TR_0083,2,0.9811946326713272,62,64
BV08TR_0083,3,0.9784596008956462,61,64
BV08TR_0083,4,0.9756391088952392,60,64
BV08TR_0083,5,0.9728987591611652,59,64
BV08TR_0083,6,0.970215931516798,58,64
BV08TR_0083,7,0.967449589941896,57,64
BV08TR_0083,8,0.9647988558518232,56,64
BV08TR_0083,9,0.9619579706942099,55,64
BV08TR_0083,10,0.9592765455524802,54,64
BV08TR_0083,11,0.9565496677234696,53,64
BV08TR_0083,12,0.9537561309940905,52,64
BV08TR_0083,13,0.9510167186299658,51,64
BV08TR_0083,14,0.948369414381484,50,64
BV08TR_0083,15,0.9457055457436052,49,64
BV08TR_0083,16,0.9429169623327052,48,64
BV08TR_0083,17,0.9401658537522352,47,64
BV08TR_0083,18,0.9374859658302704,46,64
BV08TR_0083,19,0.9347824419813158,45,64
BV08TR_0083,20,0.932084711247044,44,64
BV08TR_0083,21,0.9293591849855664,43,64
BV08TR_0083,22,0.9268588603322208,42,64
BV08TR_0083,23,0.9240882936514322,41,64
BV08TR_0083,24,0.9215178125047482,40,64
BV08TR_0083,25,0.9188459768398124,39,64
BV08TR_0083,26,0.9161344320808782,38,64
BV08TR_0083,27,0.9133977758502416,37,64
BV08TR_0083,28,0.9107080252211148,36,64
BV08TR_0083,29,0.9080194205260222,35,64
BV08TR_0083,30,0.9053261098889822,34,64
BV08TR_0083,31,0.902706354856949,33,64
BV08TR_0083,32,0.9000688091133678,32,64
BV08TR_0083,33,0.897541245190468,31,64
BV08TR_0083,34,0.8948728221167875,30,64
BV08TR_0083,35,0.8922176815798015,29,64
BV08TR_0083,36,0.88966210163025,28,64
BV08TR_0083,37,0.8870137036941952,27,64
BV08TR_0083,38,0.8844075487648544,26,64
BV08TR_0083,39,0.8816249952471331,25,64
BV08TR_0083,40,0.8790361939487374,24,64
BV08TR_0083,41,0.8764471631318067,23,64
BV08TR_0083,42,0.8738179186560924,22,64
BV08TR_0083,43,0.8710301069145154,21,64
BV08TR_0083,44,0.8682671794370156,20,64
BV08TR_0083,45,0.86560502498231,19,64
BV08TR_0083,46,0.862063784016165,18,64
BV08TR_0083,47,0.8584852909503161,17,64
BV08TR_0083,48,0.8548572229342397,16,64
BV08TR_0083,49,0.8512864027030452,15,64
BV08TR_0083,50,0.8475856264514154,14,64
BV08TR_0083,51,0.8440026864475568,13,64
BV08TR_0083,52,0.8404087728897818,12,64
BV08TR_0083,53,0.8368079896594182,11,64
BV08TR_0083,54,0.8331611525162504,10,64
BV08TR_0083,55,0.829450887123182,9,64
BV08TR_0083,56,0.8257580188532762,8,64
BV08TR_0083,57,0.8221971472219984,7,64
BV08TR_0083,58,0.8186413241424423,6,64
BV08TR_0083,59,0.8150824984417494,5,64
BV08TR_0083,60,0.8113490764827994,4,64
BV08TR_0083,61,0.807676120333342,3,64
BV08TR_0083,62,0.8040097438341346,2,64
BV08TR_0083,63,0.8003000468906425,1,64
BV08TR_0083,64,0.7967648330948125,0,64
BV08TR_0084,0,1.043961883747185,93,93
BV08TR_0084,1,1.041493613092886,92,93
BV08TR_0084,2,1.039145208747821,91,93
BV08TR_0084,3,1.0366565582961371,90,93
BV08TR_0084,4,1.034232041917797,89,93
BV08TR_0084,5,1.031821839166706,88,93
BV08TR_0084,6,1.029298329558817,87,93
BV08TR_0084,7,1.0268254957943375,86,93
BV08TR_0084,8,1.02439761892394,85,93
BV08TR_0084,9,1.0220163345018085,84,93
BV08TR_0084,10,1.019635267346336,83,93
BV08TR_0084,11,1.017165524737118,82,93
BV08TR_0084,12,1.014608328998835,81,93
BV08TR_0084,13,1.011967778284758,80,93
BV08TR_0084,14,1.0095294259778211,79,93
BV08TR_0084,15,1.007199857613706,78,93
BV08TR_0084,16,1.0046735842944994,77,93
BV08TR_0084,17,1.0020941772027714,76,93
BV08TR_0084,18,0.999584627534528,75,93
BV08TR_0084,19,0.9970480689571355,74,93
BV08TR_0084,20,0.9945528290806765,73,93
BV08TR_0084,21,0.9920271869082644,72,93
BV08TR_0084,22,0.9895126186001,71,93
BV08TR_0084,23,0.9869861082876014,70,93
BV08TR_0084,24,0.9844337534149804,69,93
BV08TR_0084,25,0.9816845465242284,68,93
BV08TR_0084,26,0.979174047372927,67,93
BV08TR_0084,27,0.9766167779744372,66,93
BV08TR_0084,28,0.9739756440566066,65,93
BV08TR_0084,29,0.9713173698571838,64,93
BV08TR_0084,30,0.968711593363456,63,93
BV08TR_0084,31,0.966125104007834,62,93
BV08TR_0084,32,0.963592900696113,61,93
BV08TR_0084,33,0.96102253823243,60,93
BV08TR_0084,34,0.9585561545743706,59,93
BV08TR_0084,35,0.9559037605634492,58,93
BV08TR_0084,36,0.953232084246628,57,93
BV08TR_0084,37,0.9507710325219746,56,93
BV08TR_0084,38,0.9481980298432812,55,93
BV08TR_0084,39,0.9456592548107294,54,93
BV08TR_0084,40,0.9431402560875684,53,93
BV08TR_0084,41,0.9405498837605908,52,93
BV08TR_0084,42,0.9380730350029564,51,93
BV08TR_0084,43,0.9355386074886936,50,93
BV08TR_0084,44,0.93298617236594,49,93
BV08TR_0084,45,0.930500770828555,48,93
BV08TR_0084,46,0.9280371817195948,47,93
BV08TR_0084,47,0.9254836934242365,46,93
BV08TR_0084,48,0.9229222988583036,45,93
BV08TR_0084,49,0.920488637626302,44,93
BV08TR_0084,50,0.917840272412401,43,93
BV08TR_0084,51,0.9153809892753344,42,93
BV08TR_0084,52,0.9129161516520018,41,93
BV08TR_0084,53,0.9103930674112375,40,93
BV08TR_0084,54,0.9078415893520496,39,93
BV08TR_0084,55,0.9052813565436506,38,93
BV08TR_0084,56,0.9027951836494565,37,93
BV08TR_0084,57,0.900343910295107,36,93
BV08TR_0084,58,0.8980024141892776,35,93
BV08TR_0084,59,0.8955741099125325,34,93
BV08TR_0084,60,0.8931872799622549,33,93
BV08TR_0084,61,0.890667799500446,32,93
BV08TR_0084,62,0.8882048393698935,31,93
BV08TR_0084,63,0.8858269057731595,30,93
BV08TR_0084,64,0.8832914953537979,29,93
BV08TR_0084,65,0.8807304867170077,28,93
BV08TR_0084,66,0.878319741760861,27,93
BV08TR_0084,67,0.8758229316970748,26,93
BV08TR_0084,68,0.8734161392613009,25,93
BV08TR_0084,69,0.8710733613215866,24,93
BV08TR_0084,70,0.868678152696241,23,93
BV08TR_0084,71,0.866170858497331,22,93
BV08TR_0084,72,0.8636869788899854,21,93
BV08TR_0084,73,0.86124997416121,20,93
BV08TR_0084,74,0.8587688292476848,19,93
BV08TR_0084,75,0.8563256782605241,18,93
BV08TR_0084,76,0.8537285643420334,17,93
BV08TR_0084,77,0.8513089961558395,16,93
BV08TR_0084,78,0.8488801256409817,15,93
BV08TR_0084,79,0.8464407639782116,14,93
BV08TR_0084,80,0.8439756091178608,13,93
BV08TR_0084,81,0.8413709366780724,12,93
BV08TR_0084,82,0.8390039490975534,11,93
BV08TR_0084,83,0.8364661751009226,10,93
BV08TR_0084,84,0.8326800106592224,9,93
BV08TR_0084,85,0.829037821819889,8,93
BV08TR_0084,86,0.8252530782871882,7,93
BV08TR_0084,87,0.8215463293572115,6,93
BV08TR_0084,88,0.8177543163947273,5,93
BV08TR_0084,89,0.813737810758083,4,93
BV08TR_0084,90,0.8099366111375406,3,93
BV08TR_0084,91,0.8062265212034858,2,93
BV08TR_0084,92,0.8023957994192017,1,93
BV08TR_0084,93,0.7985206473283414,0,93
BV08TR_0085,0,1.0471696485502702,78,78
BV08TR_0085,1,1.0444519043415492,77,78
BV08TR_0085,2,1.0415003143138204,76,78
BV08TR_0085,3,1.038662472335954,75,78
BV08TR_0085,4,1.035804924257775,74,78
BV08TR_0085,5,1.0328867912036142,73,78
BV08TR_0085,6,1.0299923639149249,72,78
BV08TR_0085,7,1.0270944305743743,71,78
BV08TR_0085,8,1.0241528028524065,70,78
BV08TR_0085,9,1.021119835143926,69,78
BV08TR_0085,10,1.0183529287528121,68,78
BV08TR_0085,11,1.015444048412732,67,78
BV08TR_0085,12,1.0124906449035493,66,78
BV08TR_0085,13,1.0096774258174257,65,78
BV08TR_0085,14,1.0068496065268742,64,78
BV08TR_0085,15,1.0039152788008194,63,78
BV08TR_0085,16,1.0009048965587724,62,78
BV08TR_0085,17,0.9979862117377515,61,78
BV08TR_0085,18,0.9951013511872479,60,78
BV08TR_0085,19,0.9921292484108724,59,78
BV08TR_0085,20,0.98921536561458,58,78
BV08TR_0085,21,0.9863080546473286,57,78
BV08TR_0085,22,0.9834777391356964,56,78
BV08TR_0085,23,0.9804607802852526,55,78
BV08TR_0085,24,0.9775560334090984,54,78
BV08TR_0085,25,0.9747556021158162,53,78
BV08TR_0085,26,0.971810914658199,52,78
BV08TR_0085,27,0.9686942415215524,51,78
BV08TR_0085,28,0.9657970850721292,50,78
BV08TR_0085,29,0.9628308947940938,49,78
BV08TR_0085,30,0.9597996304194668,48,78
BV08TR_0085,31,0.9569245993147312,47,78
BV08TR_0085,32,0.9538626172022636,46,78
BV08TR_0085,33,0.95088450762864,45,78
BV08TR_0085,34,0.947837186108072,44,78
BV08TR_0085,35,0.9448822724928038,43,78
BV08TR_0085,36,0.9418596898189716,42,78
BV08TR_0085,37,0.93878130153748,41,78
BV08TR_0085,38,0.9359012223105125,40,78
BV08TR_0085,39,0.9329067809478264,39,78
BV08TR_0085,40,0.929965182168621,38,78
BV08TR_0085,41,0.92701875681539,37,78
BV08TR_0085,42,0.9241044819559708,36,78
BV08TR_0085,43,0.921051559973732,35,78
BV08TR_0085,44,0.918064752702358,34,78
BV08TR_0085,45,0.9150080289420708,33,78
BV08TR_0085,46,0.911984798560572,32,78
BV08TR_0085,47,0.9088497424576305,31,78
BV08TR_0085,48,0.9058392929499044,30,78
BV08TR_0085,49,0.902838377780556,29,78
BV08TR_0085,50,0.8998442593341798,28,78
BV08TR_0085,51,0.8967424563334223,27,78
BV08TR_0085,52,0.893742831765177,26,78
BV08TR_0085,53,0.8906536709615678,25,78
BV08TR_0085,54,0.8876488858336042,24,78
BV08TR_0085,55,0.8847512481496556,23,78
BV08TR_0085,56,0.8816399754702552,22,78
BV08TR_0085,57,0.8785760401860127,21,78
BV08TR_0085,58,0.875635261514211,20,78
BV08TR_0085,59,0.872730286915374,19,78
BV08TR_0085,60,0.8698979697740824,18,78
BV08TR_0085,61,0.866973621707889,17,78
BV08TR_0085,62,0.8639740494818668,16,78
BV08TR_0085,63,0.8610542381496022,15,78
BV08TR_0085,64,0.8567904913347975,14,78
BV08TR_0085,65,0.8526921832385514,13,78
BV08TR_0085,66,0.8484600191370482,12,78
BV08TR_0085,67,0.8441489548765058,11,78
BV08TR_0085,68,0.8399726308792698,10,78
BV08TR_0085,69,0.8356286552346266,9,78
BV08TR_0085,70,0.8311342341256645,8,78
BV08TR_0085,71,0.8269358323506482,7,78
BV08TR_0085,72,0.8227384262963292,6,78
BV08TR_0085,73,0.8186497770479405,5,78
BV08TR_0085,74,0.814535809765011,4,78
BV08TR_0085,75,0.8102971761951657,3,78
BV08TR_0085,76,0.805956852308448,2,78
BV08TR_0085,77,0.801736932200709,1,78
BV08TR_0085,78,0.7975641681856178,0,78
BV08TR_0086,0,1.0191859884088488,56,56
BV08TR_0086,1,1.015702505304004,55,56
BV08TR_0086,2,1.0121159131710389,54,56
BV08TR_0086,3,1.0085764599857725,53,56
BV08TR_0086,4,1.004894293252233,52,56
BV08TR_0086,5,1.0012698239377225,51,56
BV08TR_0086,6,0.99763686804088,50,56
BV08TR_0086,7,0.9941018670779326,49,56
BV08TR_0086,8,0.9905781933994506,48,56
BV08TR_0086,9,0.9870192072921784,47,56
BV08TR_0086,10,0.9834787155748002,46,56
BV08TR_0086,11,0.9798021139369908,45,56
BV08TR_0086,12,0.9763449021398442,44,56
BV08TR_0086,13,0.9728498386044716,43,56
BV08TR_0086,14,0.969123690468094,42,56
BV08TR_0086,15,0.9655587074434352,41,56
BV08TR_0086,16,0.9619526583809624,40,56
BV08TR_0086,17,0.9582043283110352,39,56
BV08TR_0086,18,0.9544795654635916,38,56
BV08TR_0086,19,0.950797933623536,37,56
BV08TR_0086,20,0.9471038813539864,36,56
BV08TR_0086,21,0.943545611157052,35,56
BV08TR_0086,22,0.9400690667236912,34,56
BV08TR_0086,23,0.9364184246097348,33,56
BV08TR_0086,24,0.9325911655894852,32,56
BV08TR_0086,25,0.9289033665310285,31,56
BV08TR_0086,26,0.9251417494907604,30,56
BV08TR_0086,27,0.9214625971773814,29,56
BV08TR_0086,28,0.9177666981767743,28,56
BV08TR_0086,29,0.9140742639547398,27,56
BV08TR_0086,30,0.910379263218282,26,56
BV08TR_0086,31,0.9067060673197064,25,56
BV08TR_0086,32,0.903143025372516,24,56
BV08TR_0086,33,0.8994223843179179,23,56
BV08TR_0086,34,0.8956820435695172,22,56
BV08TR_0086,35,0.8919290574485818,21,56
BV08TR_0086,36,0.8883569888440124,20,56
BV08TR_0086,37,0.8847229362669442,19,56
BV08TR_0086,38,0.881125678304511,18,56
BV08TR_0086,39,0.8773756349885548,17,56
BV08TR_0086,40,0.8737466557221946,16,56
BV08TR_0086,41,0.8690880397538341,15,56
BV08TR_0086,42,0.8642878789306415,14,56
BV08TR_0086,43,0.859600001334003,13,56
BV08TR_0086,44,0.8550425096873757,12,56
BV08TR_0086,45,0.850429512043034,11,56
BV08TR_0086,46,0.8456007450639325,10,56
BV08TR_0086,47,0.840766073790844,9,56
BV08TR_0086,48,0.8360402521381416,8,56
BV08TR_0086,49,0.8311845050353222,7,56
BV08TR_0086,50,0.8264622103957094,6,56
BV08TR_0086,51,0.821891533849121,5,56
BV08TR_0086,52,0.8173132143858811,4,56
BV08TR_0086,53,0.8127095726650201,3,56
BV08TR_0086,54,0.8079265305075274,2,56
BV08TR_0086,55,0.8034947215865741,1,56
BV08TR_0086,56,0.7988202617377521,0,56
BV08TR_0087,0,0.9994043598767967,97,97
BV08TR_0087,1,0.99720575843969,96,97
BV08TR_0087,2,0.9950348717808778,95,97
BV08TR_0087,3,0.9929618481322585,94,97
BV08TR_0087,4,0.9908403838204352,93,97
BV08TR_0087,5,0.9887329376853679,92,97
BV08TR_0087,6,0.986595651579673,91,97
BV08TR_0087,7,0.9844717034905694,90,97
BV08TR_0087,8,0.9823269670163508,89,97
BV08TR_0087,9,0.980268642054384,88,97
BV08TR_0087,10,0.9781916958332664,87,97
BV08TR_0087,11,0.976044161776651,86,97
BV08TR_0087,12,0.9739696766325134,85,97
BV08TR_0087,13,0.9718482269299717,84,97
BV08TR_0087,14,0.969658011803888,83,97
BV08TR_0087,15,0.967437936340102,82,97
BV08TR_0087,16,0.9653492848441662,81,97
BV08TR_0087,17,0.9632483851088004,80,97
BV08TR_0087,18,0.961177821511645,79,97
BV08TR_0087,19,0.959077521923024,78,97
BV08TR_0087,20,0.957002701036714,77,97
BV08TR_0087,21,0.9549587015444572,76,97
BV08TR_0087,22,0.9529190036512984,75,97
BV08TR_0087,23,0.950929167891477,74,97
BV08TR_0087,24,0.9488473535089634,73,97
BV08TR_0087,25,0.946800459739785,72,97
BV08TR_0087,26,0.944821507361967,71,97
BV08TR_0087,27,0.9427746825425268,70,97
BV08TR_0087,28,0.940623917798627,69,97
BV08TR_0087,29,0.938636201198545,68,97
BV08TR_0087,30,0.9367237129467146,67,97
BV08TR_0087,31,0.9346934018831005,66,97
BV08TR_0087,32,0.9326192836350412,65,97
BV08TR_0087,33,0.9305538418209436,64,97
BV08TR_0087,34,0.9285204484216686,63,97
BV08TR_0087,35,0.9265072532178606,62,97
BV08TR_0087,36,0.9244271637819732,61,97
BV08TR_0087,37,0.922512381154682,60,97
BV08TR_0087,38,0.9204662876499846,59,97
BV08TR_0087,39,0.9184312007608065,58,97
BV08TR_0087,40,0.9163705654812212,57,97
BV08TR_0087,41,0.9143286003831224,56,97
BV08TR_0087,42,0.9122868036122628,55,97
BV08TR_0087,43,0.910285771357714,54,97
BV08TR_0087,44,0.9082134076794712,53,97
BV08TR_0087,45,0.9061164976990705,52,97
BV08TR_0087,46,0.9041596879535064,51,97
BV08TR_0087,47,0.9021453816975342,50,97
BV08TR_0087,48,0.900065538082973,49,97
BV08TR_0087,49,0.8980127731869157,48,97
BV08TR_0087,50,0.8960020482005308,47,97
BV08TR_0087,51,0.8939497523329705,46,97
BV08TR_0087,52,0.891933616788185,45,97
BV08TR_0087,53,0.8899043551936606,44,97
BV08TR_0087,54,0.8879286367848649,43,97
BV08TR_0087,55,0.8859142824299642,42,97
BV08TR_0087,56,0.8839850999595471,41,97
BV08TR_0087,57,0.8819636938562857,40,97
BV08TR_0087,58,0.8799229615258941,39,97
BV08TR_0087,59,0.8778030107076944,38,97
BV08TR_0087,60,0.8757396854093296,37,97
BV08TR_0087,61,0.8736378613366449,36,97
BV08TR_0087,62,0.8716330153493721,35,97
BV08TR_0087,63,0.8695711744079795,34,97
BV08TR_0087,64,0.8675884496195267,33,97
BV08TR_0087,65,0.8655284872267598,32,97
BV08TR_0087,66,0.8633660407632463,31,97
BV08TR_0087,67,0.8612934726390996,30,97
BV08TR_0087,68,0.8593234440126108,29,97
BV08TR_0087,69,0.8571657712798051,28,97
BV08TR_0087,70,0.8551637701065528,27,97
BV08TR_0087,71,0.8530757969657484,26,97
BV08TR_0087,72,0.8509410197687088,25,97
BV08TR_0087,73,0.8487354064496597,24,97
BV08TR_0087,74,0.846622518440104,23,97
BV08TR_0087,75,0.8445136657996064,22,97
BV08TR_0087,76,0.8424563118892954,21,97
BV08TR_0087,77,0.8403242751654385,20,97
BV08TR_0087,78,0.838230949296337,19,97
BV08TR_0087,79,0.8361362886800765,18,97
BV08TR_0087,80,0.83403164081068,17,97
BV08TR_0087,81,0.8318927501965936,16,97
BV08TR_0087,82,0.8297830690138911,15,97
BV08TR_0087,83,0.8276584774639333,14,97
BV08TR_0087,84,0.8255664162883822,13,97
BV08TR_0087,85,0.8233624989379112,12,97
BV08TR_0087,86,0.8212286060249704,11,97
BV08TR_0087,87,0.8191529413070128,10,97
BV08TR_0087,88,0.8170303052149938,9,97
BV08TR_0087,89,0.814974432838992,8,97
BV08TR_0087,90,0.8128761644305244,7,97
BV08TR_0087,91,0.810850716249097,6,97
BV08TR_0087,92,0.8087795013958815,5,97
BV08TR_0087,93,0.8067314987695346,4,97
BV08TR_0087,94,0.804718392002841,3,97
BV08TR_0087,95,0.8026324010177412,2,97
BV08TR_0087,96,0.8006043437969286,1,97
BV08TR_0087,97,0.7985600902249752,0,97
BV08TR_0088,0,1.0286162939638,87,87
BV08TR_0088,1,1.0259987784226963,86,87
BV08TR_0088,2,1.0233402455822929,85,87
BV08TR_0088,3,1.0208102424688814,84,87
BV08TR_0088,4,1.0182081732255015,83,87
BV08TR_0088,5,1.0155648879065495,82,87
BV08TR_0088,6,1.0131227014114634,81,87
BV08TR_0088,7,1.0105586820376928,80,87
BV08TR_0088,8,1.0078620801538651,79,87
BV08TR_0088,9,1.0052579384535933,78,87
BV08TR_0088,10,1.002733214468572,77,87
BV08TR_0088,11,1.0001126483362135,76,87
BV08TR_0088,12,0.9975941919249148,75,87
BV08TR_0088,13,0.995052673425874,74,87
BV08TR_0088,14,0.992481122895415,73,87
BV08TR_0088,15,0.9900360512336404,72,87
BV08TR_0088,16,0.9874269702870891,71,87
BV08TR_0088,17,0.984868465692972,70,87
BV08TR_0088,18,0.982236312343877,69,87
BV08TR_0088,19,0.9796579412622924,68,87
BV08TR_0088,20,0.9771321112395168,67,87
BV08TR_0088,21,0.9746349044790173,66,87
BV08TR_0088,22,0.9720138040924392,65,87
BV08TR_0088,23,0.9695331827724255,64,87
BV08TR_0088,24,0.9670037068026635,63,87
BV08TR_0088,25,0.9644391992274454,62,87
BV08TR_0088,26,0.9619503601713024,61,87
BV08TR_0088,27,0.959572193111334,60,87
BV08TR_0088,28,0.957122225937207,59,87
BV08TR_0088,29,0.954690275593716,58,87
BV08TR_0088,30,0.952232439834566,57,87
BV08TR_0088,31,0.949711053042522,56,87
BV08TR_0088,32,0.9471919843588865,55,87
BV08TR_0088,33,0.9446687336669974,54,87
BV08TR_0088,34,0.9421780052591698,53,87
BV08TR_0088,35,0.939753786751782,52,87
BV08TR_0088,36,0.9373702640306212,51,87
BV08TR_0088,37,0.934929616974666,50,87
BV08TR_0088,38,0.932430694434392,49,87
BV08TR_0088,39,0.9299832029901098,48,87
BV08TR_0088,40,0.927518521950139,47,87
BV08TR_0088,41,0.9249915495118888,46,87
BV08TR_0088,42,0.922534847283504,45,87
BV08TR_0088,43,0.9201076024295302,44,87
BV08TR_0088,44,0.9177249419022364,43,87
BV08TR_0088,45,0.9152781161005138,42,87
BV08TR_0088,46,0.9127978922729336,41,87
BV08TR_0088,47,0.9103822326427675,40,87
BV08TR_0088,48,0.9079015232941512,39,87
BV08TR_0088,49,0.9054563777371178,38,87
BV08TR_0088,50,0.903142939809781,37,87
BV08TR_0088,51,0.900728699810792,36,87
BV08TR_0088,52,0.8981638079665838,35,87
BV08TR_0088,53,0.8957407363274713,34,87
BV08TR_0088,54,0.8932636909141769,33,87
BV08TR_0088,55,0.8907901910188059,32,87
BV08TR_0088,56,0.8882098016279356,31,87
BV08TR_0088,57,0.885639465782106,30,87
BV08TR_0088,58,0.8830960367822192,29,87
BV08TR_0088,59,0.8806504679052135,28,87
BV08TR_0088,60,0.8782078444628423,27,87
BV08TR_0088,61,0.8757329675290988,26,87
BV08TR_0088,62,0.8732258692053746,25,87
BV08TR_0088,63,0.8706832145919713,24,87
BV08TR_0088,64,0.8680681137538986,23,87
BV08TR_0088,65,0.8655100378711328,22,87
BV08TR_0088,66,0.8630870922391105,21,87
BV08TR_0088,67,0.8604597376985307,20,87
BV08TR_0088,68,0.8579658779634884,19,87
BV08TR_0088,69,0.8554809759444534,18,87
BV08TR_0088,70,0.8529216267126614,17,87
BV08TR_0088,71,0.8503320265757448,16,87
BV08TR_0088,72,0.8477294544550724,15,87
BV08TR_0088,73,0.8451697954494694,14,87
BV08TR_0088,74,0.8426571840691662,13,87
BV08TR_0088,75,0.8399527293014747,12,87
BV08TR_0088,76,0.8364147007273603,11,87
BV08TR_0088,77,0.8327568200159907,10,87
BV08TR_0088,78,0.829198257023008,9,87
BV08TR_0088,79,0.8255101222518751,8,87
BV08TR_0088,80,0.8217692357325734,7,87
BV08TR_0088,81,0.818184130695909,6,87
BV08TR_0088,82,0.814569840585218,5,87
BV08TR_0088,83,0.8111198594066693,4,87
BV08TR_0088,84,0.8074819568159154,3,87
BV08TR_0088,85,0.8036968693649182,2,87
BV08TR_0088,86,0.8002196149226835,1,87
BV08TR_0088,87,0.7966846732858072,0,87
BV08TR_0089,0,0.968920883361611,86,86
BV08TR_0089,1,0.9669799970622242,85,86
BV08TR_0089,2,0.9649696723060304,84,86
BV08TR_0089,3,0.962995056418841,83,86
BV08TR_0089,4,0.9610073931856232,82,86
BV08TR_0089,5,0.9589460334693122,81,86
BV08TR_0089,6,0.9569892597992354,80,86
BV08TR_0089,7,0.9550128393001555,79,86
BV08TR_0089,8,0.9529500207755967,78,86
BV08TR_0089,9,0.9509629061823652,77,86
BV08TR_0089,10,0.9489848862384304,76,86
BV08TR_0089,11,0.9470325841326908,75,86
BV08TR_0089,12,0.9449611047420674,74,86
BV08TR_0089,13,0.9430457218889092,73,86
BV08TR_0089,14,0.9411484090893095,72,86
BV08TR_0089,15,0.9393443949198904,71,86
BV08TR_0089,16,0.9374723984785533,70,86
BV08TR_0089,17,0.9355939514988552,69,86
BV08TR_0089,18,0.9336732854463332,68,86
BV08TR_0089,19,0.931700343215314,67,86
BV08TR_0089,20,0.9298124785108428,66,86
BV08TR_0089,21,0.927882541382096,65,86
BV08TR_0089,22,0.9259822112848256,64,86
BV08TR_0089,23,0.9240094905921235,63,86
BV08TR_0089,24,0.9221486539267824,62,86
BV08TR_0089,25,0.920209428585469,61,86
BV08TR_0089,26,0.9183369097173086,60,86
BV08TR_0089,27,0.9164151585891476,59,86
BV08TR_0089,28,0.9144710893959902,58,86
BV08TR_0089,29,0.9124863595861799,57,86
BV08TR_0089,30,0.9105907726989882,56,86
BV08TR_0089,31,0.9086270267692955,55,86
BV08TR_0089,32,0.9067231582071134,54,86
BV08TR_0089,33,0.9047714835646086,53,86
BV08TR_0089,34,0.902902121182158,52,86
BV08TR_0089,35,0.90093422058286,51,86
BV08TR_0089,36,0.8989235082494217,50,86
BV08TR_0089,37,0.8969155550719846,49,86
BV08TR_0089,38,0.8948513537556143,48,86
BV08TR_0089,39,0.8929280574547542,47,86
BV08TR_0089,40,0.8909360793552097,46,86
BV08TR_0089,41,0.8889685141013176,45,86
BV08TR_0089,42,0.8870468795129963,44,86
BV08TR_0089,43,0.8850554956420694,43,86
BV08TR_0089,44,0.8829525006524473,42,86
BV08TR_0089,45,0.8809295426620395,41,86
BV08TR_0089,46,0.87890833639445,40,86
BV08TR_0089,47,0.8767637204915528,39,86
BV08TR_0089,48,0.8748125772866335,38,86
BV08TR_0089,49,0.872784372045422,37,86
BV08TR_0089,50,0.8707764688700298,36,86
BV08TR_0089,51,0.8687202684729425,35,86
BV08TR_0089,52,0.866703795142416,34,86
BV08TR_0089,53,0.8647947429824842,33,86
BV08TR_0089,54,0.8627798492804708,32,86
BV08TR_0089,55,0.8608030637949338,31,86
BV08TR_0089,56,0.8587735920367444,30,86
BV08TR_0089,57,0.8567351003666859,29,86
BV08TR_0089,58,0.8547336137255108,28,86
BV08TR_0089,59,0.852771847360779,27,86
BV08TR_0089,60,0.8507604306225296,26,86
BV08TR_0089,61,0.8487215736189705,25,86
BV08TR_0089,62,0.846639120168919,24,86
BV08TR_0089,63,0.8445464504405518,23,86
BV08TR_0089,64,0.8424246532926387,22,86
BV08TR_0089,65,0.8404268542836246,21,86
BV08TR_0089,66,0.8383311059374534,20,86
BV08TR_0089,67,0.8363872162559576,19,86
BV08TR_0089,68,0.8343166177810228,18,86
BV08TR_0089,69,0.832415075025345,17,86
BV08TR_0089,70,0.830376541478877,16,86
BV08TR_0089,71,0.8283800544476986,15,86
BV08TR_0089,72,0.8263510053803844,14,86
BV08TR_0089,73,0.8242944073594802,13,86
BV08TR_0089,74,0.8222529797565806,12,86
BV08TR_0089,75,0.8203127039481826,11,86
BV08TR_0089,76,0.8183097047802398,10,86
BV08TR_0089,77,0.8163515795436336,9,86
BV08TR_0089,78,0.814470477201098,8,86
BV08TR_0089,79,0.8124514949878572,7,86
BV08TR_0089,80,0.8104690643692677,6,86
BV08TR_0089,81,0.8085743396958688,5,86
BV08TR_0089,82,0.806658122565505,4,86
BV08TR_0089,83,0.8047245824176646,3,86
BV08TR_0089,84,0.8028317047034774,2,86
BV08TR_0089,85,0.8008459715667149,1,86
BV08TR_0089,86,0.7989926032837245,0,86
BV08TR_0090,0,1.0493669278679225,98,98
BV08TR_0090,1,1.046665240679667,97,98
BV08TR_0090,2,1.0440236613070284,96,98
BV08TR_0090,3,1.0413110256495686,95,98
BV08TR_0090,4,1.038578937940664,94,98
BV08TR_0090,5,1.035981231961182,93,98
BV08TR_0090,6,1.033395911671839,92,98
BV08TR_0090,7,1.0307562937061305,91,98
BV08TR_0090,8,1.0281818835599719,90,98
BV08TR_0090,9,1.025653291088438,89,98
BV08TR_0090,10,1.0231153999032165,88,98
BV08TR_0090,11,1.020568993255566,87,98
BV08TR_0090,12,1.0179706450637385,86,98
BV08TR_0090,13,1.015384173366642,85,98
BV08TR_0090,14,1.0128419275728824,84,98
BV08TR_0090,15,1.0102164257597206,83,98
BV08TR_0090,16,1.0077143221237694,82,98
BV08TR_0090,17,1.0052165327925473,81,98
BV08TR_0090,18,1.0026902024852717,80,98
BV08TR_0090,19,1.000110896617909,79,98
BV08TR_0090,20,0.9976212956659246,78,98
BV08TR_0090,21,0.9951827194436852,77,98
BV08TR_0090,22,0.9926337484563212,76,98
BV08TR_0090,23,0.9901210588663434,75,98
BV08TR_0090,24,0.9875727651149768,74,98
BV08TR_0090,25,0.9850702018616178,73,98
BV08TR_0090,26,0.9826532124237215,72,98
BV08TR_0090,27,0.9802940995708354,71,98
BV08TR_0090,28,0.9778833221591672,70,98
BV08TR_0090,29,0.9754035031304312,69,98
BV08TR_0090,30,0.972924269975209,68,98
BV08TR_0090,31,0.970482659475428,67,98
BV08TR_0090,32,0.9679640259040215,66,98
BV08TR_0090,33,0.965491980908974,65,98
BV08TR_0090,34,0.963057089231644,64,98
BV08TR_0090,35,0.960550898137134,63,98
BV08TR_0090,36,0.957976306502602,62,98
BV08TR_0090,37,0.9554029407090961,61,98
BV08TR_0090,38,0.9529194089072658,60,98
BV08TR_0090,39,0.9503072944724545,59,98
BV08TR_0090,40,0.9478099842982503,58,98
BV08TR_0090,41,0.9452559191075894,57,98
BV08TR_0090,42,0.9427191196946212,56,98
BV08TR_0090,43,0.940185064551395,55,98
BV08TR_0090,44,0.9376161461187832,54,98
BV08TR_0090,45,0.9350674517772753,53,98
BV08TR_0090,46,0.9325049576278115,52,98
BV08TR_0090,47,0.9300130617891452,51,98
BV08TR_0090,48,0.9273972887244545,50,98
BV08TR_0090,49,0.9248388478286232,49,98
BV08TR_0090,50,0.9222214065587802,48,98
BV08TR_0090,51,0.9196072565563408,47,98
BV08TR_0090,52,0.9170364819156466,46,98
BV08TR_0090,53,0.914455557488106,45,98
BV08TR_0090,54,0.9119088866948112,44,98
BV08TR_0090,55,0.9093258312172734,43,98
BV08TR_0090,56,0.9066378135740862,42,98
BV08TR_0090,57,0.9040769892390572,41,98
BV08TR_0090,58,0.9015204391869195,40,98
BV08TR_0090,59,0.8988635912449042,39,98
BV08TR_0090,60,0.8962396193380041,38,98
BV08TR_0090,61,0.8937357749925079,37,98
BV08TR_0090,62,0.8912268441713993,36,98
BV08TR_0090,63,0.888624699591227,35,98
BV08TR_0090,64,0.8859920060204476,34,98
BV08TR_0090,65,0.8834547949815866,33,98
BV08TR_0090,66,0.880889129465373,32,98
BV08TR_0090,67,0.8783683303653252,31,98
BV08TR_0090,68,0.8758391530300409,30,98
BV08TR_0090,69,0.8732881076624355,29,98
BV08TR_0090,70,0.8706738670117775,28,98
BV08TR_0090,71,0.8680423736503141,27,98
BV08TR_0090,72,0.86537846625215,26,98
BV08TR_0090,73,0.8626412241517142,25,98
BV08TR_0090,74,0.8600749928678955,24,98
BV08TR_0090,75,0.857489384261291,23,98
BV08TR_0090,76,0.8548530591468145,22,98
BV08TR_0090,77,0.8522332781246785,21,98
BV08TR_0090,78,0.8495956347992628,20,98
BV08TR_0090,79,0.8469826138700951,19,98
BV08TR_0090,80,0.8443189647680948,18,98
BV08TR_0090,81,0.841786670033825,17,98
BV08TR_0090,82,0.8391173462817622,16,98
BV08TR_0090,83,0.8365350791445711,15,98
BV08TR_0090,84,0.8339357653119231,14,98
BV08TR_0090,85,0.831316711722001,13,98
BV08TR_0090,86,0.8287763071896914,12,98
BV08TR_0090,87,0.8261610065271247,11,98
BV08TR_0090,88,0.8235952913045501,10,98
BV08TR_0090,89,0.8210228116620358,9,98
BV08TR_0090,90,0.8185909999819203,8,98
BV08TR_0090,91,0.8160839457531728,7,98
BV08TR_0090,92,0.8135281942579486,6,98
BV08TR_0090,93,0.8110256717993451,5,98
BV08TR_0090,94,0.8084950596660141,4,98
BV08TR_0090,95,0.8059679724111146,3,98
BV08TR_0090,96,0.8033708439157351,2,98
BV08TR_0090,97,0.800923212965368,1,98
BV08TR_0090,98,0.7984917504791973,0,98
BV08TR_0091,0,1.0158802021977413,54,54
BV08TR_0091,1,1.0124094128916443,53,54
BV08TR_0091,2,1.0088022752001873,52,54
BV08TR_0091,3,1.005119472271776,51,54
BV08TR_0091,4,1.0013352667766635,50,54
BV08TR_0091,5,0.9976937720895026,49,54
BV08TR_0091,6,0.9937665174542938,48,54
BV08TR_0091,7,0.990041208542734,47,54
BV08TR_0091,8,0.9863126525442288,46,54
BV08TR_0091,9,0.9826639986562252,45,54
BV08TR_0091,10,0.9789050364097204,44,54
BV08TR_0091,11,0.975167470599108,43,54
BV08TR_0091,12,0.9713771610122052,42,54
BV08TR_0091,13,0.9675842516907526,41,54
BV08TR_0091,14,0.963893698517004,40,54
BV08TR_0091,15,0.9601477400681706,39,54
BV08TR_0091,16,0.9563386476978022,38,54
BV08TR_0091,17,0.9525451344847726,37,54
BV08TR_0091,18,0.9486206790987408,36,54
BV08TR_0091,19,0.944855907356538,35,54
BV08TR_0091,20,0.9410340543942695,34,54
BV08TR_0091,21,0.9372294723532404,33,54
BV08TR_0091,22,0.933285797121716,32,54
BV08TR_0091,23,0.929539367016852,31,54
BV08TR_0091,24,0.9257361211037805,30,54
BV08TR_0091,25,0.9219632318914645,29,54
BV08TR_0091,26,0.918092043275212,28,54
BV08TR_0091,27,0.9141552477798038,27,54
BV08TR_0091,28,0.9101839107119348,26,54
BV08TR_0091,29,0.906366414292064,25,54
BV08TR_0091,30,0.9023941040446366,24,54
BV08TR_0091,31,0.8984861244076228,23,54
BV08TR_0091,32,0.894437855681696,22,54
BV08TR_0091,33,0.8904348254189414,21,54
BV08TR_0091,34,0.8865286701155874,20,54
BV08TR_0091,35,0.8825796197609245,19,54
BV08TR_0091,36,0.8785641446956707,18,54
BV08TR_0091,37,0.8746978952952797,17,54
BV08TR_0091,38,0.8707277434151396,16,54
BV08TR_0091,39,0.8667431227777515,15,54
BV08TR_0091,40,0.8629258625033445,14,54
BV08TR_0091,41,0.8589544649026659,13,54
BV08TR_0091,42,0.854966587826779,12,54
BV08TR_0091,43,0.8511077744124426,11,54
BV08TR_0091,44,0.8470410439188225,10,54
BV08TR_0091,45,0.8432443835182772,9,54
BV08TR_0091,46,0.8392476689453001,8,54
BV08TR_0091,47,0.8354622766173576,7,54
BV08TR_0091,48,0.8315922306054712,6,54
BV08TR_0091,49,0.8276890687024967,5,54
BV08TR_0091,50,0.8218390659163535,4,54
BV08TR_0091,51,0.8160416610945189,3,54
BV08TR_0091,52,0.8104109903188269,2,54
BV08TR_0091,53,0.8043301485653778,1,54
BV08TR_0091,54,0.7985494093152995,0,54
BV08TR_0092,0,0.961997675612723,56,56
BV08TR_0092,1,0.958997244449808,55,56
BV08TR_0092,2,0.9560655891030835,54,56
BV08TR_0092,3,0.9530589264556144,53,56
BV08TR_0092,4,0.9500049303507646,52,56
BV08TR_0092,5,0.9471216556572788,51,56
BV08TR_0092,6,0.9442421674391394,50,56
BV08TR_0092,7,0.941272636520237,49,56
BV08TR_0092,8,0.938430885964321,48,56
BV08TR_0092,9,0.9355512086545832,47,56
BV08TR_0092,10,0.932755397517236,46,56
BV08TR_0092,11,0.9298181495579146,45,56
BV08TR_0092,12,0.926891250765395,44,56
BV08TR_0092,13,0.9241523012178475,43,56
BV08TR_0092,14,0.921244136140438,42,56
BV08TR_0092,15,0.9183729227829198,41,56
BV08TR_0092,16,0.915598196145839,40,56
BV08TR_0092,17,0.91271948636187,39,56
BV08TR_0092,18,0.909840735186388,38,56
BV08TR_0092,19,0.9071871199735158,37,56
BV08TR_0092,20,0.9043073909851904,36,56
BV08TR_0092,21,0.90140643632687,35,56
BV08TR_0092,22,0.8986628207555909,34,56
BV08TR_0092,23,0.8958076702385944,33,56
BV08TR_0092,24,0.8931500039282988,32,56
BV08TR_0092,25,0.890281129061452,31,56
BV08TR_0092,26,0.8874429405939196,30,56
BV08TR_0092,27,0.8845890207992496,29,56
BV08TR_0092,28,0.8817361372875508,28,56
BV08TR_0092,29,0.8787401416645836,27,56
BV08TR_0092,30,0.8758038918516877,26,56
BV08TR_0092,31,0.8727623343343105,25,56
BV08TR_0092,32,0.8699229489340656,24,56
BV08TR_0092,33,0.867044761673879,23,56
BV08TR_0092,34,0.8641447134216094,22,56
BV08TR_0092,35,0.8612440671132655,21,56
BV08TR_0092,36,0.8582522471439772,20,56
BV08TR_0092,37,0.8554154814003648,19,56
BV08TR_0092,38,0.8525735233695741,18,56
BV08TR_0092,39,0.849619805591987,17,56
BV08TR_0092,40,0.8466102857149564,16,56
BV08TR_0092,41,0.8436501537640251,15,56
BV08TR_0092,42,0.8407707847421021,14,56
BV08TR_0092,43,0.8376795633217748,13,56
BV08TR_0092,44,0.8347672499813349,12,56
BV08TR_0092,45,0.8319730401651088,11,56
BV08TR_0092,46,0.829055646659552,10,56
BV08TR_0092,47,0.826128181001701,9,56
BV08TR_0092,48,0.8231128150145638,8,56
BV08TR_0092,49,0.8201638981298236,7,56
BV08TR_0092,50,0.817160373300933,6,56
BV08TR_0092,51,0.8141247642327657,5,56
BV08TR_0092,52,0.8111804939825491,4,56
BV08TR_0092,53,0.8081998225734944,3,56
BV08TR_0092,54,0.8053570654112173,2,56
BV08TR_0092,55,0.8023431669568736,1,56
BV08TR_0092,56,0.799329741519333,0,56
BV08TR_0093,0,1.0494731066880059,95,95
BV08TR_0093,1,1.0469342021641792,94,95
BV08TR_0093,2,1.0443641361750322,93,95
BV08TR_0093,3,1.0419321031544369,92,95
BV08TR_0093,4,1.039341018045585,91,95
BV08TR_0093,5,1.0366982373934364,90,95
BV08TR_0093,6,1.034161631720663,89,95
BV08TR_0093,7,1.0315032728976723,88,95
BV08TR_0093,8,1.0289319437549889,87,95
BV08TR_0093,9,1.0263201415590184,86,95
BV08TR_0093,10,1.0237777300109,85,95
BV08TR_0093,11,1.0212167191486825,84,95
BV08TR_0093,12,1.0186245164603644,83,95
BV08TR_0093,13,1.0160703503723123,82,95
BV08TR_0093,14,1.0135170346328706,81,95
BV08TR_0093,15,1.010975137677798,80,95
BV08TR_0093,16,1.0083426875935362,79,95
BV08TR_0093,17,1.0057542221804459,78,95
BV08TR_0093,18,1.0031031690647556,77,95
BV08TR_0093,19,1.0004771495893243,76,95
BV08TR_0093,20,0.9979789576599936,75,95
BV08TR_0093,21,0.995399505516878,74,95
BV08TR_0093,22,0.992830013855706,73,95
BV08TR_0093,23,0.9902573932449346,72,95
BV08TR_0093,24,0.987662381061698,71,95
BV08TR_0093,25,0.9849735472461782,70,95
BV08TR_0093,26,0.9823456859189132,69,95
BV08TR_0093,27,0.9797079309620408,68,95
BV08TR_0093,28,0.9771174878621046,67,95
BV08TR_0093,29,0.9744273449518798,66,95
BV08TR_0093,30,0.9719275605981929,65,95
BV08TR_0093,31,0.969423094684849,64,95
BV08TR_0093,32,0.9668730633774602,63,95
BV08TR_0093,33,0.9642985612507525,62,95
BV08TR_0093,34,0.9617701863125384,61,95
BV08TR_0093,35,0.9592905949828222,60,95
BV08TR_0093,36,0.9567456246874718,59,95
BV08TR_0093,37,0.9542016778303674,58,95
BV08TR_0093,38,0.951717281413418,57,95
BV08TR_0093,39,0.9491691469329205,56,95
BV08TR_0093,40,0.9466292809200708,55,95
BV08TR_0093,41,0.9441505428883074,54,95
BV08TR_0093,42,0.9416080344903236,53,95
BV08TR_0093,43,0.9392189924274664,52,95
BV08TR_0093,44,0.9367512696487575,51,95
BV08TR_0093,45,0.934272033708263,50,95
BV08TR_0093,46,0.9318221841173565,49,95
BV08TR_0093,47,0.9292347508095208,48,95
BV08TR_0093,48,0.9267474041221438,47,95
BV08TR_0093,49,0.9243036919155544,46,95
BV08TR_0093,50,0.921811439758032,45,95
BV08TR_0093,51,0.91935112203113,44,95
BV08TR_0093,52,0.916841876571872,43,95
BV08TR_0093,53,0.9144112201992592,42,95
BV08TR_0093,54,0.9119225953269944,41,95
BV08TR_0093,55,0.9095240907906604,40,95
BV08TR_0093,56,0.907034571803372,39,95
BV08TR_0093,57,0.9046003860907248,38,95
BV08TR_0093,58,0.9020891750827194,37,95
BV08TR_0093,59,0.899659642780881,36,95
BV08TR_0093,60,0.897226211333411,35,95
BV08TR_0093,61,0.8946113478455026,34,95
BV08TR_0093,62,0.8921556486227992,33,95
BV08TR_0093,63,0.8897227988787306,32,95
BV08TR_0093,64,0.88723240283357,31,95
BV08TR_0093,65,0.884688671897463,30,95
BV08TR_0093,66,0.8820605776723188,29,95
BV08TR_0093,67,0.8796069861111702,28,95
BV08TR_0093,68,0.877179005596417,27,95
BV08TR_0093,69,0.8746427321396585,26,95
BV08TR_0093,70,0.8720600629982931,25,95
BV08TR_0093,71,0.8694864047751492,24,95
BV08TR_0093,72,0.8669160901491517,23,95
BV08TR_0093,73,0.864329978562485,22,95
BV08TR_0093,74,0.8618077333379418,21,95
BV08TR_0093,75,0.8592507229037094,20,95
BV08TR_0093,76,0.856713404707177,19,95
BV08TR_0093,77,0.8541657818085258,18,95
BV08TR_0093,78,0.851176409930475,17,95
BV08TR_0093,79,0.848061230325928,16,95
BV08TR_0093,80,0.8450496753176958,15,95
BV08TR_0093,81,0.8420414690366788,14,95
BV08TR_0093,82,0.838920980479204,13,95
BV08TR_0093,83,0.835922983640267,12,95
BV08TR_0093,84,0.8329266417192585,11,95
BV08TR_0093,85,0.82974847634639,10,95
BV08TR_0093,86,0.8266441510904532,9,95
BV08TR_0093,87,0.8234588853285728,8,95
BV08TR_0093,88,0.8203801505145897,7,95
BV08TR_0093,89,0.8173695035166654,6,95
BV08TR_0093,90,0.8142991978896218,5,95
BV08TR_0093,91,0.8113149017577435,4,95
BV08TR_0093,92,0.808236045762398,3,95
BV08TR_0093,93,0.805109666166567,2,95
BV08TR_0093,94,0.8020933159314932,1,95
BV08TR_0093,95,0.7990107388472687,0,95
BV08TR_0094,0,0.9702170088616267,76,76
BV08TR_0094,1,0.967863304978054,75,76
BV08TR_0094,2,0.9655725468061024,74,76
BV08TR_0094,3,0.9633121071377688,73,76
BV08TR_0094,4,0.9609690949810697,72,76
BV08TR_0094,5,0.95875361125238,71,76
BV08TR_0094,6,0.9564761337942765,70,76
BV08TR_0094,7,0.954175170210715,69,76
BV08TR_0094,8,0.9519355768313592,68,76
BV08TR_0094,9,0.9496536586161446,67,76
BV08TR_0094,10,0.9473871018979728,66,76
BV08TR_0094,11,0.9451789808632035,65,76
BV08TR_0094,12,0.9429446951108414,64,76
BV08TR_0094,13,0.9406899246273525,63,76
BV08TR_0094,14,0.938444914774338,62,76
BV08TR_0094,15,0.936206248399634,61,76
BV08TR_0094,16,0.934016834407422,60,76
BV08TR_0094,17,0.9317596556345692,59,76
BV08TR_0094,18,0.9295068071279704,58,76
BV08TR_0094,19,0.927309690331702,57,76
BV08TR_0094,20,0.925005876857428,56,76
BV08TR_0094,21,0.9227404685923012,55,76
BV08TR_0094,22,0.920547606684427,54,76
BV08TR_0094,23,0.9184273811946614,53,76
BV08TR_0094,24,0.916223277876177,52,76
BV08TR_0094,25,0.9139542836673684,51,76
BV08TR_0094,26,0.9117408497728638,50,76
BV08TR_0094,27,0.909495935476634,49,76
BV08TR_0094,28,0.9073248499011435,48,76
BV08TR_0094,29,0.905106035358516,47,76
BV08TR_0094,30,0.9029726977911308,46,76
BV08TR_0094,31,0.9008577533477178,45,76
BV08TR_0094,32,0.8987262302222946,44,76
BV08TR_0094,33,0.8965257360702029,43,76
BV08TR_0094,34,0.8943834016520197,42,76
BV08TR_0094,35,0.892285190019723,41,76
BV08TR_0094,36,0.890022432499293,40,76
BV08TR_0094,37,0.8877078365770537,39,76
BV08TR_0094,38,0.8854653886782015,38,76
BV08TR_0094,39,0.8833139525953115,37,76
BV08TR_0094,40,0.8812192393453372,36,76
BV08TR_0094,41,0.8790956635540718,35,76
BV08TR_0094,42,0.876836223171969,34,76
BV08TR_0094,43,0.8747149674774287,33,76
BV08TR_0094,44,0.8724001425063102,32,76
BV08TR_0094,45,0.8701780882375107,31,76
BV08TR_0094,46,0.8679763535297926,30,76
BV08TR_0094,47,0.8657372413713262,29,76
BV08TR_0094,48,0.8635184282900913,28,76
BV08TR_0094,49,0.8612906843198156,27,76
BV08TR_0094,50,0.8590349325115032,26,76
BV08TR_0094,51,0.8568150343307877,25,76
BV08TR_0094,52,0.8545553746700145,24,76
BV08TR_0094,53,0.8522175796569653,23,76
BV08TR_0094,54,0.8500049392093477,22,76
BV08TR_0094,55,0.8476268620210716,21,76
BV08TR_0094,56,0.8454425462880669,20,76
BV08TR_0094,57,0.8431873796212098,19,76
BV08TR_0094,58,0.8408541735008506,18,76
BV08TR_0094,59,0.838555310914924,17,76
BV08TR_0094,60,0.836221597710753,16,76
BV08TR_0094,61,0.8338252723831397,15,76
BV08TR_0094,62,0.8315410345650364,14,76
BV08TR_0094,63,0.8292187245017567,13,76
BV08TR_0094,64,0.8269257522482298,12,76
BV08TR_0094,65,0.82463989336971,11,76
BV08TR_0094,66,0.8222366650409885,10,76
BV08TR_0094,67,0.8198989183858542,9,76
BV08TR_0094,68,0.8176025888687005,8,76
BV08TR_0094,69,0.8153034590074819,7,76
BV08TR_0094,70,0.8129360715699318,6,76
BV08TR_0094,71,0.8105889101289045,5,76
BV08TR_0094,72,0.8083646822087363,4,76
BV08TR_0094,73,0.8060846813311962,3,76
BV08TR_0094,74,0.8037281955010096,2,76
BV08TR_0094,75,0.8014517918142462,1,76
BV08TR_0094,76,0.7991066316165021,0,76
BV08TR_0095,0,1.0294751825956125,79,79
BV08TR_0095,1,1.026529946222942,78,79
BV08TR_0095,2,1.0235613404790866,77,79
BV08TR_0095,3,1.0205608943139104,76,79
BV08TR_0095,4,1.0175995391529833,75,79
BV08TR_0095,5,1.0145466607323939,74,79
BV08TR_0095,6,1.011606532991022,73,79
BV08TR_0095,7,1.008739274746455,72,79
BV08TR_0095,8,1.0055291187087365,71,79
BV08TR_0095,9,1.0025400415971824,70,79
BV08TR_0095,10,0.9995414527773654,69,79
BV08TR_0095,11,0.9965109857464448,68,79
BV08TR_0095,12,0.9935092296428996,67,79
BV08TR_0095,13,0.9905884418404084,66,79
BV08TR_0095,14,0.987644638332118,65,79
BV08TR_0095,15,0.9846241073690732,64,79
BV08TR_0095,16,0.98166097638142,63,79
BV08TR_0095,17,0.9787195175951908,62,79
BV08TR_0095,18,0.9757189702803796,61,79
BV08TR_0095,19,0.97279906591317,60,79
BV08TR_0095,20,0.9697159062702398,59,79
BV08TR_0095,21,0.9668090818602721,58,79
BV08TR_0095,22,0.9638050923929778,57,79
BV08TR_0095,23,0.9610056570833206,56,79
BV08TR_0095,24,0.95806535860808,55,79
BV08TR_0095,25,0.955062623097878,54,79
BV08TR_0095,26,0.9521166386894038,53,79
BV08TR_0095,27,0.9491702640508952,52,79
BV08TR_0095,28,0.9462572862941226,51,79
BV08TR_0095,29,0.943288507904918,50,79
BV08TR_0095,30,0.9402259393311365,49,79
BV08TR_0095,31,0.937232171203586,48,79
BV08TR_0095,32,0.93424963862595,47,79
BV08TR_0095,33,0.931379437186536,46,79
BV08TR_0095,34,0.9285022448054112,45,79
BV08TR_0095,35,0.9256375316128262,44,79
BV08TR_0095,36,0.9229067835926104,43,79
BV08TR_0095,37,0.9200592391546615,42,79
BV08TR_0095,38,0.917029422388291,41,79
BV08TR_0095,39,0.9142040808763604,40,79
BV08TR_0095,40,0.911426958133176,39,79
BV08TR_0095,41,0.9085491486434645,38,79
BV08TR_0095,42,0.9057694350152364,37,79
BV08TR_0095,43,0.902902489013482,36,79
BV08TR_0095,44,0.9000174497669444,35,79
BV08TR_0095,45,0.8971527665579198,34,79
BV08TR_0095,46,0.8942920282527337,33,79
BV08TR_0095,47,0.8914278496949026,32,79
BV08TR_0095,48,0.8885461869340041,31,79
BV08TR_0095,49,0.8856101718543912,30,79
BV08TR_0095,50,0.8826982204089036,29,79
BV08TR_0095,51,0.8799623718898678,28,79
BV08TR_0095,52,0.8770788069454039,27,79
BV08TR_0095,53,0.8741375734448854,26,79
BV08TR_0095,54,0.8713527772229847,25,79
BV08TR_0095,55,0.8684926185112566,24,79
BV08TR_0095,56,0.8656785251405866,23,79
BV08TR_0095,57,0.8626856418333676,22,79
BV08TR_0095,58,0.859918176164369,21,79
BV08TR_0095,59,0.8570667560007512,20,79
BV08TR_0095,60,0.8542910282939865,19,79
BV08TR_0095,61,0.8514112149204898,18,79
BV08TR_0095,62,0.8485321498644152,17,79
BV08TR_0095,63,0.845683400652575,16,79
BV08TR_0095,64,0.8427083639123545,15,79
BV08TR_0095,65,0.8398028097182574,14,79
BV08TR_0095,66,0.8368492105241293,13,79
BV08TR_0095,67,0.8340236028597716,12,79
BV08TR_0095,68,0.8311340332407156,11,79
BV08TR_0095,69,0.8281459324007096,10,79
BV08TR_0095,70,0.8251852760143648,9,79
BV08TR_0095,71,0.8222101296472418,8,79
BV08TR_0095,72,0.819308267656995,7,79
BV08TR_0095,73,0.816300536881912,6,79
BV08TR_0095,74,0.8133408159238633,5,79
BV08TR_0095,75,0.8103680762993312,4,79
BV08TR_0095,76,0.8074788939122377,3,79
BV08TR_0095,77,0.8045550809286947,2,79
BV08TR_0095,78,0.8017012882515697,1,79
BV08TR_0095,79,0.7986385002526465,0,79
BV08TR_0096,0,0.9666892844553312,61,61
BV08TR_0096,1,0.9641450611708487,60,61
BV08TR_0096,2,0.961651695593048,59,61
BV08TR_0096,3,0.9592733486434037,58,61
BV08TR_0096,4,0.9567861500224508,57,61
BV08TR_0096,5,0.954417536420832,56,61
BV08TR_0096,6,0.9518832476759715,55,61
BV08TR_0096,7,0.9493714916682648,54,61
BV08TR_0096,8,0.9469306279405046,53,61
BV08TR_0096,9,0.944402495689208,52,61
BV08TR_0096,10,0.9418191991679739,51,61
BV08TR_0096,11,0.9393186654052664,50,61
BV08TR_0096,12,0.936865826216632,49,61
BV08TR_0096,13,0.93443542176859,48,61
BV08TR_0096,14,0.9319383227573949,47,61
BV08TR_0096,15,0.9294141843112363,46,61
BV08TR_0096,16,0.9269769640539308,45,61
BV08TR_0096,17,0.9244825252396341,44,61
BV08TR_0096,18,0.9219176132277273,43,61
BV08TR_0096,19,0.9193863365376362,42,61
BV08TR_0096,20,0.9168057137532284,41,61
BV08TR_0096,21,0.9142417623750495,40,61
BV08TR_0096,22,0.911723046365812,39,61
BV08TR_0096,23,0.9091486485087735,38,61
BV08TR_0096,24,0.9065263214271978,37,61
BV08TR_0096,25,0.9039859088860706,36,61
BV08TR_0096,26,0.901451792788556,35,61
BV08TR_0096,27,0.8989414161055045,34,61
BV08TR_0096,28,0.8963069396125996,33,61
BV08TR_0096,29,0.8937345947633646,32,61
BV08TR_0096,30,0.8912239612688223,31,61
BV08TR_0096,31,0.8885531443963945,30,61
BV08TR_0096,32,0.8859363220287513,29,61
BV08TR_0096,33,0.883323749457919,28,61
BV08TR_0096,34,0.8807048404253942,27,61
BV08TR_0096,35,0.8780747548953629,26,61
BV08TR_0096,36,0.8755072856345696,25,61
BV08TR_0096,37,0.8729423907932953,24,61
BV08TR_0096,38,0.8703951801809184,23,61
BV08TR_0096,39,0.8677950699636529,22,61
BV08TR_0096,40,0.8651896747781838,21,61
BV08TR_0096,41,0.862564714751386,20,61
BV08TR_0096,42,0.859964426793416,19,61
BV08TR_0096,43,0.8574382870053425,18,61
BV08TR_0096,44,0.8548446051650342,17,61
BV08TR_0096,45,0.8522337057380566,16,61
BV08TR_0096,46,0.8497417664922928,15,61
BV08TR_0096,47,0.847109548562235,14,61
BV08TR_0096,48,0.8444727007719653,13,61
BV08TR_0096,49,0.8418997288944834,12,61
BV08TR_0096,50,0.839342928916265,11,61
BV08TR_0096,51,0.8367782404088421,10,61
BV08TR_0096,52,0.8329838668928315,9,61
BV08TR_0096,53,0.8291667476293141,8,61
BV08TR_0096,54,0.8254844070880138,7,61
BV08TR_0096,55,0.8217964372976742,6,61
BV08TR_0096,56,0.8180469543004592,5,61
BV08TR_0096,57,0.8142022889304936,4,61
BV08TR_0096,58,0.8105427566422821,3,61
BV08TR_0096,59,0.806972133340706,2,61
BV08TR_0096,60,0.8032674612570272,1,61
BV08TR_0096,61,0.7997159071962614,0,61
BV08TR_0097,0,1.0036895956598575,68,68
BV08TR_0097,1,1.000742657802298,67,68
BV08TR_0097,2,0.9976149822969665,66,68
BV08TR_0097,3,0.994605353399038,65,68
BV08TR_0097,4,0.9915964227369158,64,68
BV08TR_0097,5,0.9885859255987433,63,68
BV08TR_0097,6,0.9854118065347036,62,68
BV08TR_0097,7,0.9824158189936992,61,68
BV08TR_0097,8,0.9793120543806575,60,68
BV08TR_0097,9,0.976379552016616,59,68
BV08TR_0097,10,0.9732579842722372,58,68
BV08TR_0097,11,0.9701508164808416,57,68
BV08TR_0097,12,0.9670058362369054,56,68
BV08TR_0097,13,0.963891332607634,55,68
BV08TR_0097,14,0.9607845127648532,54,68
BV08TR_0097,15,0.9577549182541135,53,68
BV08TR_0097,16,0.954680333839758,52,68
BV08TR_0097,17,0.951628636601162,51,68
BV08TR_0097,18,0.9485165028706442,50,68
BV08TR_0097,19,0.9455341976276006,49,68
BV08TR_0097,20,0.9424609858969268,48,68
BV08TR_0097,21,0.9394230240018419,47,68
BV08TR_0097,22,0.9364029438526404,46,68
BV08TR_0097,23,0.9332699616921561,45,68
BV08TR_0097,24,0.930267782362224,44,68
BV08TR_0097,25,0.9272691476139274,43,68
BV08TR_0097,26,0.9241501729299226,42,68
BV08TR_0097,27,0.9211030879328378,41,68
BV08TR_0097,28,0.9179316831791142,40,68
BV08TR_0097,29,0.914801334578984,39,68
BV08TR_0097,30,0.9116325051746524,38,68
BV08TR_0097,31,0.9086765777145176,37,68
BV08TR_0097,32,0.9056784796994174,36,68
BV08TR_0097,33,0.902670688285502,35,68
BV08TR_0097,34,0.8997605257102653,34,68
BV08TR_0097,35,0.896681404669322,33,68
BV08TR_0097,36,0.8936574768152933,32,68
BV08TR_0097,37,0.8906882639863906,31,68
BV08TR_0097,38,0.887609587534761,30,68
BV08TR_0097,39,0.8845880716166904,29,68
BV08TR_0097,40,0.8815539918122688,28,68
BV08TR_0097,41,0.8785454035832594,27,68
BV08TR_0097,42,0.8756381394129505,26,68
BV08TR_0097,43,0.872809558978084,25,68
BV08TR_0097,44,0.8698196903538926,24,68
BV08TR_0097,45,0.8668574907970251,23,68
BV08TR_0097,46,0.863907782772872,22,68
BV08TR_0097,47,0.8610398711914135,21,68
BV08TR_0097,48,0.8581474768212402,20,68
BV08TR_0097,49,0.8551119345729874,19,68
BV08TR_0097,50,0.8521918645159191,18,68
BV08TR_0097,51,0.8492727421749051,17,68
BV08TR_0097,52,0.8464015333409368,16,68
BV08TR_0097,53,0.8434184964153212,15,68
BV08TR_0097,54,0.8405177867403888,14,68
BV08TR_0097,55,0.8376735872404139,13,68
BV08TR_0097,56,0.8347732489538322,12,68
BV08TR_0097,57,0.8318987934040986,11,68
BV08TR_0097,58,0.8289163479041566,10,68
BV08TR_0097,59,0.8259474504666102,9,68
BV08TR_0097,60,0.8229732466120195,8,68
BV08TR_0097,61,0.8200178587909308,7,68
BV08TR_0097,62,0.8170879389796664,6,68
BV08TR_0097,63,0.814235138562921,5,68
BV08TR_0097,64,0.8111853742159003,4,68
BV08TR_0097,65,0.8082539447097733,3,68
BV08TR_0097,66,0.8051768593614133,2,68
BV08TR_0097,67,0.8022076980106334,1,68
BV08TR_0097,68,0.7992456977807428,0,68
BV08TR_0098,0,0.9802670605556264,88,88
BV08TR_0098,1,0.9782131198752604,87,88
BV08TR_0098,2,0.9761973736104544,86,88
BV08TR_0098,3,0.9740963925381299,85,88
BV08TR_0098,4,0.9721145053004714,84,88
BV08TR_0098,5,0.9701433406495023,83,88
BV08TR_0098,6,0.968161583929094,82,88
BV08TR_0098,7,0.966135393155844,81,88
BV08TR_0098,8,0.964159579308148,80,88
BV08TR_0098,9,0.9620983958407785,79,88
BV08TR_0098,10,0.9600385105074484,78,88
BV08TR_0098,11,0.9580894513768715,77,88
BV08TR_0098,12,0.956119753229725,76,88
BV08TR_0098,13,0.95412221873117,75,88
BV08TR_0098,14,0.9520494053896058,74,88
BV08TR_0098,15,0.9499456539817622,73,88
BV08TR_0098,16,0.947846801540174,72,88
BV08TR_0098,17,0.9457389212214472,71,88
BV08TR_0098,18,0.9436324042403178,70,88
BV08TR_0098,19,0.94162533712631,69,88
BV08TR_0098,20,0.9395768024408684,68,88
BV08TR_0098,21,0.9375242907914092,67,88
BV08TR_0098,22,0.9354473074647676,66,88
BV08TR_0098,23,0.933389912499836,65,88
BV08TR_0098,24,0.9313446365578344,64,88
BV08TR_0098,25,0.929144712631356,63,88
BV08TR_0098,26,0.9271163058859495,62,88
BV08TR_0098,27,0.925096302840532,61,88
BV08TR_0098,28,0.922964549928314,60,88
BV08TR_0098,29,0.9208496424797372,59,88
BV08TR_0098,30,0.9187398451731692,58,88
BV08TR_0098,31,0.916574296525363,57,88
BV08TR_0098,32,0.9145026208947546,56,88
BV08TR_0098,33,0.91237557195183,55,88
BV08TR_0098,34,0.9102780094282388,54,88
BV08TR_0098,35,0.9081485272653872,53,88
BV08TR_0098,36,0.9060220222540656,52,88
BV08TR_0098,37,0.9039407379024792,51,88
BV08TR_0098,38,0.901845007497925,50,88
BV08TR_0098,39,0.8997244248116866,49,88
BV08TR_0098,40,0.8976641332967003,48,88
BV08TR_0098,41,0.8955559643227056,47,88
BV08TR_0098,42,0.8934798971010068,46,88
BV08TR_0098,43,0.8913197287270461,45,88
BV08TR_0098,44,0.8892390422329447,44,88
BV08TR_0098,45,0.8871970167484704,43,88
BV08TR_0098,46,0.885113274270836,42,88
BV08TR_0098,47,0.8830600794740529,41,88
BV08TR_0098,48,0.8809476019930822,40,88
BV08TR_0098,49,0.8788481788248416,39,88
BV08TR_0098,50,0.8767832728406846,38,88
BV08TR_0098,51,0.8747597417256081,37,88
BV08TR_0098,52,0.8726454230521398,36,88
BV08TR_0098,53,0.8705957673653899,35,88
BV08TR_0098,54,0.8685618635264928,34,88
BV08TR_0098,55,0.8665158622611383,33,88
BV08TR_0098,56,0.8644914209395055,32,88
BV08TR_0098,57,0.8623770790735314,31,88
BV08TR_0098,58,0.8604126649378573,30,88
BV08TR_0098,59,0.8582864170336962,29,88
BV08TR_0098,60,0.8562398542517413,28,88
BV08TR_0098,61,0.8542709566846615,27,88
BV08TR_0098,62,0.852215905661265,26,88
BV08TR_0098,63,0.8502892674278704,25,88
BV08TR_0098,64,0.8482881755559017,24,88
BV08TR_0098,65,0.846268726884384,23,88
BV08TR_0098,66,0.8443089963351345,22,88
BV08TR_0098,67,0.8423386493522506,21,88
BV08TR_0098,68,0.8403607464517503,20,88
BV08TR_0098,69,0.8383250840694912,19,88
BV08TR_0098,70,0.8362595517841028,18,88
BV08TR_0098,71,0.8343146583541144,17,88
BV08TR_0098,72,0.8322833830334128,16,88
BV08TR_0098,73,0.8302626009331989,15,88
BV08TR_0098,74,0.828227422935787,14,88
BV08TR_0098,75,0.8262540099913027,13,88
BV08TR_0098,76,0.8242738443890494,12,88
BV08TR_0098,77,0.8221759713244114,11,88
BV08TR_0098,78,0.8201402248880194,10,88
BV08TR_0098,79,0.8181835297172873,9,88
BV08TR_0098,80,0.8160396407026935,8,88
BV08TR_0098,81,0.8140458485383786,7,88
BV08TR_0098,82,0.811966422377827,6,88
BV08TR_0098,83,0.809862325975159,5,88
BV08TR_0098,84,0.8078537615002176,4,88
BV08TR_0098,85,0.805708081754497,3,88
BV08TR_0098,86,0.8036443018687452,2,88
BV08TR_0098,87,0.801576861422926,1,88
BV08TR_0098,88,0.7994682962119968,0,88
BV08TR_0099,0,1.0112853024366217,79,79
BV08TR_0099,1,1.0085201916422102,78,79
BV08TR_0099,2,1.0058414836958305,77,79
BV08TR_0099,3,1.003221157794512,76,79
BV08TR_0099,4,1.000590608828987,75,79
BV08TR_0099,5,0.9980407945923466,74,79
BV08TR_0099,6,0.9954500224451932,73,79
BV08TR_0099,7,0.992772559979352,72,79
BV08TR_0099,8,0.9901185191467224,71,79
BV08TR_0099,9,0.987461679510388,70,79
BV08TR_0099,10,0.9848955406242812,69,79
BV08TR_0099,11,0.9822763373846045,68,79
BV08TR_0099,12,0.9795511642633834,67,79
BV08TR_0099,13,0.9770393724252108,66,79
BV08TR_0099,14,0.9743667492349384,65,79
BV08TR_0099,15,0.9716894943269005,64,79
BV08TR_0099,16,0.9690084840560348,63,79
BV08TR_0099,17,0.9663429458871327,62,79
BV08TR_0099,18,0.9635727628842228,61,79
BV08TR_0099,19,0.9610155776230932,60,79
BV08TR_0099,20,0.958327075656874,59,79
BV08TR_0099,21,0.9555713723456952,58,79
BV08TR_0099,22,0.9528648930554314,57,79
BV08TR_0099,23,0.9503984919580754,56,79
BV08TR_0099,24,0.9477563300539734,55,79
BV08TR_0099,25,0.945095440203486,54,79
BV08TR_0099,26,0.9423854155741186,53,79
BV08TR_0099,27,0.9396684094680495,52,79
BV08TR_0099,28,0.9369630375005998,51,79
BV08TR_0099,29,0.9342115320607085,50,79
BV08TR_0099,30,0.9314513939586067,49,79
BV08TR_0099,31,0.928582339495989,48,79
BV08TR_0099,32,0.9257712962571878,47,79
BV08TR_0099,33,0.9229780933540065,46,79
BV08TR_0099,34,0.920280791464083,45,79
BV08TR_0099,35,0.917478055337488,44,79
BV08TR_0099,36,0.9147261059178594,43,79
BV08TR_0099,37,0.9119304838901725,42,79
BV08TR_0099,38,0.9090297823850676,41,79
BV08TR_0099,39,0.9063475910129846,40,79
BV08TR_0099,40,0.903546661591766,39,79
BV08TR_0099,41,0.9007469729036947,38,79
BV08TR_0099,42,0.8980286356413226,37,79
BV08TR_0099,43,0.8951987725504476,36,79
BV08TR_0099,44,0.8925430632174143,35,79
BV08TR_0099,45,0.8897706625669307,34,79
BV08TR_0099,46,0.8870151045237814,33,79
BV08TR_0099,47,0.8842622607305324,32,79
BV08TR_0099,48,0.8814156011445641,31,79
BV08TR_0099,49,0.878622765133596,30,79
BV08TR_0099,50,0.8758328622312955,29,79
BV08TR_0099,51,0.8731906631018599,28,79
BV08TR_0099,52,0.8704906470929438,27,79
BV08TR_0099,53,0.8676837056415404,26,79
BV08TR_0099,54,0.864919028028571,25,79
BV08TR_0099,55,0.862080556735952,24,79
BV08TR_0099,56,0.8593947982444036,23,79
BV08TR_0099,57,0.8566355839238693,22,79
BV08TR_0099,58,0.8540024838780618,21,79
BV08TR_0099,59,0.8512633718015763,20,79
BV08TR_0099,60,0.8485093134088146,19,79
BV08TR_0099,61,0.8457705821905198,18,79
BV08TR_0099,62,0.8430038758602987,17,79
BV08TR_0099,63,0.8402138330224556,16,79
BV08TR_0099,64,0.8375677977654262,15,79
BV08TR_0099,65,0.8348803862821585,14,79
BV08TR_0099,66,0.832132855037758,13,79
BV08TR_0099,67,0.8294576557468626,12,79
BV08TR_0099,68,0.8267293354801961,11,79
BV08TR_0099,69,0.8240984161646061,10,79
BV08TR_0099,70,0.8214115045957088,9,79
BV08TR_0099,71,0.8188104668330485,8,79
BV08TR_0099,72,0.8160849428406254,7,79
BV08TR_0099,73,0.8134000717924069,6,79
BV08TR_0099,74,0.8106257830874702,5,79
BV08TR_0099,75,0.8079205936658161,4,79
BV08TR_0099,76,0.8053625304882008,3,79
BV08TR_0099,77,0.8027045814917969,2,79
BV08TR_0099,78,0.8000601079687258,1,79
BV08TR_0099,79,0.7974174206159785,0,79
BV08TR_0100,0,1.0348223899617932,72,72
BV08TR_0100,1,1.0315052206489645,71,72
BV08TR_0100,2,1.0282828511338051,70,72
BV08TR_0100,3,1.0248647870037821,69,72
BV08TR_0100,4,1.0216558095588253,68,72
BV08TR_0100,5,1.0183791012474184,67,72
BV08TR_0100,6,1.0150683737329846,66,72
BV08TR_0100,7,1.011878821596538,65,72
BV08TR_0100,8,1.0085640533809228,64,72
BV08TR_0100,9,1.0053351366071366,63,72
BV08TR_0100,10,1.002241278595128,62,72
BV08TR_0100,11,0.9989472598049892,61,72
BV08TR_0100,12,0.9957767440836905,60,72
BV08TR_0100,13,0.9925407293193558,59,72
BV08TR_0100,14,0.9891751740154755,58,72
BV08TR_0100,15,0.9860506415536304,57,72
BV08TR_0100,16,0.9827783051621568,56,72
BV08TR_0100,17,0.9796786316275038,55,72
BV08TR_0100,18,0.9765485555182256,54,72
BV08TR_0100,19,0.9734142415335845,53,72
BV08TR_0100,20,0.9702389370085558,52,72
BV08TR_0100,21,0.967034244867966,51,72
BV08TR_0100,22,0.9638496894958234,50,72
BV08TR_0100,23,0.9606264380021832,49,72
BV08TR_0100,24,0.9573707705619562,48,72
BV08TR_0100,25,0.9541692056169864,47,72
BV08TR_0100,26,0.950980499467806,46,72
BV08TR_0100,27,0.9476465507496995,45,72
BV08TR_0100,28,0.9445007678898645,44,72
BV08TR_0100,29,0.9411555223061014,43,72
BV08TR_0100,30,0.9380297756950855,42,72
BV08TR_0100,31,0.9349511766497978,41,72
BV08TR_0100,32,0.9316586578951978,40,72
BV08TR_0100,33,0.9284301575107464,39,72
BV08TR_0100,34,0.9250724407506424,38,72
BV08TR_0100,35,0.921872078165296,37,72
BV08TR_0100,36,0.9186091454365726,36,72
BV08TR_0100,37,0.9152243238023908,35,72
BV08TR_0100,38,0.9119504887459392,34,72
BV08TR_0100,39,0.9086675128147056,33,72
BV08TR_0100,40,0.9052936623522014,32,72
BV08TR_0100,41,0.9020284188907285,31,72
BV08TR_0100,42,0.8987356570757231,30,72
BV08TR_0100,43,0.895319259362204,29,72
BV08TR_0100,44,0.8919931793108072,28,72
BV08TR_0100,45,0.8887834256161314,27,72
BV08TR_0100,46,0.8854725626438714,26,72
BV08TR_0100,47,0.8821095170735566,25,72
BV08TR_0100,48,0.87873653037305,24,72
BV08TR_0100,49,0.8753978011113914,23,72
BV08TR_0100,50,0.872055818669438,22,72
BV08TR_0100,51,0.8687897588671318,21,72
BV08TR_0100,52,0.8655666024549022,20,72
BV08TR_0100,53,0.8622691126851298,19,72
BV08TR_0100,54,0.8588669167099575,18,72
BV08TR_0100,55,0.8554118847812782,17,72
BV08TR_0100,56,0.8520359077060848,16,72
BV08TR_0100,57,0.8485577471463539,15,72
BV08TR_0100,58,0.8452206507467547,14,72
BV08TR_0100,59,0.8420192414879825,13,72
BV08TR_0100,60,0.8387958936035319,12,72
BV08TR_0100,61,0.8354432171184204,11,72
BV08TR_0100,62,0.8321470265733845,10,72
BV08TR_0100,63,0.8288114381393439,9,72
BV08TR_0100,64,0.8254889948146072,8,72
BV08TR_0100,65,0.8220817245001996,7,72
BV08TR_0100,66,0.8186526353005482,6,72
BV08TR_0100,67,0.8152704175937854,5,72
BV08TR_0100,68,0.8119755866060706,4,72
BV08TR_0100,69,0.8086550475552609,3,72
BV08TR_0100,70,0.8053545352707735,2,72
BV08TR_0100,71,0.8022463656451875,1,72
BV08TR_0100,72,0.7989860162639295,0,72
BV08TR_0101,0,1.0396231403740663,109,109
BV08TR_0101,1,1.0374753517775452,108,109
BV08TR_0101,2,1.0352847176702835,107,109
BV08TR_0101,3,1.033114562026243,106,109
BV08TR_0101,4,1.03099242266354,105,109
BV08TR_0101,5,1.0287927626759412,104,109
BV08TR_0101,6,1.026601927433618,103,109
BV08TR_0101,7,1.024371800691654,102,109
BV08TR_0101,8,1.022249916541652,101,109
BV08TR_0101,9,1.0201066841841149,100,109
BV08TR_0101,10,1.0180057635134339,99,109
BV08TR_0101,11,1.0157894380759211,98,109
BV08TR_0101,12,1.013635395240698,97,109
BV08TR_0101,13,1.0115620880860612,96,109
BV08TR_0101,14,1.009521896966602,95,109
BV08TR_0101,15,1.0072850197768175,94,109
BV08TR_0101,16,1.0051974111500752,93,109
BV08TR_0101,17,1.0029957405213703,92,109
BV08TR_0101,18,1.000918717978043,91,109
BV08TR_0101,19,0.9987734842502334,90,109
BV08TR_0101,20,0.9965817117178938,89,109
BV08TR_0101,21,0.9943622552551815,88,109
BV08TR_0101,22,0.9921756584945396,87,109
BV08TR_0101,23,0.9899247931957454,86,109
BV08TR_0101,24,0.9877912994552352,85,109
BV08TR_0101,25,0.9855734076132654,84,109
BV08TR_0101,26,0.9834179302886332,83,109
BV08TR_0101,27,0.9812005543193933,82,109
BV08TR_0101,28,0.979015435215434,81,109
BV08TR_0101,29,0.9768619396834513,80,109
BV08TR_0101,30,0.974690740286622,79,109
BV08TR_0101,31,0.9724783615549304,78,109
BV08TR_0101,32,0.9701771755569844,77,109
BV08TR_0101,33,0.9678154329240368,76,109
BV08TR_0101,34,0.96559226295885,75,109
BV08TR_0101,35,0.9633518629112447,74,109
BV08TR_0101,36,0.9610912001869615,73,109
BV08TR_0101,37,0.9588429169392944,72,109
BV08TR_0101,38,0.9565294265837264,71,109
BV08TR_0101,39,0.9543343882542,70,109
BV08TR_0101,40,0.9520354714158945,69,109
BV08TR_0101,41,0.949770793421057,68,109
BV08TR_0101,42,0.9475682660172704,67,109
BV08TR_0101,43,0.9452430867117252,66,109
BV08TR_0101,44,0.943002957536867,65,109
BV08TR_0101,45,0.9406954848240288,64,109
BV08TR_0101,46,0.938441804939498,63,109
BV08TR_0101,47,0.9361588135859006,62,109
BV08TR_0101,48,0.9339316827762691,61,109
BV08TR_0101,49,0.9316612793086868,60,109
BV08TR_0101,50,0.9293610822663768,59,109
BV08TR_0101,51,0.9270652263692245,58,109
BV08TR_0101,52,0.9247371255827131,57,109
BV08TR_0101,53,0.922469346990455,56,109
BV08TR_0101,54,0.9202709247658358,55,109
BV08TR_0101,55,0.9180076294599344,54,109
BV08TR_0101,56,0.9157272577471874,53,109
BV08TR_0101,57,0.9133860094398828,52,109
BV08TR_0101,58,0.911129490536678,51,109
BV08TR_0101,59,0.9088263222037491,50,109
BV08TR_0101,60,0.9066267827895534,49,109
BV08TR_0101,61,0.9044393436397602,48,109
BV08TR_0101,62,0.902165209528506,47,109
BV08TR_0101,63,0.8999192869865339,46,109
BV08TR_0101,64,0.8977920118669152,45,109
BV08TR_0101,65,0.8955542815826408,44,109
BV08TR_0101,66,0.8933669094350885,43,109
BV08TR_0101,67,0.891119162236086,42,109
BV08TR_0101,68,0.8888665862783154,41,109
BV08TR_0101,69,0.8867268973009135,40,109
BV08TR_0101,70,0.8844837986062988,39,109
BV08TR_0101,71,0.8822607842124058,38,109
BV08TR_0101,72,0.8799986560524936,37,109
BV08TR_0101,73,0.877711090960138,36,109
BV08TR_0101,74,0.8754835472337528,35,109
BV08TR_0101,75,0.8733325957580207,34,109
BV08TR_0101,76,0.8711879346386538,33,109
BV08TR_0101,77,0.8690321963472715,32,109
BV08TR_0101,78,0.8669205871805128,31,109
BV08TR_0101,79,0.8647920320877656,30,109
BV08TR_0101,80,0.8626331701068936,29,109
BV08TR_0101,81,0.8604659041305482,28,109
BV08TR_0101,82,0.8582811050936417,27,109
BV08TR_0101,83,0.856022809087918,26,109
BV08TR_0101,84,0.8538810500769066,25,109
BV08TR_0101,85,0.851665858485866,24,109
BV08TR_0101,86,0.8495437519026096,23,109
BV08TR_0101,87,0.8474413822007212,22,109
BV08TR_0101,88,0.8452193227167515,21,109
BV08TR_0101,89,0.8430741282282217,20,109
BV08TR_0101,90,0.8409137487882002,19,109
BV08TR_0101,91,0.8386985264017162,18,109
BV08TR_0101,92,0.8364973893531782,17,109
BV08TR_0101,93,0.8344262646931492,16,109
BV08TR_0101,94,0.8322361740494492,15,109
BV08TR_0101,95,0.8301042040326324,14,109
BV08TR_0101,96,0.8279137188659516,13,109
BV08TR_0101,97,0.8256670848888259,12,109
BV08TR_0101,98,0.8235150719351952,11,109
BV08TR_0101,99,0.821286289080489,10,109
BV08TR_0101,100,0.8189875352876377,9,109
BV08TR_0101,101,0.8167771257956088,8,109
BV08TR_0101,102,0.8145786182271051,7,109
BV08TR_0101,103,0.8122718709049846,6,109
BV08TR_0101,104,0.810162166417337,5,109
BV08TR_0101,105,0.8080014869548531,4,109
BV08TR_0101,106,0.8058273136666934,3,109
BV08TR_0101,107,0.8036518909430217,2,109
BV08TR_0101,108,0.8013720620217343,1,109
BV08TR_0101,109,0.7990934175160244,0,109
BV08TR_0102,0,0.9987741899042272,81,81
BV08TR_0102,1,0.9961289821118446,80,81
BV08TR_0102,2,0.99374494869017,79,81
BV08TR_0102,3,0.9911913388260468,78,81
BV08TR_0102,4,0.9886448751364354,77,81
BV08TR_0102,5,0.9861563334081705,76,81
BV08TR_0102,6,0.9836452258640752,75,81
BV08TR_0102,7,0.9811400248404502,74,81
BV08TR_0102,8,0.9786158648900705,73,81
BV08TR_0102,9,0.9760905473641261,72,81
BV08TR_0102,10,0.9735970148997122,71,81
BV08TR_0102,11,0.9710884315835074,70,81
BV08TR_0102,12,0.9687295514817826,69,81
BV08TR_0102,13,0.966302267749192,68,81
BV08TR_0102,14,0.9638675298252554,67,81
BV08TR_0102,15,0.9614523556738364,66,81
BV08TR_0102,16,0.9590256510165072,65,81
BV08TR_0102,17,0.9566606788017226,64,81
BV08TR_0102,18,0.9542843857251384,63,81
BV08TR_0102,19,0.951729708228858,62,81
BV08TR_0102,20,0.9493640654491354,61,81
BV08TR_0102,21,0.94693251767889,60,81
BV08TR_0102,22,0.944384537425246,59,81
BV08TR_0102,23,0.9419121219344923,58,81
BV08TR_0102,24,0.939533149022004,57,81
BV08TR_0102,25,0.9371111301765552,56,81
BV08TR_0102,26,0.934705041201582,55,81
BV08TR_0102,27,0.93221055527203,54,81
BV08TR_0102,28,0.929840439653612,53,81
BV08TR_0102,29,0.9274443636915728,52,81
BV08TR_0102,30,0.9250043751059062,51,81
BV08TR_0102,31,0.9226518607477435,50,81
BV08TR_0102,32,0.9203526478931464,49,81
BV08TR_0102,33,0.91799011349199,48,81
BV08TR_0102,34,0.9156714462533712,47,81
BV08TR_0102,35,0.9132070883523524,46,81
BV08TR_0102,36,0.9107681643784058,45,81
BV08TR_0102,37,0.9084085437880096,44,81
BV08TR_0102,38,0.9060844010924778,43,81
BV08TR_0102,39,0.903603806216964,42,81
BV08TR_0102,40,0.9010799203952742,41,81
BV08TR_0102,41,0.8985668646471031,40,81
BV08TR_0102,42,0.896095379651741,39,81
BV08TR_0102,43,0.8936734688810909,38,81
BV08TR_0102,44,0.8913371550603028,37,81
BV08TR_0102,45,0.888815986590733,36,81
BV08TR_0102,46,0.8864008500315439,35,81
BV08TR_0102,47,0.8840052521719416,34,81
BV08TR_0102,48,0.8816100805317888,33,81
BV08TR_0102,49,0.8791033249630674,32,81
BV08TR_0102,50,0.8767417297433392,31,81
BV08TR_0102,51,0.87418546545761,30,81
BV08TR_0102,52,0.8717120137981041,29,81
BV08TR_0102,53,0.869338111597389,28,81
BV08TR_0102,54,0.866825573381705,27,81
BV08TR_0102,55,0.8643440764121983,26,81
BV08TR_0102,56,0.8616889160558665,25,81
BV08TR_0102,57,0.859177615729246,24,81
BV08TR_0102,58,0.8568574162466945,23,81
BV08TR_0102,59,0.854338654989313,22,81
BV08TR_0102,60,0.851894322755358,21,81
BV08TR_0102,61,0.849394699400847,20,81
BV08TR_0102,62,0.846860307036678,19,81
BV08TR_0102,63,0.8442823560847944,18,81
BV08TR_0102,64,0.8417916776302202,17,81
BV08TR_0102,65,0.8392776208590472,16,81
BV08TR_0102,66,0.8369386388599273,15,81
BV08TR_0102,67,0.8344762065767584,14,81
BV08TR_0102,68,0.8320224444180464,13,81
BV08TR_0102,69,0.829478333017919,12,81
BV08TR_0102,70,0.8270585267227193,11,81
BV08TR_0102,71,0.8245871563340677,10,81
BV08TR_0102,72,0.8221030422021884,9,81
BV08TR_0102,73,0.8196151150618881,8,81
BV08TR_0102,74,0.8169602909034054,7,81
BV08TR_0102,75,0.8143740280713436,6,81
BV08TR_0102,76,0.811885532443771,5,81
BV08TR_0102,77,0.8093488175257494,4,81
BV08TR_0102,78,0.8068965720410832,3,81
BV08TR_0102,79,0.804393647603211,2,81
BV08TR_0102,80,0.8019006638023467,1,81
BV08TR_0102,81,0.7993847813772075,0,81
BV08TR_0103,0,0.9598406349049764,66,66
BV08TR_0103,1,0.9574017997512102,65,66
BV08TR_0103,2,0.955056728811122,64,66
BV08TR_0103,3,0.9527314020997664,63,66
BV08TR_0103,4,0.9503906421806319,62,66
BV08TR_0103,5,0.9479761023480162,61,66
BV08TR_0103,6,0.945524682620026,60,66
BV08TR_0103,7,0.9431087032714442,59,66
BV08TR_0103,8,0.9406469024793161,58,66
BV08TR_0103,9,0.9382038721504669,57,66
BV08TR_0103,10,0.935838240725802,56,66
BV08TR_0103,11,0.933451684002078,55,66
BV08TR_0103,12,0.9310289887471228,54,66
BV08TR_0103,13,0.9286472647198765,53,66
BV08TR_0103,14,0.9261587533848789,52,66
BV08TR_0103,15,0.923686655329158,51,66
BV08TR_0103,16,0.9211763626444575,50,66
BV08TR_0103,17,0.918661721623896,49,66
BV08TR_0103,18,0.916183818444636,48,66
BV08TR_0103,19,0.9136555524489172,47,66
BV08TR_0103,20,0.911081458926976,46,66
BV08TR_0103,21,0.9085116455218665,45,66
BV08TR_0103,22,0.9059251811522814,44,66
BV08TR_0103,23,0.9034775735392372,43,66
BV08TR_0103,24,0.9009800272303822,42,66
BV08TR_0103,25,0.8984785776820853,41,66
BV08TR_0103,26,0.8961178393114838,40,66
BV08TR_0103,27,0.8936518837067912,39,66
BV08TR_0103,28,0.8911699189683755,38,66
BV08TR_0103,29,0.8887699437309603,37,66
BV08TR_0103,30,0.886274938427624,36,66
BV08TR_0103,31,0.8837641069722054,35,66
BV08TR_0103,32,0.8813418763481755,34,66
BV08TR_0103,33,0.8788179298249668,33,66
BV08TR_0103,34,0.8762428837540142,32,66
BV08TR_0103,35,0.873803184363856,31,66
BV08TR_0103,36,0.8713631627612535,30,66
BV08TR_0103,37,0.8687874100362697,29,66
BV08TR_0103,38,0.8663405889365853,28,66
BV08TR_0103,39,0.8637384090323175,27,66
BV08TR_0103,40,0.8612032750652382,26,66
BV08TR_0103,41,0.8588183532366981,25,66
BV08TR_0103,42,0.8563119028807246,24,66
BV08TR_0103,43,0.8538973664443024,23,66
BV08TR_0103,44,0.8514972955022164,22,66
BV08TR_0103,45,0.8490738361185118,21,66
BV08TR_0103,46,0.8467277946133364,20,66
BV08TR_0103,47,0.8442555562704012,19,66
BV08TR_0103,48,0.8418735338741085,18,66
BV08TR_0103,49,0.8395182284779529,17,66
BV08TR_0103,50,0.836960548561912,16,66
BV08TR_0103,51,0.8345197540808162,15,66
BV08TR_0103,52,0.8321099609274879,14,66
BV08TR_0103,53,0.8297467105018322,13,66
BV08TR_0103,54,0.8273627517897807,12,66
BV08TR_0103,55,0.824863462435813,11,66
BV08TR_0103,56,0.8224355514574946,10,66
BV08TR_0103,57,0.8200210579309357,9,66
BV08TR_0103,58,0.8177299255232144,8,66
BV08TR_0103,59,0.815256206229649,7,66
BV08TR_0103,60,0.8128742786751939,6,66
BV08TR_0103,61,0.8105045936247649,5,66
BV08TR_0103,62,0.8080468167392243,4,66
BV08TR_0103,63,0.8056165076832873,3,66
BV08TR_0103,64,0.803246569232236,2,66
BV08TR_0103,65,0.8008108949644696,1,66
BV08TR_0103,66,0.7984114528374952,0,66
BV08TR_0104,0,0.994982624689015,75,75
BV08TR_0104,1,0.9923644629404036,74,75
BV08TR_0104,2,0.989773905244476,73,75
BV08TR_0104,3,0.9872154738130694,72,75
BV08TR_0104,4,0.9846053922785015,71,75
BV08TR_0104,5,0.9818188725720433,70,75
BV08TR_0104,6,0.9791880588341292,69,75
BV08TR_0104,7,0.9766111748328922,68,75
BV08TR_0104,8,0.9741046449802025,67,75
BV08TR_0104,9,0.9715427964763855,66,75
BV08TR_0104,10,0.9689694926928365,65,75
BV08TR_0104,11,0.9664152893770614,64,75
BV08TR_0104,12,0.9638485158378346,63,75
BV08TR_0104,13,0.9612080436193025,62,75
BV08TR_0104,14,0.9586339499991656,61,75
BV08TR_0104,15,0.9561766866403906,60,75
BV08TR_0104,16,0.953575411289166,59,75
BV08TR_0104,17,0.9509775091283805,58,75
BV08TR_0104,18,0.948476041265638,57,75
BV08TR_0104,19,0.945973207331144,56,75
BV08TR_0104,20,0.9433567003455864,55,75
BV08TR_0104,21,0.9408891165294112,54,75
BV08TR_0104,22,0.938390002290448,53,75
BV08TR_0104,23,0.9357172788802866,52,75
BV08TR_0104,24,0.9331353399036344,51,75
BV08TR_0104,25,0.9306834500189922,50,75
BV08TR_0104,26,0.9280925199615502,49,75
BV08TR_0104,27,0.9256483158681555,48,75
BV08TR_0104,28,0.9231196946483324,47,75
BV08TR_0104,29,0.9205708239099354,46,75
BV08TR_0104,30,0.9179685320176352,45,75
BV08TR_0104,31,0.9154322869205274,44,75
BV08TR_0104,32,0.9128282198119624,43,75
BV08TR_0104,33,0.9102019235393226,42,75
BV08TR_0104,34,0.9076411864664607,41,75
BV08TR_0104,35,0.90506000048084,40,75
BV08TR_0104,36,0.90251454804322,39,75
BV08TR_0104,37,0.8998863510915804,38,75
BV08TR_0104,38,0.897341467095037,37,75
BV08TR_0104,39,0.8947568876203287,36,75
BV08TR_0104,40,0.8922308921479238,35,75
BV08TR_0104,41,0.8895945634078585,34,75
BV08TR_0104,42,0.8870389701126487,33,75
BV08TR_0104,43,0.8844850453606363,32,75
BV08TR_0104,44,0.8819403146121826,31,75
BV08TR_0104,45,0.8793595712282009,30,75
BV08TR_0104,46,0.8766762542401272,29,75
BV08TR_0104,47,0.8741138701741968,28,75
BV08TR_0104,48,0.871352483290478,27,75
BV08TR_0104,49,0.868676727902523,26,75
BV08TR_0104,50,0.8659264446051871,25,75
BV08TR_0104,51,0.8631832836057134,24,75
BV08TR_0104,52,0.8604718741882159,23,75
BV08TR_0104,53,0.8578157061883752,22,75
BV08TR_0104,54,0.8551972672319741,21,75
BV08TR_0104,55,0.852491379955385,20,75
BV08TR_0104,56,0.8498238296439792,19,75
BV08TR_0104,57,0.8471846794406755,18,75
BV08TR_0104,58,0.8445588413429194,17,75
BV08TR_0104,59,0.8418628246076958,16,75
BV08TR_0104,60,0.8391723121916579,15,75
BV08TR_0104,61,0.8364956900454831,14,75
BV08TR_0104,62,0.8339211759045694,13,75
BV08TR_0104,63,0.8312042474335744,12,75
BV08TR_0104,64,0.8285007300747728,11,75
BV08TR_0104,65,0.8259536554169712,10,75
BV08TR_0104,66,0.8231918974833758,9,75
BV08TR_0104,67,0.8205228203233931,8,75
BV08TR_0104,68,0.8179642999342023,7,75
BV08TR_0104,69,0.8152353389880782,6,75
BV08TR_0104,70,0.81263804240519,5,75
BV08TR_0104,71,0.8100147143203277,4,75
BV08TR_0104,72,0.8072892773081727,3,75
BV08TR_0104,73,0.8046506061602293,2,75
BV08TR_0104,74,0.8019963221256962,1,75
BV08TR_0104,75,0.7993618999051586,0,75
BV08TR_0105,0,1.0442101934568147,78,78
BV08TR_0105,1,1.0411817465458628,77,78
BV08TR_0105,2,1.038147007566152,76,78
BV08TR_0105,3,1.0349630493805042,75,78
BV08TR_0105,4,1.032013551824207,74,78
BV08TR_0105,5,1.0288041291403989,73,78
BV08TR_0105,6,1.0255282171767592,72,78
BV08TR_0105,7,1.0224806494168284,71,78
BV08TR_0105,8,1.0193910677256064,70,78
BV08TR_0105,9,1.0161599318155934,69,78
BV08TR_0105,10,1.012971253488104,68,78
BV08TR_0105,11,1.0098573559813084,67,78
BV08TR_0105,12,1.006676638403158,66,78
BV08TR_0105,13,1.003721589021764,65,78
BV08TR_0105,14,1.000449646234303,64,78
BV08TR_0105,15,0.9973609480163834,63,78
BV08TR_0105,16,0.9942627781291984,62,78
BV08TR_0105,17,0.9909474003862995,61,78
BV08TR_0105,18,0.9877021260189424,60,78
BV08TR_0105,19,0.9845335134932024,59,78
BV08TR_0105,20,0.9813788452236633,58,78
BV08TR_0105,21,0.978182032803766,57,78
BV08TR_0105,22,0.975073642560654,56,78
BV08TR_0105,23,0.9718615775462,55,78
BV08TR_0105,24,0.968489389811672,54,78
BV08TR_0105,25,0.9651118701272626,53,78
BV08TR_0105,26,0.961911744553726,52,78
BV08TR_0105,27,0.958620532336714,51,78
BV08TR_0105,28,0.9554784699284862,50,78
BV08TR_0105,29,0.9523041351758996,49,78
BV08TR_0105,30,0.9491156424735387,48,78
BV08TR_0105,31,0.945789275842182,47,78
BV08TR_0105,32,0.942545623397206,46,78
BV08TR_0105,33,0.9392535078954395,45,78
BV08TR_0105,34,0.9359307748326465,44,78
BV08TR_0105,35,0.9326676537134944,43,78
BV08TR_0105,36,0.9294432530189978,42,78
BV08TR_0105,37,0.9263050657990406,41,78
BV08TR_0105,38,0.9229663581360824,40,78
BV08TR_0105,39,0.9196522951687498,39,78
BV08TR_0105,40,0.9165184029603984,38,78
BV08TR_0105,41,0.9133216510198106,37,78
BV08TR_0105,42,0.9099971379889225,36,78
BV08TR_0105,43,0.9067224607292558,35,78
BV08TR_0105,44,0.9034522229590792,34,78
BV08TR_0105,45,0.90042968669773,33,78
BV08TR_0105,46,0.8972360759255047,32,78
BV08TR_0105,47,0.8941078584213227,31,78
BV08TR_0105,48,0.890992836232892,30,78
BV08TR_0105,49,0.8878467476872013,29,78
BV08TR_0105,50,0.8847362098825011,28,78
BV08TR_0105,51,0.88168604952866,27,78
BV08TR_0105,52,0.8783798973430974,26,78
BV08TR_0105,53,0.8753259163184489,25,78
BV08TR_0105,54,0.872139789433032,24,78
BV08TR_0105,55,0.8689523442594622,23,78
BV08TR_0105,56,0.8657641020781666,22,78
BV08TR_0105,57,0.8626484550904234,21,78
BV08TR_0105,58,0.8594655038866623,20,78
BV08TR_0105,59,0.8564102485858577,19,78
BV08TR_0105,60,0.853295249678565,18,78
BV08TR_0105,61,0.8502234035173514,17,78
BV08TR_0105,62,0.8470570337464194,16,78
BV08TR_0105,63,0.8439569310844371,15,78
BV08TR_0105,64,0.8408855314769836,14,78
BV08TR_0105,65,0.8377359224174358,13,78
BV08TR_0105,66,0.8347629474502516,12,78
BV08TR_0105,67,0.8317647840836379,11,78
BV08TR_0105,68,0.8287293696270609,10,78
BV08TR_0105,69,0.8254513379599363,9,78
BV08TR_0105,70,0.8223082041026782,8,78
BV08TR_0105,71,0.8192508478758515,7,78
BV08TR_0105,72,0.8161733603961862,6,78
BV08TR_0105,73,0.8131346162708859,5,78
BV08TR_0105,74,0.810116495508702,4,78
BV08TR_0105,75,0.8069259261195219,3,78
BV08TR_0105,76,0.8037731602850318,2,78
BV08TR_0105,77,0.8006684368600835,1,78
BV08TR_0105,78,0.7973972701722578,0,78
BV08TR_0106,0,1.0456100847503913,79,79
BV08TR_0106,1,1.0424053712852295,78,79
BV08TR_0106,2,1.0392534047377142,77,79
BV08TR_0106,3,1.0360401927507565,76,79
BV08TR_0106,4,1.0328145223068426,75,79
BV08TR_0106,5,1.029642907742336,74,79
BV08TR_0106,6,1.0265329291871506,73,79
BV08TR_0106,7,1.0234045569122145,72,79
BV08TR_0106,8,1.0202860450423399,71,79
BV08TR_0106,9,1.017148417492083,70,79
BV08TR_0106,10,1.0140297666958034,69,79
BV08TR_0106,11,1.0107655927413544,68,79
BV08TR_0106,12,1.0077006252719924,67,79
BV08TR_0106,13,1.004613368833201,66,79
BV08TR_0106,14,1.001520672027178,65,79
BV08TR_0106,15,0.9983898869496686,64,79
BV08TR_0106,16,0.9952797802085608,63,79
BV08TR_0106,17,0.992331556678918,62,79
BV08TR_0106,18,0.9891608520045694,61,79
BV08TR_0106,19,0.9860769894383032,60,79
BV08TR_0106,20,0.9829645837431742,59,79
BV08TR_0106,21,0.9797464205183306,58,79
BV08TR_0106,22,0.9764844912337644,57,79
BV08TR_0106,23,0.9733804550989384,56,79
BV08TR_0106,24,0.970318911084148,55,79
BV08TR_0106,25,0.9672405982198745,54,79
BV08TR_0106,26,0.964313631207625,53,79
BV08TR_0106,27,0.9612063614513654,52,79
BV08TR_0106,28,0.9581793515437455,51,79
BV08TR_0106,29,0.9550425202148104,50,79
BV08TR_0106,30,0.9520362278985435,49,79
BV08TR_0106,31,0.948965622644158,48,79
BV08TR_0106,32,0.9458625988630301,47,79
BV08TR_0106,33,0.9428471722759996,46,79
BV08TR_0106,34,0.9397477581787624,45,79
BV08TR_0106,35,0.9367132005604853,44,79
BV08TR_0106,36,0.9336550340986242,43,79
BV08TR_0106,37,0.930539319688752,42,79
BV08TR_0106,38,0.9273579378802882,41,79
BV08TR_0106,39,0.9242614203686798,40,79
BV08TR_0106,40,0.9211529833163962,39,79
BV08TR_0106,41,0.918039160719812,38,79
BV08TR_0106,42,0.915113742192189,37,79
BV08TR_0106,43,0.9120646310626744,36,79
BV08TR_0106,44,0.9088494997770182,35,79
BV08TR_0106,45,0.9057958926817566,34,79
BV08TR_0106,46,0.9025508940701804,33,79
BV08TR_0106,47,0.8994539871182,32,79
BV08TR_0106,48,0.8965174366160685,31,79
BV08TR_0106,49,0.893397980912442,30,79
BV08TR_0106,50,0.8902540236169943,29,79
BV08TR_0106,51,0.8870893501669402,28,79
BV08TR_0106,52,0.8838914929794321,27,79
BV08TR_0106,53,0.8808331686780777,26,79
BV08TR_0106,54,0.8776363845755104,25,79
BV08TR_0106,55,0.8743605691873785,24,79
BV08TR_0106,56,0.8710488236542574,23,79
BV08TR_0106,57,0.8678933503177428,22,79
BV08TR_0106,58,0.8647021628916869,21,79
BV08TR_0106,59,0.8616268182148398,20,79
BV08TR_0106,60,0.8584673511388913,19,79
BV08TR_0106,61,0.8553176315898232,18,79
BV08TR_0106,62,0.8521089483849916,17,79
BV08TR_0106,63,0.848998453775306,16,79
BV08TR_0106,64,0.8458529084457436,15,79
BV08TR_0106,65,0.8427392554766558,14,79
BV08TR_0106,66,0.8395559658278101,13,79
BV08TR_0106,67,0.8364521064756305,12,79
BV08TR_0106,68,0.8333581361854479,11,79
BV08TR_0106,69,0.8300654300748576,10,79
BV08TR_0106,70,0.8268585134497519,9,79
BV08TR_0106,71,0.8235631092263584,8,79
BV08TR_0106,72,0.8203329314747567,7,79
BV08TR_0106,73,0.8170616589191968,6,79
BV08TR_0106,74,0.8138386922453597,5,79
BV08TR_0106,75,0.8107742973102009,4,79
BV08TR_0106,76,0.807449679584389,3,79
BV08TR_0106,77,0.8042793821327225,2,79
BV08TR_0106,78,0.8012010693452646,1,79
BV08TR_0106,79,0.7981114442709725,0,79
BV08TR_0107,0,0.9814803917881106,62,62
BV08TR_0107,1,0.9784636957692345,61,62
BV08TR_0107,2,0.9755166310975268,60,62
BV08TR_0107,3,0.972638593851661,59,62
BV08TR_0107,4,0.9696818498849868,58,62
BV08TR_0107,5,0.966683245837754,57,62
BV08TR_0107,6,0.9636653349838498,56,62
BV08TR_0107,7,0.96061989688278,55,62
BV08TR_0107,8,0.9576370197270074,54,62
BV08TR_0107,9,0.9546736401159792,53,62
BV08TR_0107,10,0.9516819308244132,52,62
BV08TR_0107,11,0.9487545109759002,51,62
BV08TR_0107,12,0.9456922533071814,50,62
BV08TR_0107,13,0.9426495400854888,49,62
BV08TR_0107,14,0.9396180325288946,48,62
BV08TR_0107,15,0.9367499618455324,47,62
BV08TR_0107,16,0.9337834648820585,46,62
BV08TR_0107,17,0.9307799905872314,45,62
BV08TR_0107,18,0.9278778689893926,44,62
BV08TR_0107,19,0.924843588760884,43,62
BV08TR_0107,20,0.9218315034531884,42,62
BV08TR_0107,21,0.9188345029444726,41,62
BV08TR_0107,22,0.9157487445949546,40,62
BV08TR_0107,23,0.912591099587144,39,62
BV08TR_0107,24,0.909539633019593,38,62
BV08TR_0107,25,0.9064732630420635,37,62
BV08TR_0107,26,0.9033622145887223,36,62
BV08TR_0107,27,0.9003040578741216,35,62
BV08TR_0107,28,0.8974882431423734,34,62
BV08TR_0107,29,0.8945415121746882,33,62
BV08TR_0107,30,0.8916188806415096,32,62
BV08TR_0107,31,0.8886819587715944,31,62
BV08TR_0107,32,0.885675838948134,30,62
BV08TR_0107,33,0.8826631256179993,29,62
BV08TR_0107,34,0.8796890333606153,28,62
BV08TR_0107,35,0.8767407803977095,27,62
BV08TR_0107,36,0.8738141136290642,26,62
BV08TR_0107,37,0.870958435059049,25,62
BV08TR_0107,38,0.8680985566215489,24,62
BV08TR_0107,39,0.8651891671803938,23,62
BV08TR_0107,40,0.862221300971721,22,62
BV08TR_0107,41,0.8592263504075135,21,62
BV08TR_0107,42,0.8562832005295019,20,62
BV08TR_0107,43,0.8534084902977266,19,62
BV08TR_0107,44,0.8506424775375636,18,62
BV08TR_0107,45,0.8477802193674808,17,62
BV08TR_0107,46,0.8449511022269902,16,62
BV08TR_0107,47,0.8420205060888984,15,62
BV08TR_0107,48,0.8392696243536111,14,62
BV08TR_0107,49,0.836322783013961,13,62
BV08TR_0107,50,0.8334889987239238,12,62
BV08TR_0107,51,0.8307066532720272,11,62
BV08TR_0107,52,0.827840058648101,10,62
BV08TR_0107,53,0.8250476705769697,9,62
BV08TR_0107,54,0.8221364251113444,8,62
BV08TR_0107,55,0.8192875362429989,7,62
BV08TR_0107,56,0.8163939203474386,6,62
BV08TR_0107,57,0.8134105503423392,5,62
BV08TR_0107,58,0.8104523953005917,4,62
BV08TR_0107,59,0.8075796833410812,3,62
BV08TR_0107,60,0.804769712149857,2,62
BV08TR_0107,61,0.8018339187407202,1,62
BV08TR_0107,62,0.7989974860280472,0,62
BV08TR_0108,0,1.0461939704518932,116,116
BV08TR_0108,1,1.0441274923466486,115,116
BV08TR_0108,2,1.0419247009446568,114,116
BV08TR_0108,3,1.0396738233780742,113,116
BV08TR_0108,4,1.037383635767945,112,116
BV08TR_0108,5,1.0351864295040887,111,116
BV08TR_0108,6,1.0330139498658635,110,116
BV08TR_0108,7,1.030826142226182,109,116
BV08TR_0108,8,1.028665721411635,108,116
BV08TR_0108,9,1.0265053340480232,107,116
BV08TR_0108,10,1.0243390070904115,106,116
BV08TR_0108,11,1.0222595013702673,105,116
BV08TR_0108,12,1.0200285031420755,104,116
BV08TR_0108,13,1.017909329687914,103,116
BV08TR_0108,14,1.0157408671877683,102,116
BV08TR_0108,15,1.0135720238543244,101,116
BV08TR_0108,16,1.0114218256268124,100,116
BV08TR_0108,17,1.00931026345489,99,116
BV08TR_0108,18,1.0071565663180269,98,116
BV08TR_0108,19,1.0050205423000511,97,116
BV08TR_0108,20,1.002915698745907,96,116
BV08TR_0108,21,1.0007008354921791,95,116
BV08TR_0108,22,0.998432456266882,94,116
BV08TR_0108,23,0.9963266009836388,93,116
BV08TR_0108,24,0.9941128825536606,92,116
BV08TR_0108,25,0.9920259168445588,91,116
BV08TR_0108,26,0.9899091746806394,90,116
BV08TR_0108,27,0.9877903651914516,89,116
BV08TR_0108,28,0.9856881094466434,88,116
BV08TR_0108,29,0.9835852624247425,87,116
BV08TR_0108,30,0.9815195405822538,86,116
BV08TR_0108,31,0.979477118245722,85,116
BV08TR_0108,32,0.9774541028550815,84,116
BV08TR_0108,33,0.975273759709054,83,116
BV08TR_0108,34,0.973216456927582,82,116
BV08TR_0108,35,0.9710606156032902,81,116
BV08TR_0108,36,0.9689645578909044,80,116
BV08TR_0108,37,0.9668659646364792,79,116
BV08TR_0108,38,0.964631927773103,78,116
BV08TR_0108,39,0.962585127099264,77,116
BV08TR_0108,40,0.9605216513211404,76,116
BV08TR_0108,41,0.95849221849109,75,116
BV08TR_0108,42,0.9565036105993572,74,116
BV08TR_0108,43,0.9543902031407976,73,116
BV08TR_0108,44,0.9522447241262454,72,116
BV08TR_0108,45,0.9501466564172826,71,116
BV08TR_0108,46,0.9479886569106059,70,116
BV08TR_0108,47,0.9458672776408892,69,116
BV08TR_0108,48,0.9437899426501712,68,116
BV08TR_0108,49,0.9416491878532676,67,116
BV08TR_0108,50,0.9395455914963644,66,116
BV08TR_0108,51,0.9374321987331642,65,116
BV08TR_0108,52,0.9353822345040126,64,116
BV08TR_0108,53,0.9332180508686326,63,116
BV08TR_0108,54,0.93104040509957,62,116
BV08TR_0108,55,0.9289368732946304,61,116
BV08TR_0108,56,0.926807564160258,60,116
BV08TR_0108,57,0.9246396562077938,59,116
BV08TR_0108,58,0.922465422112852,58,116
BV08TR_0108,59,0.9202936282412763,57,116
BV08TR_0108,60,0.9181713732160368,56,116
BV08TR_0108,61,0.9160726723554548,55,116
BV08TR_0108,62,0.9139713001412605,54,116
BV08TR_0108,63,0.9117850593699072,53,116
BV08TR_0108,64,0.9096803086855982,52,116
BV08TR_0108,65,0.9074262682646468,51,116
BV08TR_0108,66,0.9053425954265552,50,116
BV08TR_0108,67,0.903176102184817,49,116
BV08TR_0108,68,0.9010568685507384,48,116
BV08TR_0108,69,0.898847694012338,47,116
BV08TR_0108,70,0.896582611674328,46,116
BV08TR_0108,71,0.894453158848366,45,116
BV08TR_0108,72,0.8921849607076427,44,116
BV08TR_0108,73,0.8900203794650166,43,116
BV08TR_0108,74,0.8878300614558678,42,116
BV08TR_0108,75,0.8856057460840867,41,116
BV08TR_0108,76,0.8834234260097386,40,116
BV08TR_0108,77,0.8813441992425242,39,116
BV08TR_0108,78,0.879219615074918,38,116
BV08TR_0108,79,0.8769755099092597,37,116
BV08TR_0108,80,0.8748256348734283,36,116
BV08TR_0108,81,0.872658892296361,35,116
BV08TR_0108,82,0.8705148742743035,34,116
BV08TR_0108,83,0.8683016461765523,33,116
BV08TR_0108,84,0.866103336840865,32,116
BV08TR_0108,85,0.8639846473565624,31,116
BV08TR_0108,86,0.8618153205084788,30,116
BV08TR_0108,87,0.8596930962013496,29,116
BV08TR_0108,88,0.8575313409646492,28,116
BV08TR_0108,89,0.8554228438751535,27,116
BV08TR_0108,90,0.8531993992677644,26,116
BV08TR_0108,91,0.8511233028015593,25,116
BV08TR_0108,92,0.8489416136006676,24,116
BV08TR_0108,93,0.8468331610714702,23,116
BV08TR_0108,94,0.8446801094868762,22,116
BV08TR_0108,95,0.8425308489355788,21,116
BV08TR_0108,96,0.8404073573620241,20,116
BV08TR_0108,97,0.8382462297088561,19,116
BV08TR_0108,98,0.836061735857036,18,116
BV08TR_0108,99,0.8340521950554535,17,116
BV08TR_0108,100,0.8320603627431876,16,116
BV08TR_0108,101,0.8300205063190336,15,116
BV08TR_0108,102,0.8278120858442504,14,116
BV08TR_0108,103,0.8257490423129097,13,116
BV08TR_0108,104,0.8236282789380882,12,116
BV08TR_0108,105,0.8215486156310168,11,116
BV08TR_0108,106,0.8194511875336695,10,116
BV08TR_0108,107,0.817284243640941,9,116
BV08TR_0108,108,0.8152241295296583,8,116
BV08TR_0108,109,0.8131313272685515,7,116
BV08TR_0108,110,0.810950789181428,6,116
BV08TR_0108,111,0.808787127541329,5,116
BV08TR_0108,112,0.8066743500637621,4,116
BV08TR_0108,113,0.8044504076180597,3,116
BV08TR_0108,114,0.8024015470169124,2,116
BV08TR_0108,115,0.800305760075081,1,116
BV08TR_0108,116,0.7981725153853741,0,116
BV08TR_0109,0,1.0152360386668309,82,82
BV08TR_0109,1,1.0126751910253344,81,82
BV08TR_0109,2,1.0100829183813895,80,82
BV08TR_0109,3,1.0074012825648533,79,82
BV08TR_0109,4,1.004882895187946,78,82
BV08TR_0109,5,1.0022900544255817,77,82
BV08TR_0109,6,0.9996519259945472,76,82
BV08TR_0109,7,0.9971699494742726,75,82
BV08TR_0109,8,0.9945714906087142,74,82
BV08TR_0109,9,0.9918497171325015,73,82
BV08TR_0109,10,0.9892791451847603,72,82
BV08TR_0109,11,0.9866799305399802,71,82
BV08TR_0109,12,0.9840119000880522,70,82
BV08TR_0109,13,0.9813566402330712,69,82
BV08TR_0109,14,0.9787322750373209,68,82
BV08TR_0109,15,0.9761373969978925,67,82
BV08TR_0109,16,0.9733932561436425,66,82
BV08TR_0109,17,0.9706451296958062,65,82
BV08TR_0109,18,0.9678974028783084,64,82
BV08TR_0109,19,0.9652679483932441,63,82
BV08TR_0109,20,0.9628449174409692,62,82
BV08TR_0109,21,0.960426430489927,61,82
BV08TR_0109,22,0.95783292339002,60,82
BV08TR_0109,23,0.9552030087785786,59,82
BV08TR_0109,24,0.9526571795299272,58,82
BV08TR_0109,25,0.950129553583058,57,82
BV08TR_0109,26,0.947514161269909,56,82
BV08TR_0109,27,0.9447385145653427,55,82
BV08TR_0109,28,0.9421203407123538,54,82
BV08TR_0109,29,0.939419906895072,53,82
BV08TR_0109,30,0.9367861827304524,52,82
BV08TR_0109,31,0.934050473016596,51,82
BV08TR_0109,32,0.9313725644732066,50,82
BV08TR_0109,33,0.9287783686534542,49,82
BV08TR_0109,34,0.926024652310626,48,82
BV08TR_0109,35,0.923340077791558,47,82
BV08TR_0109,36,0.920654955854394,46,82
BV08TR_0109,37,0.9180780268750998,45,82
BV08TR_0109,38,0.9153956749937856,44,82
BV08TR_0109,39,0.9127640197436206,43,82
BV08TR_0109,40,0.9101757950095374,42,82
BV08TR_0109,41,0.9074790551626198,41,82
BV08TR_0109,42,0.9048098006086764,40,82
BV08TR_0109,43,0.9022412310682392,39,82
BV08TR_0109,44,0.8995942264815925,38,82
BV08TR_0109,45,0.896808325410199,37,82
BV08TR_0109,46,0.894079584729305,36,82
BV08TR_0109,47,0.8913916745278059,35,82
BV08TR_0109,48,0.888706352300572,34,82
BV08TR_0109,49,0.8859339624261648,33,82
BV08TR_0109,50,0.8831800989866176,32,82
BV08TR_0109,51,0.8805061483451339,31,82
BV08TR_0109,52,0.8778030410434703,30,82
BV08TR_0109,53,0.8750191291936241,29,82
BV08TR_0109,54,0.8722467171765484,28,82
BV08TR_0109,55,0.8694374445494424,27,82
BV08TR_0109,56,0.8667373841755247,26,82
BV08TR_0109,57,0.8640645250494922,25,82
BV08TR_0109,58,0.8614297477304718,24,82
BV08TR_0109,59,0.8587270616917978,23,82
BV08TR_0109,60,0.856030366480461,22,82
BV08TR_0109,61,0.8533213477815336,21,82
BV08TR_0109,62,0.8505407688265637,20,82
BV08TR_0109,63,0.8478655143338428,19,82
BV08TR_0109,64,0.845178107791382,18,82
BV08TR_0109,65,0.8424692942070894,17,82
BV08TR_0109,66,0.8397369506631446,16,82
BV08TR_0109,67,0.8371416252957578,15,82
BV08TR_0109,68,0.8343992690884185,14,82
BV08TR_0109,69,0.8317770948062972,13,82
BV08TR_0109,70,0.8291793567542136,12,82
BV08TR_0109,71,0.8266291168774068,11,82
BV08TR_0109,72,0.8240428705086995,10,82
BV08TR_0109,73,0.821403594420763,9,82
BV08TR_0109,74,0.8188066540474827,8,82
BV08TR_0109,75,0.8162721066769382,7,82
BV08TR_0109,76,0.8137251654866894,6,82
BV08TR_0109,77,0.8112333281391685,5,82
BV08TR_0109,78,0.8085964691138754,4,82
BV08TR_0109,79,0.8060181184245332,3,82
BV08TR_0109,80,0.8033680629443982,2,82
BV08TR_0109,81,0.8008037367795316,1,82
BV08TR_0109,82,0.7981556880873014,0,82
BV08TR_0110,0,0.9650063283804406,59,59
BV08TR_0110,1,0.962098155578642,58,59
BV08TR_0110,2,0.959213084892044,57,59
BV08TR_0110,3,0.956344508365333,56,59
BV08TR_0110,4,0.9534264256778294,55,59
BV08TR_0110,5,0.9505343015165264,54,59
BV08TR_0110,6,0.9477005319765814,53,59
BV08TR_0110,7,0.9449105738464962,52,59
BV08TR_0110,8,0.9421110025605108,51,59
BV08TR_0110,9,0.93929175828881,50,59
BV08TR_0110,10,0.9363471650887024,49,59
BV08TR_0110,11,0.9334336210903585,48,59
BV08TR_0110,12,0.9306641900811722,47,59
BV08TR_0110,13,0.9280037518061393,46,59
BV08TR_0110,14,0.925108527672812,45,59
BV08TR_0110,15,0.9223019387609062,44,59
BV08TR_0110,16,0.9195430458962578,43,59
BV08TR_0110,17,0.9167420806643942,42,59
BV08TR_0110,18,0.91385453307747,41,59
BV08TR_0110,19,0.9110400835320345,40,59
BV08TR_0110,20,0.908160087096468,39,59
BV08TR_0110,21,0.9052823544826395,38,59
BV08TR_0110,22,0.9022818057465206,37,59
BV08TR_0110,23,0.8993368033819219,36,59
BV08TR_0110,24,0.8966117581448556,35,59
BV08TR_0110,25,0.8936974868286778,34,59
BV08TR_0110,26,0.8909573160927658,33,59
BV08TR_0110,27,0.8881334709922155,32,59
BV08TR_0110,28,0.8852593422372259,31,59
BV08TR_0110,29,0.8824602355020974,30,59
BV08TR_0110,30,0.8795846448265102,29,59
BV08TR_0110,31,0.8767751695834985,28,59
BV08TR_0110,32,0.8740696397066278,27,59
BV08TR_0110,33,0.8713373902473893,26,59
BV08TR_0110,34,0.8684980429129603,25,59
BV08TR_0110,35,0.8658097948699462,24,59
BV08TR_0110,36,0.8629790071057242,23,59
BV08TR_0110,37,0.860189294545909,22,59
BV08TR_0110,38,0.8573614650600277,21,59
BV08TR_0110,39,0.8546187774821733,20,59
BV08TR_0110,40,0.8519399152604391,19,59
BV08TR_0110,41,0.8491554042992931,18,59
BV08TR_0110,42,0.846439561816835,17,59
BV08TR_0110,43,0.8436771568613806,16,59
BV08TR_0110,44,0.8410032719087087,15,59
BV08TR_0110,45,0.8381770781202114,14,59
BV08TR_0110,46,0.835410907994095,13,59
BV08TR_0110,47,0.8326960080792556,12,59
BV08TR_0110,48,0.8300195606717883,11,59
BV08TR_0110,49,0.8272854137469144,10,59
BV08TR_0110,50,0.8245336128655874,9,59
BV08TR_0110,51,0.8217743745706727,8,59
BV08TR_0110,52,0.8188739160332258,7,59
BV08TR_0110,53,0.8161762743673325,6,59
BV08TR_0110,54,0.813401288905734,5,59
BV08TR_0110,55,0.8106940206768846,4,59
BV08TR_0110,56,0.8080318465930345,3,59
BV08TR_0110,57,0.8053575560652002,2,59
BV08TR_0110,58,0.802569397997785,1,59
BV08TR_0110,59,0.7998727927613069,0,59
BV08TR_0111,0,1.014031574515544,78,78
BV08TR_0111,1,1.0113535687644741,77,78
BV08TR_0111,2,1.0086952291369153,76,78
BV08TR_0111,3,1.0059905087988514,75,78
BV08TR_0111,4,1.003235719111717,74,78
BV08TR_0111,5,1.000371393668558,73,78
BV08TR_0111,6,0.997766824393092,72,78
BV08TR_0111,7,0.9950857735613294,71,78
BV08TR_0111,8,0.99251117353834,70,78
BV08TR_0111,9,0.9898915428603592,69,78
BV08TR_0111,10,0.987178699638736,68,78
BV08TR_0111,11,0.984498330081814,67,78
BV08TR_0111,12,0.981791142570958,66,78
BV08TR_0111,13,0.9790970174441443,65,78
BV08TR_0111,14,0.9764109708960692,64,78
BV08TR_0111,15,0.973603959312369,63,78
BV08TR_0111,16,0.97071339123116,62,78
BV08TR_0111,17,0.9679878201329968,61,78
BV08TR_0111,18,0.9653287875965748,60,78
BV08TR_0111,19,0.9625789503061094,59,78
BV08TR_0111,20,0.9599480806003735,58,78
BV08TR_0111,21,0.9571720128431342,57,78
BV08TR_0111,22,0.9543577345861683,56,78
BV08TR_0111,23,0.9515635772870606,55,78
BV08TR_0111,24,0.9488255673764404,54,78
BV08TR_0111,25,0.946060930383268,53,78
BV08TR_0111,26,0.9432727790440288,52,78
BV08TR_0111,27,0.9403513164523468,51,78
BV08TR_0111,28,0.9375830915404406,50,78
BV08TR_0111,29,0.934719335957989,49,78
BV08TR_0111,30,0.9319140510221205,48,78
BV08TR_0111,31,0.9291304316885528,47,78
BV08TR_0111,32,0.92637425693472,46,78
BV08TR_0111,33,0.923527944250673,45,78
BV08TR_0111,34,0.9207159704993706,44,78
BV08TR_0111,35,0.9179189149476544,43,78
BV08TR_0111,36,0.915058459106455,42,78
BV08TR_0111,37,0.9122010580825064,41,78
BV08TR_0111,38,0.9093268718658342,40,78
BV08TR_0111,39,0.9064785797169,39,78
BV08TR_0111,40,0.903707513027356,38,78
BV08TR_0111,41,0.9008668908113365,37,78
BV08TR_0111,42,0.8980961043185568,36,78
BV08TR_0111,43,0.895192312839598,35,78
BV08TR_0111,44,0.892335217922461,34,78
BV08TR_0111,45,0.8894542938214642,33,78
BV08TR_0111,46,0.8866233455650872,32,78
BV08TR_0111,47,0.8836256521244804,31,78
BV08TR_0111,48,0.8808420660577293,30,78
BV08TR_0111,49,0.878101940059312,29,78
BV08TR_0111,50,0.8752691875409307,28,78
BV08TR_0111,51,0.8725104421339502,27,78
BV08TR_0111,52,0.8696921963794867,26,78
BV08TR_0111,53,0.8668272204776011,25,78
BV08TR_0111,54,0.8639423117403491,24,78
BV08TR_0111,55,0.8612207403526916,23,78
BV08TR_0111,56,0.8585285823847232,22,78
BV08TR_0111,57,0.8557564464769539,21,78
BV08TR_0111,58,0.8528538206187994,20,78
BV08TR_0111,59,0.8499607447755664,19,78
BV08TR_0111,60,0.8471761223558416,18,78
BV08TR_0111,61,0.8444441969323198,17,78
BV08TR_0111,62,0.8417329211086304,16,78
BV08TR_0111,63,0.839043088546307,15,78
BV08TR_0111,64,0.8362693047172022,14,78
BV08TR_0111,65,0.8334048983678267,13,78
BV08TR_0111,66,0.8307058861158216,12,78
BV08TR_0111,67,0.8279030279620444,11,78
BV08TR_0111,68,0.8251658057844894,10,78
BV08TR_0111,69,0.8225114066239072,9,78
BV08TR_0111,70,0.819756199744416,8,78
BV08TR_0111,71,0.8170602302445674,7,78
BV08TR_0111,72,0.814436526747672,6,78
BV08TR_0111,73,0.8118139979670982,5,78
BV08TR_0111,74,0.8092372073713481,4,78
BV08TR_0111,75,0.8065875375401814,3,78
BV08TR_0111,76,0.8037924470236278,2,78
BV08TR_0111,77,0.8010380914091907,1,78
BV08TR_0111,78,0.7983417274707804,0,78
BV08TR_0112,0,0.9941529738883865,64,64
BV08TR_0112,1,0.991377025504352,63,64
BV08TR_0112,2,0.988534905411877,62,64
BV08TR_0112,3,0.9856789767469984,61,64
BV08TR_0112,4,0.9829258441020562,60,64
BV08TR_0112,5,0.9801303265636973,59,64
BV08TR_0112,6,0.9773864865796524,58,64
BV08TR_0112,7,0.9745150871493062,57,64
BV08TR_0112,8,0.9715106380182892,56,64
BV08TR_0112,9,0.968540488257308,55,64
BV08TR_0112,10,0.9656217041538105,54,64
BV08TR_0112,11,0.9626648618358552,53,64
BV08TR_0112,12,0.959787679551839,52,64
BV08TR_0112,13,0.9569058985809474,51,64
BV08TR_0112,14,0.9538798152431022,50,64
BV08TR_0112,15,0.9509769490940424,49,64
BV08TR_0112,16,0.9481421123854328,48,64
BV08TR_0112,17,0.9452346793707812,47,64
BV08TR_0112,18,0.9423516637722265,46,64
BV08TR_0112,19,0.9394950313479042,45,64
BV08TR_0112,20,0.9365647594851372,44,64
BV08TR_0112,21,0.933677866839989,43,64
BV08TR_0112,22,0.930727609040046,42,64
BV08TR_0112,23,0.9278461070914726,41,64
BV08TR_0112,24,0.9249422686514333,40,64
BV08TR_0112,25,0.9219174538695848,39,64
BV08TR_0112,26,0.9189456595340795,38,64
BV08TR_0112,27,0.916128805644112,37,64
BV08TR_0112,28,0.913198778129656,36,64
BV08TR_0112,29,0.9101831779356636,35,64
BV08TR_0112,30,0.9073358579776332,34,64
BV08TR_0112,31,0.9044605068647008,33,64
BV08TR_0112,32,0.901658684334322,32,64
BV08TR_0112,33,0.8988232688255348,31,64
BV08TR_0112,34,0.896080028675588,30,64
BV08TR_0112,35,0.8933234212061038,29,64
BV08TR_0112,36,0.8904863759568666,28,64
BV08TR_0112,37,0.8876922503780958,27,64
BV08TR_0112,38,0.8848771992248942,26,64
BV08TR_0112,39,0.882098801816339,25,64
BV08TR_0112,40,0.8792539294307568,24,64
BV08TR_0112,41,0.8762558144522528,23,64
BV08TR_0112,42,0.8735518613884171,22,64
BV08TR_0112,43,0.870787062012278,21,64
BV08TR_0112,44,0.8679637496731109,20,64
BV08TR_0112,45,0.8651443095478105,19,64
BV08TR_0112,46,0.8623856610944162,18,64
BV08TR_0112,47,0.8595351920404537,17,64
BV08TR_0112,48,0.8567527344497049,16,64
BV08TR_0112,49,0.8540333888439748,15,64
BV08TR_0112,50,0.8511240178319729,14,64
BV08TR_0112,51,0.8483453687275349,13,64
BV08TR_0112,52,0.8445530480979945,12,64
BV08TR_0112,53,0.8407287952498887,11,64
BV08TR_0112,54,0.8368731739801303,10,64
BV08TR_0112,55,0.8330706381431059,9,64
BV08TR_0112,56,0.829259410423067,8,64
BV08TR_0112,57,0.825399808424583,7,64
BV08TR_0112,58,0.821624293776778,6,64
BV08TR_0112,59,0.817699964800141,5,64
BV08TR_0112,60,0.81375100841037,4,64
BV08TR_0112,61,0.8099065751984119,3,64
BV08TR_0112,62,0.8060337264703366,2,64
BV08TR_0112,63,0.802191715056862,1,64
BV08TR_0112,64,0.7983226250147862,0,64
BV08TR_0113,0,1.0092591739691645,85,85
BV08TR_0113,1,1.0068532915372228,84,85
BV08TR_0113,2,1.0043793363154305,83,85
BV08TR_0113,3,1.0019585595543632,82,85
BV08TR_0113,4,0.9994823528671786,81,85
BV08TR_0113,5,0.997157061692211,80,85
BV08TR_0113,6,0.9947227605235238,79,85
BV08TR_0113,7,0.992220302995228,78,85
BV08TR_0113,8,0.9897897682426798,77,85
BV08TR_0113,9,0.987206189682792,76,85
BV08TR_0113,10,0.984611574823151,75,85
BV08TR_0113,11,0.9821331284575404,74,85
BV08TR_0113,12,0.9796186126862436,73,85
BV08TR_0113,13,0.9771135382932584,72,85
BV08TR_0113,14,0.9745943702769942,71,85
BV08TR_0113,15,0.9720544441347267,70,85
BV08TR_0113,16,0.969603713768372,69,85
BV08TR_0113,17,0.967171450252952,68,85
BV08TR_0113,18,0.964700112375364,67,85
BV08TR_0113,19,0.9620890158727008,66,85
BV08TR_0113,20,0.9596497657505956,65,85
BV08TR_0113,21,0.9571019511824552,64,85
BV08TR_0113,22,0.9545926814433158,63,85
BV08TR_0113,23,0.9520481783448999,62,85
BV08TR_0113,24,0.9495890698500048,61,85
BV08TR_0113,25,0.947143977537648,60,85
BV08TR_0113,26,0.9446977984493864,59,85
BV08TR_0113,27,0.9420310131321262,58,85
BV08TR_0113,28,0.939457357701526,57,85
BV08TR_0113,29,0.9369713625409783,56,85
BV08TR_0113,30,0.9345145307170074,55,85
BV08TR_0113,31,0.9319195882549118,54,85
BV08TR_0113,32,0.929354969136628,53,85
BV08TR_0113,33,0.9269041330741816,52,85
BV08TR_0113,34,0.924347624985692,51,85
BV08TR_0113,35,0.921758814263826,50,85
BV08TR_0113,36,0.9191661894437688,49,85
BV08TR_0113,37,0.9166050696620618,48,85
BV08TR_0113,38,0.914032776043014,47,85
BV08TR_0113,39,0.911531786467757,46,85
BV08TR_0113,40,0.9090009933632205,45,85
BV08TR_0113,41,0.9064275700658966,44,85
BV08TR_0113,42,0.9038891346223465,43,85
BV08TR_0113,43,0.901273619069121,42,85
BV08TR_0113,44,0.898807928061281,41,85
BV08TR_0113,45,0.8964144505864144,40,85
BV08TR_0113,46,0.8939650657790543,39,85
BV08TR_0113,47,0.891322371008733,38,85
BV08TR_0113,48,0.8888406532312572,37,85
BV08TR_0113,49,0.8863745744397736,36,85
BV08TR_0113,50,0.8838003205035979,35,85
BV08TR_0113,51,0.8812327263467127,34,85
BV08TR_0113,52,0.8787631633000218,33,85
BV08TR_0113,53,0.8761892421957794,32,85
BV08TR_0113,54,0.8737360424368643,31,85
BV08TR_0113,55,0.8712631213692683,30,85
BV08TR_0113,56,0.8688552277370548,29,85
BV08TR_0113,57,0.8664126565475858,28,85
BV08TR_0113,58,0.8639734306263025,27,85
BV08TR_0113,59,0.8615061140925934,26,85
BV08TR_0113,60,0.8591239215770254,25,85
BV08TR_0113,61,0.8565898339868542,24,85
BV08TR_0113,62,0.8542128282827307,23,85
BV08TR_0113,63,0.8517361596864746,22,85
BV08TR_0113,64,0.8491772823517706,21,85
BV08TR_0113,65,0.8467829403745173,20,85
BV08TR_0113,66,0.844346916889526,19,85
BV08TR_0113,67,0.8420309876997819,18,85
BV08TR_0113,68,0.8395992466558996,17,85
BV08TR_0113,69,0.8372500702599597,16,85
BV08TR_0113,70,0.8348054755685825,15,85
BV08TR_0113,71,0.8324122421183002,14,85
BV08TR_0113,72,0.8299846861564715,13,85
BV08TR_0113,73,0.8276365324867072,12,85
BV08TR_0113,74,0.8251833470018116,11,85
BV08TR_0113,75,0.8228162675855244,10,85
BV08TR_0113,76,0.8204327040514828,9,85
BV08TR_0113,77,0.8179324879637291,8,85
BV08TR_0113,78,0.815437086529997,7,85
BV08TR_0113,79,0.8129136508767338,6,85
BV08TR_0113,80,0.8105183779657428,5,85
BV08TR_0113,81,0.8080540782670524,4,85
BV08TR_0113,82,0.8055253132962724,3,85
BV08TR_0113,83,0.8029904154060505,2,85
BV08TR_0113,84,0.8004984318218116,1,85
BV08TR_0113,85,0.7979447993885228,0,85
BV08TR_0114,0,1.0445243628096044,111,111
BV08TR_0114,1,1.0423368587504733,110,111
BV08TR_0114,2,1.0401507569857196,109,111
BV08TR_0114,3,1.0379985474260727,108,111
BV08TR_0114,4,1.0358168645642687,107,111
BV08TR_0114,5,1.0336327438086108,106,111
BV08TR_0114,6,1.0313971203874648,105,111
BV08TR_0114,7,1.029173318444557,104,111
BV08TR_0114,8,1.0270028268536369,103,111
BV08TR_0114,9,1.024830671736255,102,111
BV08TR_0114,10,1.0225831292537564,101,111
BV08TR_0114,11,1.0203610956518065,100,111
BV08TR_0114,12,1.018199821787612,99,111
BV08TR_0114,13,1.015969547052291,98,111
BV08TR_0114,14,1.0137106700519265,97,111
BV08TR_0114,15,1.011492767546305,96,111
BV08TR_0114,16,1.0093168759600253,95,111
BV08TR_0114,17,1.0071144761032875,94,111
BV08TR_0114,18,1.0048625189798173,93,111
BV08TR_0114,19,1.002749553411321,92,111
BV08TR_0114,20,1.0005892867616615,91,111
BV08TR_0114,21,0.9983422139221618,90,111
BV08TR_0114,22,0.9962283585384104,89,111
BV08TR_0114,23,0.9940302898839402,88,111
BV08TR_0114,24,0.9917991045869332,87,111
BV08TR_0114,25,0.9895511934992384,86,111
BV08TR_0114,26,0.987381138547952,85,111
BV08TR_0114,27,0.9852211388750416,84,111
BV08TR_0114,28,0.9830415294966754,83,111
BV08TR_0114,29,0.9809027557708,82,111
BV08TR_0114,30,0.9786096113531932,81,111
BV08TR_0114,31,0.9764490195248198,80,111
BV08TR_0114,32,0.9742090861159965,79,111
BV08TR_0114,33,0.9719483588503844,78,111
BV08TR_0114,34,0.9696717040207474,77,111
BV08TR_0114,35,0.967576013051926,76,111
BV08TR_0114,36,0.9652976621647072,75,111
BV08TR_0114,37,0.9629849427013434,74,111
BV08TR_0114,38,0.9607798418082206,73,111
BV08TR_0114,39,0.9585710341678575,72,111
BV08TR_0114,40,0.9562926798644587,71,111
BV08TR_0114,41,0.954036786811964,70,111
BV08TR_0114,42,0.9517509319626748,69,111
BV08TR_0114,43,0.949521414824954,68,111
BV08TR_0114,44,0.9472905909872614,67,111
BV08TR_0114,45,0.9450504757708243,66,111
BV08TR_0114,46,0.9427628343446814,65,111
BV08TR_0114,47,0.940491134972452,64,111
BV08TR_0114,48,0.9382547188776083,63,111
BV08TR_0114,49,0.93597300117152,62,111
BV08TR_0114,50,0.9336873809229952,61,111
BV08TR_0114,51,0.9314185998907744,60,111
BV08TR_0114,52,0.9291779071707332,59,111
BV08TR_0114,53,0.9268544781756552,58,111
BV08TR_0114,54,0.9245915317940054,57,111
BV08TR_0114,55,0.9224069012839852,56,111
BV08TR_0114,56,0.9201753629677688,55,111
BV08TR_0114,57,0.9178185241901372,54,111
BV08TR_0114,58,0.9154639502789226,53,111
BV08TR_0114,59,0.9130852608069104,52,111
BV08TR_0114,60,0.9108929460186246,51,111
BV08TR_0114,61,0.9086834617958505,50,111
BV08TR_0114,62,0.9064591309566294,49,111
BV08TR_0114,63,0.9042021109619564,48,111
BV08TR_0114,64,0.901978878582324,47,111
BV08TR_0114,65,0.899857241569448,46,111
BV08TR_0114,66,0.8976693258096234,45,111
BV08TR_0114,67,0.8954896820415666,44,111
BV08TR_0114,68,0.8932972221769052,43,111
BV08TR_0114,69,0.8910285858027645,42,111
BV08TR_0114,70,0.8887906869633231,41,111
BV08TR_0114,71,0.8866995177759271,40,111
BV08TR_0114,72,0.8845157177129512,39,111
BV08TR_0114,73,0.8823393140617258,38,111
BV08TR_0114,74,0.8800936595601806,37,111
BV08TR_0114,75,0.8778827288827336,36,111
BV08TR_0114,76,0.8755985772165052,35,111
BV08TR_0114,77,0.8733591157656548,34,111
BV08TR_0114,78,0.8711992422709072,33,111
BV08TR_0114,79,0.8690362640032744,32,111
BV08TR_0114,80,0.866897703536626,31,111
BV08TR_0114,81,0.8646387302467176,30,111
BV08TR_0114,82,0.8624381434135018,29,111
BV08TR_0114,83,0.8603464476171987,28,111
BV08TR_0114,84,0.8581994626401472,27,111
BV08TR_0114,85,0.8560170951570714,26,111
BV08TR_0114,86,0.8539947105667933,25,111
BV08TR_0114,87,0.8517662618297479,24,111
BV08TR_0114,88,0.849585612396757,23,111
BV08TR_0114,89,0.8474793667980357,22,111
BV08TR_0114,90,0.8452790241740682,21,111
BV08TR_0114,91,0.8431392676273647,20,111
BV08TR_0114,92,0.8410139194880383,19,111
BV08TR_0114,93,0.8388210487507386,18,111
BV08TR_0114,94,0.8365982897230617,17,111
BV08TR_0114,95,0.8344535345181185,16,111
BV08TR_0114,96,0.8323130869540128,15,111
BV08TR_0114,97,0.8301445001202481,14,111
BV08TR_0114,98,0.82789463315563,13,111
BV08TR_0114,99,0.825781443189939,12,111
BV08TR_0114,100,0.8234845401755408,11,111
BV08TR_0114,101,0.8211918610683201,10,111
BV08TR_0114,102,0.8189531834229117,9,111
BV08TR_0114,103,0.8166838804366882,8,111
BV08TR_0114,104,0.8145365400336672,7,111
BV08TR_0114,105,0.8123273411277262,6,111
BV08TR_0114,106,0.8102029069093548,5,111
BV08TR_0114,107,0.8079472082928667,4,111
BV08TR_0114,108,0.8056706948278612,3,111
BV08TR_0114,109,0.8033959284513695,2,111
BV08TR_0114,110,0.8011074057195561,1,111
BV08TR_0114,111,0.7988426996785288,0,111
BV08TR_0115,0,1.014592534095138,82,82
BV08TR_0115,1,1.011895916178871,81,82
BV08TR_0115,2,1.0093115318700503,80,82
BV08TR_0115,3,1.0066314014581346,79,82
BV08TR_0115,4,1.003925247192257,78,82
BV08TR_0115,5,1.001251268468936,77,82
BV08TR_0115,6,0.9986440684083454,76,82
BV08TR_0115,7,0.9960107317007014,75,82
BV08TR_0115,8,0.993382649783677,74,82
BV08TR_0115,9,0.9907463676792464,73,82
BV08TR_0115,10,0.988135843872308,72,82
BV08TR_0115,11,0.9854171835575778,71,82
BV08TR_0115,12,0.9827798308072008,70,82
BV08TR_0115,13,0.9801103592718008,69,82
BV08TR_0115,14,0.9774280793954645,68,82
BV08TR_0115,15,0.9746903227398325,67,82
BV08TR_0115,16,0.9720117598302574,66,82
BV08TR_0115,17,0.9694065383551614,65,82
BV08TR_0115,18,0.96675882714944,64,82
BV08TR_0115,19,0.9640046676715398,63,82
BV08TR_0115,20,0.9612882314833432,62,82
BV08TR_0115,21,0.9585785554223129,61,82
BV08TR_0115,22,0.9559634221741452,60,82
BV08TR_0115,23,0.953354844148992,59,82
BV08TR_0115,24,0.9507555525003785,58,82
BV08TR_0115,25,0.9480632605512246,57,82
BV08TR_0115,26,0.9453061521716948,56,82
BV08TR_0115,27,0.9425894428188955,55,82
BV08TR_0115,28,0.9398717574795153,54,82
BV08TR_0115,29,0.937163500538574,53,82
BV08TR_0115,30,0.934567375247206,52,82
BV08TR_0115,31,0.931895206366152,51,82
BV08TR_0115,32,0.9291687786986152,50,82
BV08TR_0115,33,0.9265257156349965,49,82
BV08TR_0115,34,0.9239573696912318,48,82
BV08TR_0115,35,0.9211806331477044,47,82
BV08TR_0115,36,0.9185730486489,46,82
BV08TR_0115,37,0.9159013564605508,45,82
BV08TR_0115,38,0.9131528484913868,44,82
BV08TR_0115,39,0.9105487275690918,43,82
BV08TR_0115,40,0.9078757747329,42,82
BV08TR_0115,41,0.905274056096447,41,82
BV08TR_0115,42,0.9027090547303612,40,82
BV08TR_0115,43,0.9002090317502636,39,82
BV08TR_0115,44,0.8976656797390276,38,82
BV08TR_0115,45,0.8950862592220789,37,82
BV08TR_0115,46,0.8924841796905704,36,82
BV08TR_0115,47,0.8898694332927267,35,82
BV08TR_0115,48,0.887200127883257,34,82
BV08TR_0115,49,0.8845479749386986,33,82
BV08TR_0115,50,0.8820261581875002,32,82
BV08TR_0115,51,0.8793848133676568,31,82
BV08TR_0115,52,0.8767545457141711,30,82
BV08TR_0115,53,0.874216036440957,29,82
BV08TR_0115,54,0.8717356937575628,28,82
BV08TR_0115,55,0.8691457230545275,27,82
BV08TR_0115,56,0.866419611132928,26,82
BV08TR_0115,57,0.8637959198792222,25,82
BV08TR_0115,58,0.8612294966842071,24,82
BV08TR_0115,59,0.8587096457043358,23,82
BV08TR_0115,60,0.8560997693154908,22,82
BV08TR_0115,61,0.8535506916192067,21,82
BV08TR_0115,62,0.8510231674022312,20,82
BV08TR_0115,63,0.8484511062585643,19,82
BV08TR_0115,64,0.8457877607603328,18,82
BV08TR_0115,65,0.8432187111260278,17,82
BV08TR_0115,66,0.8406697029662751,16,82
BV08TR_0115,67,0.8380258243805352,15,82
BV08TR_0115,68,0.8353904531765044,14,82
BV08TR_0115,69,0.8327251450997842,13,82
BV08TR_0115,70,0.830013194173087,12,82
BV08TR_0115,71,0.8274024480965104,11,82
BV08TR_0115,72,0.8248018880718871,10,82
BV08TR_0115,73,0.8221350094793588,9,82
BV08TR_0115,74,0.8194412650825545,8,82
BV08TR_0115,75,0.8168095500382068,7,82
BV08TR_0115,76,0.814246720538815,6,82
BV08TR_0115,77,0.8115526948790268,5,82
BV08TR_0115,78,0.80883100412201,4,82
BV08TR_0115,79,0.806099314532782,3,82
BV08TR_0115,80,0.8033484782420987,2,82
BV08TR_0115,81,0.8006474642416469,1,82
BV08TR_0115,82,0.7979158616272397,0,82
BV08TR_0116,0,1.000205060897423,67,67
BV08TR_0116,1,0.997285299450144,66,67
BV08TR_0116,2,0.9942037129606005,65,67
BV08TR_0116,3,0.9912390726855432,64,67
BV08TR_0116,4,0.9881889883632455,63,67
BV08TR_0116,5,0.9851290219150588,62,67
BV08TR_0116,6,0.9821873245576948,61,67
BV08TR_0116,7,0.9790563855590118,60,67
BV08TR_0116,8,0.9760818046592454,59,67
BV08TR_0116,9,0.972928208727668,58,67
BV08TR_0116,10,0.9698239350602658,57,67
BV08TR_0116,11,0.9667807118506552,56,67
BV08TR_0116,12,0.9637736795805902,55,67
BV08TR_0116,13,0.9607119685227654,54,67
BV08TR_0116,14,0.957574457509064,53,67
BV08TR_0116,15,0.9544727846939918,52,67
BV08TR_0116,16,0.95145101489244,51,67
BV08TR_0116,17,0.9484016327556084,50,67
BV08TR_0116,18,0.9452781104768824,49,67
BV08TR_0116,19,0.942267161748207,48,67
BV08TR_0116,20,0.9391188269153405,47,67
BV08TR_0116,21,0.9360291873971105,46,67
BV08TR_0116,22,0.9329850068770454,45,67
BV08TR_0116,23,0.9299544435341596,44,67
BV08TR_0116,24,0.9269076771700664,43,67
BV08TR_0116,25,0.9238842215863564,42,67
BV08TR_0116,26,0.9207480887104034,41,67
BV08TR_0116,27,0.9177455250101608,40,67
BV08TR_0116,28,0.9146938105875903,39,67
BV08TR_0116,29,0.9116997217193952,38,67
BV08TR_0116,30,0.9086824841326822,37,67
BV08TR_0116,31,0.9055647333377448,36,67
BV08TR_0116,32,0.9025667613069064,35,67
BV08TR_0116,33,0.8994966047292383,34,67
BV08TR_0116,34,0.8963521817836566,33,67
BV08TR_0116,35,0.8932733582541386,32,67
BV08TR_0116,36,0.8903532105403605,31,67
BV08TR_0116,37,0.8872663676918247,30,67
BV08TR_0116,38,0.8843756287387204,29,67
BV08TR_0116,39,0.8814254761272905,28,67
BV08TR_0116,40,0.878453506281876,27,67
BV08TR_0116,41,0.875460174605114,26,67
BV08TR_0116,42,0.872518800695887,25,67
BV08TR_0116,43,0.869664153265429,24,67
BV08TR_0116,44,0.8667107057608595,23,67
BV08TR_0116,45,0.8637598109842417,22,67
BV08TR_0116,46,0.8608436107133395,21,67
BV08TR_0116,47,0.8579535915597696,20,67
BV08TR_0116,48,0.855057581399233,19,67
BV08TR_0116,49,0.8521474768428122,18,67
BV08TR_0116,50,0.849235434823088,17,67
BV08TR_0116,51,0.8462228659495933,16,67
BV08TR_0116,52,0.8432171006586188,15,67
BV08TR_0116,53,0.8402185664619715,14,67
BV08TR_0116,54,0.837304145994672,13,67
BV08TR_0116,55,0.8343836593276726,12,67
BV08TR_0116,56,0.8314793525891362,11,67
BV08TR_0116,57,0.8284535689824354,10,67
BV08TR_0116,58,0.8255942922142228,9,67
BV08TR_0116,59,0.822623538116062,8,67
BV08TR_0116,60,0.819663672254692,7,67
BV08TR_0116,61,0.8167229678386088,6,67
BV08TR_0116,62,0.8138877487717134,5,67
BV08TR_0116,63,0.8108793596136074,4,67
BV08TR_0116,64,0.807963350713053,3,67
BV08TR_0116,65,0.8048658673711525,2,67
BV08TR_0116,66,0.8017902562264027,1,67
BV08TR_0116,67,0.798827879186698,0,67
BV08TR_0117,0,1.0075043295184947,96,96
BV08TR_0117,1,1.005344991247895,95,96
BV08TR_0117,2,1.0032118909266219,94,96
BV08TR_0117,3,1.001010874577406,93,96
BV08TR_0117,4,0.998935765367408,92,96
BV08TR_0117,5,0.996715911177204,91,96
BV08TR_0117,6,0.9947094115668285,90,96
BV08TR_0117,7,0.9925637886838006,89,96
BV08TR_0117,8,0.990456810018008,88,96
BV08TR_0117,9,0.988315915239854,87,96
BV08TR_0117,10,0.9861756469105252,86,96
BV08TR_0117,11,0.9840623163861264,85,96
BV08TR_0117,12,0.9818684526096726,84,96
BV08TR_0117,13,0.9796851462969335,83,96
BV08TR_0117,14,0.9775357241708184,82,96
BV08TR_0117,15,0.9753545382930034,81,96
BV08TR_0117,16,0.9730758617254318,80,96
BV08TR_0117,17,0.9708489311235706,79,96
BV08TR_0117,18,0.968571035806736,78,96
BV08TR_0117,19,0.96645426007615,77,96
BV08TR_0117,20,0.9643092024822842,76,96
BV08TR_0117,21,0.9621187533473332,75,96
BV08TR_0117,22,0.9598501333337156,74,96
BV08TR_0117,23,0.957608452021608,73,96
BV08TR_0117,24,0.9555267869329132,72,96
BV08TR_0117,25,0.9533884554047928,71,96
BV08TR_0117,26,0.9511310327634974,70,96
BV08TR_0117,27,0.9488497149827264,69,96
BV08TR_0117,28,0.9466474858971472,68,96
BV08TR_0117,29,0.9443382471239768,67,96
BV08TR_0117,30,0.9421578682270132,66,96
BV08TR_0117,31,0.9399771411651656,65,96
BV08TR_0117,32,0.9377891087040992,64,96
BV08TR_0117,33,0.9355925358538526,63,96
BV08TR_0117,34,0.9333734008985295,62,96
BV08TR_0117,35,0.9311811771163018,61,96
BV08TR_0117,36,0.9290128937613814,60,96
BV08TR_0117,37,0.92683550376553,59,96
BV08TR_0117,38,0.9247053845767184,58,96
BV08TR_0117,39,0.9225856361871843,57,96
BV08TR_0117,40,0.9204294609048304,56,96
BV08TR_0117,41,0.9183199696622246,55,96
BV08TR_0117,42,0.9161920837701232,54,96
BV08TR_0117,43,0.914079396408448,53,96
BV08TR_0117,44,0.9119038820979752,52,96
BV08TR_0117,45,0.9097908351573694,51,96
BV08TR_0117,46,0.9076619377663655,50,96
BV08TR_0117,47,0.9055091111185845,49,96
BV08TR_0117,48,0.9034035739651124,48,96
BV08TR_0117,49,0.901345399806224,47,96
BV08TR_0117,50,0.8992370152702805,46,96
BV08TR_0117,51,0.8971565667348163,45,96
BV08TR_0117,52,0.8950625808882514,44,96
BV08TR_0117,53,0.8930100513574571,43,96
BV08TR_0117,54,0.8909057751801721,42,96
BV08TR_0117,55,0.888799450218906,41,96
BV08TR_0117,56,0.8867157391433544,40,96
BV08TR_0117,57,0.8846386247120629,39,96
BV08TR_0117,58,0.8824655322861562,38,96
BV08TR_0117,59,0.8803006591737726,37,96
BV08TR_0117,60,0.8782176126012256,36,96
BV08TR_0117,61,0.876048034026867,35,96
BV08TR_0117,62,0.8738114016311604,34,96
BV08TR_0117,63,0.8715948294235618,33,96
BV08TR_0117,64,0.869498468634822,32,96
BV08TR_0117,65,0.8672745730998072,31,96
BV08TR_0117,66,0.8650885648609179,30,96
BV08TR_0117,67,0.8630143289912688,29,96
BV08TR_0117,68,0.8608600164043302,28,96
BV08TR_0117,69,0.858640566247957,27,96
BV08TR_0117,70,0.8564745676241846,26,96
BV08TR_0117,71,0.8543747596460088,25,96
BV08TR_0117,72,0.85223703611297,24,96
BV08TR_0117,73,0.8499706667080621,23,96
BV08TR_0117,74,0.8476752011974628,22,96
BV08TR_0117,75,0.8455374609300097,21,96
BV08TR_0117,76,0.8433467374476656,20,96
BV08TR_0117,77,0.8411483500638371,19,96
BV08TR_0117,78,0.839046355923233,18,96
BV08TR_0117,79,0.8368066327283279,17,96
BV08TR_0117,80,0.8346356973231795,16,96
BV08TR_0117,81,0.8324403914918168,15,96
BV08TR_0117,82,0.8301841065994511,14,96
BV08TR_0117,83,0.8280118758569348,13,96
BV08TR_0117,84,0.8257839028670478,12,96
BV08TR_0117,85,0.8236511923156388,11,96
BV08TR_0117,86,0.8214776468720631,10,96
BV08TR_0117,87,0.8193322088506605,9,96
BV08TR_0117,88,0.81711972921941,8,96
BV08TR_0117,89,0.8148366329133494,7,96
BV08TR_0117,90,0.8126998651033205,6,96
BV08TR_0117,91,0.810418079760366,5,96
BV08TR_0117,92,0.8081845318818931,4,96
BV08TR_0117,93,0.8060620330839244,3,96
BV08TR_0117,94,0.8039764170885628,2,96
BV08TR_0117,95,0.801809238045886,1,96
BV08TR_0117,96,0.7996116817155808,0,96
BV08TR_0118,0,1.004529304777745,62,62
BV08TR_0118,1,1.001542972290782,61,62
BV08TR_0118,2,0.9986080672655004,60,62
BV08TR_0118,3,0.9956421723448624,59,62
BV08TR_0118,4,0.9926270847759519,58,62
BV08TR_0118,5,0.9896895872083106,57,62
BV08TR_0118,6,0.986750246303488,56,62
BV08TR_0118,7,0.983790223314441,55,62
BV08TR_0118,8,0.9807860944477979,54,62
BV08TR_0118,9,0.9778304139985634,53,62
BV08TR_0118,10,0.9748078926444775,52,62
BV08TR_0118,11,0.9719654444206536,51,62
BV08TR_0118,12,0.969071503734387,50,62
BV08TR_0118,13,0.9661049941853213,49,62
BV08TR_0118,14,0.9631614727987012,48,62
BV08TR_0118,15,0.9602619842923725,47,62
BV08TR_0118,16,0.9571392859550594,46,62
BV08TR_0118,17,0.9542244100130852,45,62
BV08TR_0118,18,0.9511536437384444,44,62
BV08TR_0118,19,0.9480891452964015,43,62
BV08TR_0118,20,0.9451340461718085,42,62
BV08TR_0118,21,0.9420604809685288,41,62
BV08TR_0118,22,0.9391223226858755,40,62
BV08TR_0118,23,0.9360005640394474,39,62
BV08TR_0118,24,0.9329849374821874,38,62
BV08TR_0118,25,0.9298970565859518,37,62
BV08TR_0118,26,0.926923021190111,36,62
BV08TR_0118,27,0.9238012016206645,35,62
BV08TR_0118,28,0.920695161244442,34,62
BV08TR_0118,29,0.9174280622978442,33,62
BV08TR_0118,30,0.9142287434508096,32,62
BV08TR_0118,31,0.9111758348650952,31,62
BV08TR_0118,32,0.9081874553500452,30,62
BV08TR_0118,33,0.9050874273469515,29,62
BV08TR_0118,34,0.9019959207919762,28,62
BV08TR_0118,35,0.8989098543096274,27,62
BV08TR_0118,36,0.8958485662483912,26,62
BV08TR_0118,37,0.8927759142125784,25,62
BV08TR_0118,38,0.889715700229397,24,62
BV08TR_0118,39,0.8866830041722608,23,62
BV08TR_0118,40,0.8836495757676062,22,62
BV08TR_0118,41,0.8805741033545733,21,62
BV08TR_0118,42,0.8774676877084308,20,62
BV08TR_0118,43,0.8744793993020621,19,62
BV08TR_0118,44,0.8713628938399492,18,62
BV08TR_0118,45,0.868391988046363,17,62
BV08TR_0118,46,0.8652643151522618,16,62
BV08TR_0118,47,0.8622957957781124,15,62
BV08TR_0118,48,0.859249858838039,14,62
BV08TR_0118,49,0.8547653420562052,13,62
BV08TR_0118,50,0.8500646579419184,12,62
BV08TR_0118,51,0.8453791724085865,11,62
BV08TR_0118,52,0.8409459700582037,10,62
BV08TR_0118,53,0.8363156802829034,9,62
BV08TR_0118,54,0.8317317776855264,8,62
BV08TR_0118,55,0.8272475123939018,7,62
BV08TR_0118,56,0.8225920103101537,6,62
BV08TR_0118,57,0.8180569994955371,5,62
BV08TR_0118,58,0.8134588836505481,4,62
BV08TR_0118,59,0.8091692317875038,3,62
BV08TR_0118,60,0.8046163250069636,2,62
BV08TR_0118,61,0.8002317358156952,1,62
BV08TR_0118,62,0.7956355312649789,0,62
BV08TR_0119,0,0.962436427358153,62,62
BV08TR_0119,1,0.9598891562038306,61,62
BV08TR_0119,2,0.9573448553246404,60,62
BV08TR_0119,3,0.9547721074701775,59,62
BV08TR_0119,4,0.9520550286342546,58,62
BV08TR_0119,5,0.9494747654216085,57,62
BV08TR_0119,6,0.9468676748140344,56,62
BV08TR_0119,7,0.9442259067179432,55,62
BV08TR_0119,8,0.9416340027457352,54,62
BV08TR_0119,9,0.939049570944211,53,62
BV08TR_0119,10,0.9363448411490404,52,62
BV08TR_0119,11,0.9336418267511862,51,62
BV08TR_0119,12,0.9308049731160172,50,62
BV08TR_0119,13,0.9281333192865684,49,62
BV08TR_0119,14,0.9254453453819986,48,62
BV08TR_0119,15,0.9227509886411208,47,62
BV08TR_0119,16,0.9200669772906838,46,62
BV08TR_0119,17,0.9173289583494715,45,62
BV08TR_0119,18,0.914572756510299,44,62
BV08TR_0119,19,0.9119221797607816,43,62
BV08TR_0119,20,0.9093056119158892,42,62
BV08TR_0119,21,0.9067209933681428,41,62
BV08TR_0119,22,0.90404121326282,40,62
BV08TR_0119,23,0.9014371261931026,39,62
BV08TR_0119,24,0.8987045790812864,38,62
BV08TR_0119,25,0.8959853566156694,37,62
BV08TR_0119,26,0.893285858120432,36,62
BV08TR_0119,27,0.890580849202458,35,62
BV08TR_0119,28,0.8879063324599099,34,62
BV08TR_0119,29,0.8851668150265265,33,62
BV08TR_0119,30,0.8824293236402114,32,62
BV08TR_0119,31,0.879666228478082,31,62
BV08TR_0119,32,0.8769457307193449,30,62
BV08TR_0119,33,0.874302675596092,29,62
BV08TR_0119,34,0.8716635941320208,28,62
BV08TR_0119,35,0.8689400576745115,27,62
BV08TR_0119,36,0.8663012726136796,26,62
BV08TR_0119,37,0.8636775858922836,25,62
BV08TR_0119,38,0.8609644392321822,24,62
BV08TR_0119,39,0.8583395828975618,23,62
BV08TR_0119,40,0.8557983411083896,22,62
BV08TR_0119,41,0.8531978201519937,21,62
BV08TR_0119,42,0.8506493122232335,20,62
BV08TR_0119,43,0.8480732407592048,19,62
BV08TR_0119,44,0.8455095906886236,18,62
BV08TR_0119,45,0.8429525181818238,17,62
BV08TR_0119,46,0.8404784650110902,16,62
BV08TR_0119,47,0.8379117108801645,15,62
BV08TR_0119,48,0.8353516133015308,14,62
BV08TR_0119,49,0.8327893402970588,13,62
BV08TR_0119,50,0.830008932691517,12,62
BV08TR_0119,51,0.8274197308480239,11,62
BV08TR_0119,52,0.8247343056723153,10,62
BV08TR_0119,53,0.8221627366231358,9,62
BV08TR_0119,54,0.8195967176499993,8,62
BV08TR_0119,55,0.8171296866377684,7,62
BV08TR_0119,56,0.8145574644770013,6,62
BV08TR_0119,57,0.811955004298269,5,62
BV08TR_0119,58,0.8093263074681869,4,62
BV08TR_0119,59,0.8068031629560464,3,62
BV08TR_0119,60,0.80431089368238,2,62
BV08TR_0119,61,0.8018369187268884,1,62
BV08TR_0119,62,0.7992661869142237,0,62
BV08TR_0120,0,1.0356786241056966,92,92
BV08TR_0120,1,1.0332956186767965,91,92
BV08TR_0120,2,1.030924000888216,90,92
BV08TR_0120,3,1.0284231701769986,89,92
BV08TR_0120,4,1.0260099531216185,88,92
BV08TR_0120,5,1.023420347792363,87,92
BV08TR_0120,6,1.0209114735027176,86,92
BV08TR_0120,7,1.018493244707714,85,92
BV08TR_0120,8,1.0161007606817956,84,92
BV08TR_0120,9,1.0135722879522036,83,92
BV08TR_0120,10,1.0111014539422025,82,92
BV08TR_0120,11,1.0086371696098095,81,92
BV08TR_0120,12,1.0061366896137613,80,92
BV08TR_0120,13,1.0035008218489752,79,92
BV08TR_0120,14,1.0009101187930303,78,92
BV08TR_0120,15,0.9984441362329636,77,92
BV08TR_0120,16,0.9958915792341224,76,92
BV08TR_0120,17,0.9934404071346844,75,92
BV08TR_0120,18,0.9909050755171188,74,92
BV08TR_0120,19,0.9884508339360388,73,92
BV08TR_0120,20,0.9860704379251042,72,92
BV08TR_0120,21,0.9834011829665608,71,92
BV08TR_0120,22,0.9809812388367712,70,92
BV08TR_0120,23,0.9785709739414444,69,92
BV08TR_0120,24,0.9760982374689484,68,92
BV08TR_0120,25,0.9736893416369995,67,92
BV08TR_0120,26,0.9711359364309572,66,92
BV08TR_0120,27,0.9686683609368165,65,92
BV08TR_0120,28,0.966169439813688,64,92
BV08TR_0120,29,0.963663981495928,63,92
BV08TR_0120,30,0.9611997008815552,62,92
BV08TR_0120,31,0.9587007018021542,61,92
BV08TR_0120,32,0.9561051847030744,60,92
BV08TR_0120,33,0.9535899639853008,59,92
BV08TR_0120,34,0.951214856864715,58,92
BV08TR_0120,35,0.9487846468329691,57,92
BV08TR_0120,36,0.9463348972416022,56,92
BV08TR_0120,37,0.9439127382844168,55,92
BV08TR_0120,38,0.9414389002771826,54,92
BV08TR_0120,39,0.9390346382594426,53,92
BV08TR_0120,40,0.9365713213537908,52,92
BV08TR_0120,41,0.9341304788729662,51,92
BV08TR_0120,42,0.9317069070566673,50,92
BV08TR_0120,43,0.9293490188537405,49,92
BV08TR_0120,44,0.9269074359297115,48,92
BV08TR_0120,45,0.9245082621288232,47,92
BV08TR_0120,46,0.921970157742877,46,92
BV08TR_0120,47,0.91956117233026,45,92
BV08TR_0120,48,0.9172689744846315,44,92
BV08TR_0120,49,0.9149116940238838,43,92
BV08TR_0120,50,0.912393620453394,42,92
BV08TR_0120,51,0.909932118337413,41,92
BV08TR_0120,52,0.9075801363782594,40,92
BV08TR_0120,53,0.9051387216462642,39,92
BV08TR_0120,54,0.9027315191800044,38,92
BV08TR_0120,55,0.9003010028433053,37,92
BV08TR_0120,56,0.8978877279523572,36,92
BV08TR_0120,57,0.8955522440224722,35,92
BV08TR_0120,58,0.893062773224111,34,92
BV08TR_0120,59,0.8907954833755424,33,92
BV08TR_0120,60,0.8884763368989257,32,92
BV08TR_0120,61,0.8862146649264416,31,92
BV08TR_0120,62,0.8837294095289032,30,92
BV08TR_0120,63,0.8813628695830309,29,92
BV08TR_0120,64,0.8790541606179628,28,92
BV08TR_0120,65,0.876657327459492,27,92
BV08TR_0120,66,0.8741473039315159,26,92
BV08TR_0120,67,0.8717566153729459,25,92
BV08TR_0120,68,0.8693673359174122,24,92
BV08TR_0120,69,0.8670384313045919,23,92
BV08TR_0120,70,0.8646641090669732,22,92
BV08TR_0120,71,0.8623210716095706,21,92
BV08TR_0120,72,0.8599853647761792,20,92
BV08TR_0120,73,0.8568662206240849,19,92
BV08TR_0120,74,0.8536987562604629,18,92
BV08TR_0120,75,0.8506267774772798,17,92
BV08TR_0120,76,0.847540702287082,16,92
BV08TR_0120,77,0.8445615693044377,15,92
BV08TR_0120,78,0.8413724355712755,14,92
BV08TR_0120,79,0.8381949508590487,13,92
BV08TR_0120,80,0.8350252226463265,12,92
BV08TR_0120,81,0.8317428968361839,11,92
BV08TR_0120,82,0.8285772864901977,10,92
BV08TR_0120,83,0.8254735888518747,9,92
BV08TR_0120,84,0.8222066743444517,8,92
BV08TR_0120,85,0.8190657027271059,7,92
BV08TR_0120,86,0.8157824436067616,6,92
BV08TR_0120,87,0.8127794640062,5,92
BV08TR_0120,88,0.8097391415365836,4,92
BV08TR_0120,89,0.8067526965375464,3,92
BV08TR_0120,90,0.803672754204289,2,92
BV08TR_0120,91,0.8002905900560777,1,92
BV08TR_0120,92,0.7971422537302104,0,92
BV08TR_0121,0,1.023159717909864,94,94
BV08TR_0121,1,1.0208286349318565,93,94
BV08TR_0121,2,1.018450970409774,92,94
BV08TR_0121,3,1.0161275690232499,91,94
BV08TR_0121,4,1.0138396153273281,90,94
BV08TR_0121,5,1.0116335672495065,89,94
BV08TR_0121,6,1.0092163703729369,88,94
BV08TR_0121,7,1.0069809697276744,87,94
BV08TR_0121,8,1.0046109972387265,86,94
BV08TR_0121,9,1.0023000763267638,85,94
BV08TR_0121,10,0.9998162253426724,84,94
BV08TR_0121,11,0.9973970121597012,83,94
BV08TR_0121,12,0.994997611406732,82,94
BV08TR_0121,13,0.9926563437202643,81,94
BV08TR_0121,14,0.9902218006306345,80,94
BV08TR_0121,15,0.9878901296165334,79,94
BV08TR_0121,16,0.9855168568473056,78,94
BV08TR_0121,17,0.983049341585993,77,94
BV08TR_0121,18,0.9806277025848532,76,94
BV08TR_0121,19,0.9782091816117972,75,94
BV08TR_0121,20,0.9758127945543742,74,94
BV08TR_0121,21,0.9734096397036522,73,94
BV08TR_0121,22,0.9709965069289124,72,94
BV08TR_0121,23,0.9686539040787724,71,94
BV08TR_0121,24,0.9662093150976881,70,94
BV08TR_0121,25,0.963810039951317,69,94
BV08TR_0121,26,0.961347631420658,68,94
BV08TR_0121,27,0.9588736628942042,67,94
BV08TR_0121,28,0.9564633772979858,66,94
BV08TR_0121,29,0.9540280957204574,65,94
BV08TR_0121,30,0.9515470076295052,64,94
BV08TR_0121,31,0.9490964798834894,63,94
BV08TR_0121,32,0.946755088845287,62,94
BV08TR_0121,33,0.9443039744994178,61,94
BV08TR_0121,34,0.9418725458031855,60,94
BV08TR_0121,35,0.9394120526974864,59,94
BV08TR_0121,36,0.936952656202898,58,94
BV08TR_0121,37,0.9344760160518928,57,94
BV08TR_0121,38,0.931956413262845,56,94
BV08TR_0121,39,0.9295029686260298,55,94
BV08TR_0121,40,0.926995131057926,54,94
BV08TR_0121,41,0.924472877605027,53,94
BV08TR_0121,42,0.922012413646285,52,94
BV08TR_0121,43,0.9196311163547052,51,94
BV08TR_0121,44,0.9172217206821962,50,94
BV08TR_0121,45,0.9148071067855322,49,94
BV08TR_0121,46,0.9123396753976086,48,94
BV08TR_0121,47,0.909846535820606,47,94
BV08TR_0121,48,0.9075142887205438,46,94
BV08TR_0121,49,0.9050424365056972,45,94
BV08TR_0121,50,0.9026436336878532,44,94
BV08TR_0121,51,0.9002295128108488,43,94
BV08TR_0121,52,0.8979044961123416,42,94
BV08TR_0121,53,0.8954335798980123,41,94
BV08TR_0121,54,0.892967906153341,40,94
BV08TR_0121,55,0.8906158888897951,39,94
BV08TR_0121,56,0.8882156821015885,38,94
BV08TR_0121,57,0.885866747280481,37,94
BV08TR_0121,58,0.8833360643688342,36,94
BV08TR_0121,59,0.8810088626239666,35,94
BV08TR_0121,60,0.8787603298727381,34,94
BV08TR_0121,61,0.8763945112320899,33,94
BV08TR_0121,62,0.8740556992396717,32,94
BV08TR_0121,63,0.8716991017375857,31,94
BV08TR_0121,64,0.8692610970284549,30,94
BV08TR_0121,65,0.8668901440113826,29,94
BV08TR_0121,66,0.8645707458903648,28,94
BV08TR_0121,67,0.8622184831068709,27,94
BV08TR_0121,68,0.8598208774021852,26,94
BV08TR_0121,69,0.8574709063102944,25,94
BV08TR_0121,70,0.8552143352134752,24,94
BV08TR_0121,71,0.8528119025619094,23,94
BV08TR_0121,72,0.8505000905825288,22,94
BV08TR_0121,73,0.8481779069791614,21,94
BV08TR_0121,74,0.845821464946496,20,94
BV08TR_0121,75,0.8435514040061214,19,94
BV08TR_0121,76,0.8411630870864139,18,94
BV08TR_0121,77,0.8388085883745195,17,94
BV08TR_0121,78,0.836600802468006,16,94
BV08TR_0121,79,0.8341487528007826,15,94
BV08TR_0121,80,0.8317521749921384,14,94
BV08TR_0121,81,0.8294464691927816,13,94
BV08TR_0121,82,0.8271337239761783,12,94
BV08TR_0121,83,0.8248131539691855,11,94
BV08TR_0121,84,0.8224665277350084,10,94
BV08TR_0121,85,0.8200650104321346,9,94
BV08TR_0121,86,0.8176896780314172,8,94
BV08TR_0121,87,0.8152167828415008,7,94
BV08TR_0121,88,0.8127895917646611,6,94
BV08TR_0121,89,0.8103867617861077,5,94
BV08TR_0121,90,0.8078488132874485,4,94
BV08TR_0121,91,0.8054261578745688,3,94
BV08TR_0121,92,0.8030692770488146,2,94
BV08TR_0121,93,0.8005405349287797,1,94
BV08TR_0121,94,0.7980456312379413,0,94
BV08TR_0122,0,0.9890745110418953,60,60
BV08TR_0122,1,0.9858282454499682,59,60
BV08TR_0122,2,0.982609699798686,58,60
BV08TR_0122,3,0.9793428337866678,57,60
BV08TR_0122,4,0.976024965616154,56,60
BV08TR_0122,5,0.9726167751990522,55,60
BV08TR_0122,6,0.9693930882135564,54,60
BV08TR_0122,7,0.9660402679077825,53,60
BV08TR_0122,8,0.9628155252178094,52,60
BV08TR_0122,9,0.9595630536143358,51,60
BV08TR_0122,10,0.9564096878052835,50,60
BV08TR_0122,11,0.9531619115339292,49,60
BV08TR_0122,12,0.9498155899967982,48,60
BV08TR_0122,13,0.9464890269528358,47,60
BV08TR_0122,14,0.943278195840738,46,60
BV08TR_0122,15,0.940104040748932,45,60
BV08TR_0122,16,0.9371107294488712,44,60
BV08TR_0122,17,0.934009336149282,43,60
BV08TR_0122,18,0.9309148077853235,42,60
BV08TR_0122,19,0.9277073186009278,41,60
BV08TR_0122,20,0.9243909332796146,40,60
BV08TR_0122,21,0.9212108708817944,39,60
BV08TR_0122,22,0.91815178244438,38,60
BV08TR_0122,23,0.9150210807106262,37,60
BV08TR_0122,24,0.9118724675689482,36,60
BV08TR_0122,25,0.9087571251418662,35,60
BV08TR_0122,26,0.9057363225644643,34,60
BV08TR_0122,27,0.902565553567616,33,60
BV08TR_0122,28,0.8995170749512426,32,60
BV08TR_0122,29,0.8964159797455465,31,60
BV08TR_0122,30,0.8932759418866902,30,60
BV08TR_0122,31,0.8900727067166583,29,60
BV08TR_0122,32,0.8869738763060432,28,60
BV08TR_0122,33,0.8839506930056886,27,60
BV08TR_0122,34,0.8807913312005612,26,60
BV08TR_0122,35,0.8776487284115304,25,60
BV08TR_0122,36,0.8745545341026063,24,60
BV08TR_0122,37,0.8714795966879153,23,60
BV08TR_0122,38,0.8682889907189372,22,60
BV08TR_0122,39,0.8650262125436232,21,60
BV08TR_0122,40,0.8619745065083614,20,60
BV08TR_0122,41,0.8588219171815137,19,60
BV08TR_0122,42,0.8557379472700252,18,60
BV08TR_0122,43,0.8524777338942783,17,60
BV08TR_0122,44,0.849447464492314,16,60
BV08TR_0122,45,0.846259306422333,15,60
BV08TR_0122,46,0.8430577421849421,14,60
BV08TR_0122,47,0.839859791741205,13,60
BV08TR_0122,48,0.8366561808025742,12,60
BV08TR_0122,49,0.833549920942199,11,60
BV08TR_0122,50,0.830267076818782,10,60
BV08TR_0122,51,0.8270722753428045,9,60
BV08TR_0122,52,0.8239806722988144,8,60
BV08TR_0122,53,0.8207210633504596,7,60
BV08TR_0122,54,0.8173309241938683,6,60
BV08TR_0122,55,0.8140806008330056,5,60
BV08TR_0122,56,0.810970103500994,4,60
BV08TR_0122,57,0.8077508729659552,3,60
BV08TR_0122,58,0.8044347274334007,2,60
BV08TR_0122,59,0.8011970554345718,1,60
BV08TR_0122,60,0.797968627551994,0,60
BV08TR_0123,0,1.0486212392743444,86,86
BV08TR_0123,1,1.0458447215154485,85,86
BV08TR_0123,2,1.043058793317005,84,86
BV08TR_0123,3,1.0401733811012175,83,86
BV08TR_0123,4,1.0372859370269585,82,86
BV08TR_0123,5,1.0343691487628945,81,86
BV08TR_0123,6,1.031561628419313,80,86
BV08TR_0123,7,1.0287765566671003,79,86
BV08TR_0123,8,1.0259033358539085,78,86
BV08TR_0123,9,1.0228672990912335,77,86
BV08TR_0123,10,1.0199897001613063,76,86
BV08TR_0123,11,1.0171029370405564,75,86
BV08TR_0123,12,1.014245987204894,74,86
BV08TR_0123,13,1.0113350866162512,73,86
BV08TR_0123,14,1.0084069242839668,72,86
BV08TR_0123,15,1.0056066127774579,71,86
BV08TR_0123,16,1.0026669957235685,70,86
BV08TR_0123,17,0.9998924561348302,69,86
BV08TR_0123,18,0.9970390858756703,68,86
BV08TR_0123,19,0.9942024724667672,67,86
BV08TR_0123,20,0.9914791637389864,66,86
BV08TR_0123,21,0.9886284028680298,65,86
BV08TR_0123,22,0.9858529000235422,64,86
BV08TR_0123,23,0.9830859681966502,63,86
BV08TR_0123,24,0.98023606676509,62,86
BV08TR_0123,25,0.9773099809603057,61,86
BV08TR_0123,26,0.9744950830480203,60,86
BV08TR_0123,27,0.9716466748242945,59,86
BV08TR_0123,28,0.9687897243021902,58,86
BV08TR_0123,29,0.966016789918268,57,86
BV08TR_0123,30,0.9631836139717688,56,86
BV08TR_0123,31,0.9603101939430182,55,86
BV08TR_0123,32,0.9574502122589348,54,86
BV08TR_0123,33,0.95452219725202,53,86
BV08TR_0123,34,0.9516548764529386,52,86
BV08TR_0123,35,0.9487381877997432,51,86
BV08TR_0123,36,0.9459449841698616,50,86
BV08TR_0123,37,0.9430731539675572,49,86
BV08TR_0123,38,0.9401314936173624,48,86
BV08TR_0123,39,0.9371406451647653,47,86
BV08TR_0123,40,0.9342272394375376,46,86
BV08TR_0123,41,0.9312836655838634,45,86
BV08TR_0123,42,0.9282902674473518,44,86
BV08TR_0123,43,0.9254509303572062,43,86
BV08TR_0123,44,0.9224519030257878,42,86
BV08TR_0123,45,0.919685857284818,41,86
BV08TR_0123,46,0.9167504765542636,40,86
BV08TR_0123,47,0.9137757653014738,39,86
BV08TR_0123,48,0.9107676347970346,38,86
BV08TR_0123,49,0.9078425595607926,37,86
BV08TR_0123,50,0.9048926873153482,36,86
BV08TR_0123,51,0.902077480814262,35,86
BV08TR_0123,52,0.8991000725591785,34,86
BV08TR_0123,53,0.8960608228999438,33,86
BV08TR_0123,54,0.893144125716049,32,86
BV08TR_0123,55,0.8902747521745614,31,86
BV08TR_0123,56,0.8871592383603102,30,86
BV08TR_0123,57,0.8840965760738746,29,86
BV08TR_0123,58,0.8810509265188556,28,86
BV08TR_0123,59,0.8780662252662748,27,86
BV08TR_0123,60,0.8751800680893727,26,86
BV08TR_0123,61,0.8721806902630606,25,86
BV08TR_0123,62,0.8692202777421584,24,86
BV08TR_0123,63,0.8662278932677778,23,86
BV08TR_0123,64,0.8632517927105579,22,86
BV08TR_0123,65,0.8602613835083569,21,86
BV08TR_0123,66,0.8572717038170381,20,86
BV08TR_0123,67,0.8543820243825956,19,86
BV08TR_0123,68,0.8514412474574474,18,86
BV08TR_0123,69,0.848549304463022,17,86
BV08TR_0123,70,0.8455737257955918,16,86
BV08TR_0123,71,0.8426903205512768,15,86
BV08TR_0123,72,0.8398142902922315,14,86
BV08TR_0123,73,0.8368042220577112,13,86
BV08TR_0123,74,0.8339479633683557,12,86
BV08TR_0123,75,0.8312047973552718,11,86
BV08TR_0123,76,0.8282652440585276,10,86
BV08TR_0123,77,0.8253142055507191,9,86
BV08TR_0123,78,0.8224362968615787,8,86
BV08TR_0123,79,0.8195538254900211,7,86
BV08TR_0123,80,0.8165985471554571,6,86
BV08TR_0123,81,0.813857687980606,5,86
BV08TR_0123,82,0.8109564212738244,4,86
BV08TR_0123,83,0.8082428325533186,3,86
BV08TR_0123,84,0.8054438062700249,2,86
BV08TR_0123,85,0.8026831711264836,1,86
BV08TR_0123,86,0.7997881914414483,0,86
BV08TR_0124,0,0.9636298006065755,65,65
BV08TR_0124,1,0.9610978385958555,64,65
BV08TR_0124,2,0.9584931168523444,63,65
BV08TR_0124,3,0.9559420944913753,62,65
BV08TR_0124,4,0.95337088658892,61,65
BV08TR_0124,5,0.9508336942786532,60,65
BV08TR_0124,6,0.9480934950141497,59,65
BV08TR_0124,7,0.9454807452665482,58,65
BV08TR_0124,8,0.9428915794986245,57,65
BV08TR_0124,9,0.9401918949611205,56,65
BV08TR_0124,10,0.9376047672036992,55,65
BV08TR_0124,11,0.934918655888031,54,65
BV08TR_0124,12,0.932415624869645,53,65
BV08TR_0124,13,0.9297451796427105,52,65
BV08TR_0124,14,0.9271970377392835,51,65
BV08TR_0124,15,0.9245536109611612,50,65
BV08TR_0124,16,0.9219392320791795,49,65
BV08TR_0124,17,0.9194076403160444,48,65
BV08TR_0124,18,0.916826571684652,47,65
BV08TR_0124,19,0.9141984827023552,46,65
BV08TR_0124,20,0.911671696980544,45,65
BV08TR_0124,21,0.9092290036157586,44,65
BV08TR_0124,22,0.9066551224247112,43,65
BV08TR_0124,23,0.904164878749651,42,65
BV08TR_0124,24,0.9016631486430265,41,65
BV08TR_0124,25,0.8991514175396828,40,65
BV08TR_0124,26,0.8965987113213973,39,65
BV08TR_0124,27,0.8941170523335004,38,65
BV08TR_0124,28,0.8915166574768165,37,65
BV08TR_0124,29,0.8890863928296558,36,65
BV08TR_0124,30,0.8865972366988246,35,65
BV08TR_0124,31,0.8840918550107448,34,65
BV08TR_0124,32,0.8816699663411136,33,65
BV08TR_0124,33,0.8791695924212428,32,65
BV08TR_0124,34,0.8767206176235779,31,65
BV08TR_0124,35,0.8742175256944381,30,65
BV08TR_0124,36,0.871690716570106,29,65
BV08TR_0124,37,0.869186267090376,28,65
BV08TR_0124,38,0.8666085413588754,27,65
BV08TR_0124,39,0.8641145118165388,26,65
BV08TR_0124,40,0.8617937276940368,25,65
BV08TR_0124,41,0.8592915962915155,24,65
BV08TR_0124,42,0.8568419863478856,23,65
BV08TR_0124,43,0.8542528124510644,22,65
BV08TR_0124,44,0.8518698940972798,21,65
BV08TR_0124,45,0.8493628750391898,20,65
BV08TR_0124,46,0.846989029572534,19,65
BV08TR_0124,47,0.8445728964834525,18,65
BV08TR_0124,48,0.8421761155643106,17,65
BV08TR_0124,49,0.8397183447231746,16,65
BV08TR_0124,50,0.8372373778664371,15,65
BV08TR_0124,51,0.8347626269463394,14,65
BV08TR_0124,52,0.8322918993397815,13,65
BV08TR_0124,53,0.8297972275312538,12,65
BV08TR_0124,54,0.8273189851217647,11,65
BV08TR_0124,55,0.8249107089039383,10,65
BV08TR_0124,56,0.8223478447537858,9,65
BV08TR_0124,57,0.8198801346635105,8,65
BV08TR_0124,58,0.8173661097729472,7,65
BV08TR_0124,59,0.8147210589527958,6,65
BV08TR_0124,60,0.8122109531690455,5,65
BV08TR_0124,61,0.8096543000181284,4,65
BV08TR_0124,62,0.8071368654280382,3,65
BV08TR_0124,63,0.8046312383577028,2,65
BV08TR_0124,64,0.8020290111034896,1,65
BV08TR_0124,65,0.7994389263067053,0,65
BV08TR_0125,0,0.9861578548598035,57,57
BV08TR_0125,1,0.98295413013434,56,57
BV08TR_0125,2,0.9796355401473176,55,57
BV08TR_0125,3,0.9763298038658108,54,57
BV08TR_0125,4,0.9731588596492645,53,57
BV08TR_0125,5,0.9700348748737962,52,57
BV08TR_0125,6,0.966825965274428,51,57
BV08TR_0125,7,0.9636614841897914,50,57
BV08TR_0125,8,0.9602725055118808,49,57
BV08TR_0125,9,0.956901116437528,48,57
BV08TR_0125,10,0.9536493427307415,47,57
BV08TR_0125,11,0.9505400044665852,46,57
BV08TR_0125,12,0.9473286879231244,45,57
BV08TR_0125,13,0.9440465781092275,44,57
BV08TR_0125,14,0.9409205492771064,43,57
BV08TR_0125,15,0.937649661460336,42,57
BV08TR_0125,16,0.9346408137872938,41,57
BV08TR_0125,17,0.9314732395539874,40,57
BV08TR_0125,18,0.9281683024427452,39,57
BV08TR_0125,19,0.9249734524244896,38,57
BV08TR_0125,20,0.9217849890371302,37,57
BV08TR_0125,21,0.918536946214924,36,57
BV08TR_0125,22,0.915298118436002,35,57
BV08TR_0125,23,0.912179560704368,34,57
BV08TR_0125,24,0.9091048116935615,33,57
BV08TR_0125,25,0.905925919111702,32,57
BV08TR_0125,26,0.902685281965987,31,57
BV08TR_0125,27,0.8993663856440357,30,57
BV08TR_0125,28,0.8962346309245739,29,57
BV08TR_0125,29,0.8928416648040053,28,57
BV08TR_0125,30,0.8895206968396872,27,57
BV08TR_0125,31,0.8862058507132116,26,57
BV08TR_0125,32,0.8826864965792607,25,57
BV08TR_0125,33,0.8794188643713007,24,57
BV08TR_0125,34,0.8760577534832105,23,57
BV08TR_0125,35,0.872600473633716,22,57
BV08TR_0125,36,0.8692715447365481,21,57
BV08TR_0125,37,0.8660185378180228,20,57
BV08TR_0125,38,0.8626294953295849,19,57
BV08TR_0125,39,0.8592132967209951,18,57
BV08TR_0125,40,0.8559335567937444,17,57
BV08TR_0125,41,0.8524838538085198,16,57
BV08TR_0125,42,0.8491614551218568,15,57
BV08TR_0125,43,0.8457546692322458,14,57
BV08TR_0125,44,0.8425334758705554,13,57
BV08TR_0125,45,0.8390381764808558,12,57
BV08TR_0125,46,0.8356535277626782,11,57
BV08TR_0125,47,0.8323640977813846,10,57
BV08TR_0125,48,0.8289589304797041,9,57
BV08TR_0125,49,0.8257335733393789,8,57
BV08TR_0125,50,0.8224467803137265,7,57
BV08TR_0125,51,0.819068467307073,6,57
BV08TR_0125,52,0.815609412691181,5,57
BV08TR_0125,53,0.8121977493089183,4,57
BV08TR_0125,54,0.808776850903761,3,57
BV08TR_0125,55,0.8053226965029538,2,57
BV08TR_0125,56,0.8019997328192812,1,57
BV08TR_0125,57,0.7985279599601901,0,57
BV08TR_0126,0,0.9850467628009,75,75
BV08TR_0126,1,0.9825950527150248,74,75
BV08TR_0126,2,0.9802972902058212,73,75
BV08TR_0126,3,0.9779535363476175,72,75
BV08TR_0126,4,0.9755080110703774,71,75
BV08TR_0126,5,0.9732083942067113,70,75
BV08TR_0126,6,0.9708754027057482,69,75
BV08TR_0126,7,0.9684408002790612,68,75
BV08TR_0126,8,0.9661008968819995,67,75
BV08TR_0126,9,0.9637908811033055,66,75
BV08TR_0126,10,0.9613952509735342,65,75
BV08TR_0126,11,0.9591303921777936,64,75
BV08TR_0126,12,0.9568881790478038,63,75
BV08TR_0126,13,0.954593162452078,62,75
BV08TR_0126,14,0.952291067546564,61,75
BV08TR_0126,15,0.9500802836204528,60,75
BV08TR_0126,16,0.9476803890031724,59,75
BV08TR_0126,17,0.9454138923275343,58,75
BV08TR_0126,18,0.9430718708209208,57,75
BV08TR_0126,19,0.9408410169106368,56,75
BV08TR_0126,20,0.938565232017046,55,75
BV08TR_0126,21,0.9362775307074058,54,75
BV08TR_0126,22,0.9338802006790528,53,75
BV08TR_0126,23,0.9316220054175605,52,75
BV08TR_0126,24,0.9294128436125698,51,75
BV08TR_0126,25,0.9271987776151716,50,75
BV08TR_0126,26,0.9249863678540592,49,75
BV08TR_0126,27,0.9226759902021252,48,75
BV08TR_0126,28,0.9204968849391107,47,75
BV08TR_0126,29,0.918238730976158,46,75
BV08TR_0126,30,0.9159490182760565,45,75
BV08TR_0126,31,0.9137640611323385,44,75
BV08TR_0126,32,0.9115004224998204,43,75
BV08TR_0126,33,0.9092606227785432,42,75
BV08TR_0126,34,0.9069349630386458,41,75
BV08TR_0126,35,0.9046988842585185,40,75
BV08TR_0126,36,0.9024305842244488,39,75
BV08TR_0126,37,0.900136440684861,38,75
BV08TR_0126,38,0.8978814703244035,37,75
BV08TR_0126,39,0.8955260596081571,36,75
BV08TR_0126,40,0.893242335856613,35,75
BV08TR_0126,41,0.8909528234793495,34,75
BV08TR_0126,42,0.8886583735630851,33,75
BV08TR_0126,43,0.886243278021207,32,75
BV08TR_0126,44,0.8839361826521676,31,75
BV08TR_0126,45,0.8815106854283868,30,75
BV08TR_0126,46,0.8790705096804828,29,75
BV08TR_0126,47,0.8767659922766812,28,75
BV08TR_0126,48,0.8744969786110262,27,75
BV08TR_0126,49,0.8722624187964105,26,75
BV08TR_0126,50,0.8699210589932445,25,75
BV08TR_0126,51,0.867592832866307,24,75
BV08TR_0126,52,0.8652516435281218,23,75
BV08TR_0126,53,0.8629173921230405,22,75
BV08TR_0126,54,0.860516913760649,21,75
BV08TR_0126,55,0.858351194354317,20,75
BV08TR_0126,56,0.856074605093412,19,75
BV08TR_0126,57,0.8536160918558725,18,75
BV08TR_0126,58,0.8506748135235387,17,75
BV08TR_0126,59,0.847501280136924,16,75
BV08TR_0126,60,0.844314977310348,15,75
BV08TR_0126,61,0.8413242491382652,14,75
BV08TR_0126,62,0.8382784650657874,13,75
BV08TR_0126,63,0.8351723362210765,12,75
BV08TR_0126,64,0.8320373817583697,11,75
BV08TR_0126,65,0.828867585600069,10,75
BV08TR_0126,66,0.8257442921048447,9,75
BV08TR_0126,67,0.8227056324116352,8,75
BV08TR_0126,68,0.8195884911764572,7,75
BV08TR_0126,69,0.8165622744314472,6,75
BV08TR_0126,70,0.8135615997671969,5,75
BV08TR_0126,71,0.8105171309153762,4,75
BV08TR_0126,72,0.8073204673780499,3,75
BV08TR_0126,73,0.8042619701035091,2,75
BV08TR_0126,74,0.8012056494567434,1,75
BV08TR_0126,75,0.7982072420583015,0,75
BV08TR_0127,0,0.995460330359708,56,56
BV08TR_0127,1,0.9919398463252628,55,56
BV08TR_0127,2,0.9884566726233125,54,56
BV08TR_0127,3,0.9850938765726754,53,56
BV08TR_0127,4,0.9816943881710175,52,56
BV08TR_0127,5,0.9782779258978972,51,56
BV08TR_0127,6,0.97479735365721,50,56
BV08TR_0127,7,0.9713229520375322,49,56
BV08TR_0127,8,0.968023893704027,48,56
BV08TR_0127,9,0.9645105508508675,47,56
BV08TR_0127,10,0.961057448497289,46,56
BV08TR_0127,11,0.9574893886806938,45,56
BV08TR_0127,12,0.9539157722194798,44,56
BV08TR_0127,13,0.9504632345582932,43,56
BV08TR_0127,14,0.9468664752731484,42,56
BV08TR_0127,15,0.9434094259061708,41,56
BV08TR_0127,16,0.9400408072596945,40,56
BV08TR_0127,17,0.9364314404381385,39,56
BV08TR_0127,18,0.9328236132370882,38,56
BV08TR_0127,19,0.9291707577244885,37,56
BV08TR_0127,20,0.9255574825803504,36,56
BV08TR_0127,21,0.9220406704261116,35,56
BV08TR_0127,22,0.9184133100016575,34,56
BV08TR_0127,23,0.9149689876961244,33,56
BV08TR_0127,24,0.9114987148953734,32,56
BV08TR_0127,25,0.9078875302609266,31,56
BV08TR_0127,26,0.9044162206110062,30,56
BV08TR_0127,27,0.900908086483258,29,56
BV08TR_0127,28,0.8974842817007723,28,56
BV08TR_0127,29,0.8938458341927074,27,56
BV08TR_0127,30,0.8902716299714462,26,56
BV08TR_0127,31,0.8866645512287448,25,56
BV08TR_0127,32,0.8830421221192472,24,56
BV08TR_0127,33,0.8794934923111315,23,56
BV08TR_0127,34,0.8758710663384848,22,56
BV08TR_0127,35,0.872223914484717,21,56
BV08TR_0127,36,0.868563163830026,20,56
BV08TR_0127,37,0.8649723973449684,19,56
BV08TR_0127,38,0.8614829533323484,18,56
BV08TR_0127,39,0.8580917575218618,17,56
BV08TR_0127,40,0.8545302158705715,16,56
BV08TR_0127,41,0.8509619117671714,15,56
BV08TR_0127,42,0.8475291754042598,14,56
BV08TR_0127,43,0.8439600900150107,13,56
BV08TR_0127,44,0.8404017757680644,12,56
BV08TR_0127,45,0.8368719937607586,11,56
BV08TR_0127,46,0.8335328028931808,10,56
BV08TR_0127,47,0.8300914670902034,9,56
BV08TR_0127,48,0.8266559704606415,8,56
BV08TR_0127,49,0.8230297141237028,7,56
BV08TR_0127,50,0.8194709736688349,6,56
BV08TR_0127,51,0.8157509973266702,5,56
BV08TR_0127,52,0.8122554184195088,4,56
BV08TR_0127,53,0.808806493803905,3,56
BV08TR_0127,54,0.8053856137954026,2,56
BV08TR_0127,55,0.802044921869864,1,56
BV08TR_0127,56,0.7984570380137994,0,56
BV08TR_0128,0,0.9533116774618776,51,51
BV08TR_0128,1,0.9504423479605648,50,51
BV08TR_0128,2,0.947486738862944,49,51
BV08TR_0128,3,0.9446597079490645,48,51
BV08TR_0128,4,0.941579411115767,47,51
BV08TR_0128,5,0.9387721283771556,46,51
BV08TR_0128,6,0.9359349961018564,45,51
BV08TR_0128,7,0.9329793747413705,44,51
BV08TR_0128,8,0.9300351814217364,43,51
BV08TR_0128,9,0.9270355518262962,42,51
BV08TR_0128,10,0.9241303067670598,41,51
BV08TR_0128,11,0.9212871623206125,40,51
BV08TR_0128,12,0.9183382688476344,39,51
BV08TR_0128,13,0.91537409032228,38,51
BV08TR_0128,14,0.9123272948954548,37,51
BV08TR_0128,15,0.9094502067315948,36,51
BV08TR_0128,16,0.9065309504745206,35,51
BV08TR_0128,17,0.9034861791299156,34,51
BV08TR_0128,18,0.900504792500771,33,51
BV08TR_0128,19,0.8975865338479061,32,51
BV08TR_0128,20,0.894433562331287,31,51
BV08TR_0128,21,0.8913611201064098,30,51
BV08TR_0128,22,0.8882360019368968,29,51
BV08TR_0128,23,0.8852944940586408,28,51
BV08TR_0128,24,0.8822637471358687,27,51
BV08TR_0128,25,0.8792719266257824,26,51
BV08TR_0128,26,0.8762897521490044,25,51
BV08TR_0128,27,0.8731950027417252,24,51
BV08TR_0128,28,0.8701106431130264,23,51
BV08TR_0128,29,0.8671824845608267,22,51
BV08TR_0128,30,0.8640449829195586,21,51
BV08TR_0128,31,0.8608735333827504,20,51
BV08TR_0128,32,0.857833029176796,19,51
BV08TR_0128,33,0.8547598999065432,18,51
BV08TR_0128,34,0.851666501224314,17,51
BV08TR_0128,35,0.84858706251886,16,51
BV08TR_0128,36,0.8454856960610386,15,51
BV08TR_0128,37,0.842449551443055,14,51
BV08TR_0128,38,0.8393940093598883,13,51
BV08TR_0128,39,0.8362182794011415,12,51
BV08TR_0128,40,0.8329951356925512,11,51
BV08TR_0128,41,0.8298520370801902,10,51
BV08TR_0128,42,0.826791112520748,9,51
BV08TR_0128,43,0.8237032522896136,8,51
BV08TR_0128,44,0.8207460975792072,7,51
BV08TR_0128,45,0.8176904358949817,6,51
BV08TR_0128,46,0.8147151452385528,5,51
BV08TR_0128,47,0.8117051661286069,4,51
BV08TR_0128,48,0.8085910041060322,3,51
BV08TR_0128,49,0.8054851854401383,2,51
BV08TR_0128,50,0.8025013927596598,1,51
BV08TR_0128,51,0.7993559128825966,0,51
BV08TR_0129,0,1.0057072140299093,66,66
BV08TR_0129,1,1.0025715759395137,65,66
BV08TR_0129,2,0.9996003012833584,64,66
BV08TR_0129,3,0.9965568733207965,63,66
BV08TR_0129,4,0.9934356981318805,62,66
BV08TR_0129,5,0.9903974850163701,61,66
BV08TR_0129,6,0.9872286787131382,60,66
BV08TR_0129,7,0.9841740656448712,59,66
BV08TR_0129,8,0.981110639796459,58,66
BV08TR_0129,9,0.9781366549953044,57,66
BV08TR_0129,10,0.9751025488745082,56,66
BV08TR_0129,11,0.9719866217772006,55,66
BV08TR_0129,12,0.9687315882352244,54,66
BV08TR_0129,13,0.9658208956616724,53,66
BV08TR_0129,14,0.9627128733127126,52,66
BV08TR_0129,15,0.959624086085318,51,66
BV08TR_0129,16,0.9564888688829272,50,66
BV08TR_0129,17,0.9534640891154396,49,66
BV08TR_0129,18,0.9503614379515252,48,66
BV08TR_0129,19,0.9472205039691236,47,66
BV08TR_0129,20,0.944039832030334,46,66
BV08TR_0129,21,0.9409553640598995,45,66
BV08TR_0129,22,0.9377902104979278,44,66
BV08TR_0129,23,0.9347017215247372,43,66
BV08TR_0129,24,0.9315683099588812,42,66
BV08TR_0129,25,0.9282713237994799,41,66
BV08TR_0129,26,0.9250159381841515,40,66
BV08TR_0129,27,0.9219116501052578,39,66
BV08TR_0129,28,0.9188090685537685,38,66
BV08TR_0129,29,0.9155930230410498,37,66
BV08TR_0129,30,0.9124232536648436,36,66
BV08TR_0129,31,0.9091762742188825,35,66
BV08TR_0129,32,0.9059487544825519,34,66
BV08TR_0129,33,0.9025826076462515,33,66
BV08TR_0129,34,0.8991976711899706,32,66
BV08TR_0129,35,0.895985506900597,31,66
BV08TR_0129,36,0.8928453822314146,30,66
BV08TR_0129,37,0.8896838326688312,29,66
BV08TR_0129,38,0.8863968474427634,28,66
BV08TR_0129,39,0.8830156719667992,27,66
BV08TR_0129,40,0.8798393362904775,26,66
BV08TR_0129,41,0.8767168037198796,25,66
BV08TR_0129,42,0.8734436298441905,24,66
BV08TR_0129,43,0.8702268530176784,23,66
BV08TR_0129,44,0.8669595077785536,22,66
BV08TR_0129,45,0.8638091474211212,21,66
BV08TR_0129,46,0.8604468216281778,20,66
BV08TR_0129,47,0.8574026495962771,19,66
BV08TR_0129,48,0.8544307322421155,18,66
BV08TR_0129,49,0.8511960893562711,17,66
BV08TR_0129,50,0.8480311375912835,16,66
BV08TR_0129,51,0.8448017634976287,15,66
BV08TR_0129,52,0.841626053621803,14,66
BV08TR_0129,53,0.8383379281504105,13,66
BV08TR_0129,54,0.8352057176213395,12,66
BV08TR_0129,55,0.8320210971715714,11,66
BV08TR_0129,56,0.8289381822242344,10,66
BV08TR_0129,57,0.8256947765585505,9,66
BV08TR_0129,58,0.8225737444469055,8,66
BV08TR_0129,59,0.819544651940848,7,66
BV08TR_0129,60,0.8164756020903483,6,66
BV08TR_0129,61,0.8133311093927152,5,66
BV08TR_0129,62,0.8102717694533172,4,66
BV08TR_0129,63,0.8071788797532493,3,66
BV08TR_0129,64,0.8040430040939792,2,66
BV08TR_0129,65,0.8008861793077912,1,66
BV08TR_0129,66,0.7978064659083132,0,66
BV08TR_0130,0,0.9684652730109298,62,62
BV08TR_0130,1,0.965678159794644,61,62
BV08TR_0130,2,0.962864678714913,60,62
BV08TR_0130,3,0.9600776409312082,59,62
BV08TR_0130,4,0.9573391290550795,58,62
BV08TR_0130,5,0.9544512990163988,57,62
BV08TR_0130,6,0.9516808531254776,56,62
BV08TR_0130,7,0.949008441567734,55,62
BV08TR_0130,8,0.9462331776792094,54,62
BV08TR_0130,9,0.943503592891764,53,62
BV08TR_0130,10,0.9408347097570805,52,62
BV08TR_0130,11,0.938110257972844,51,62
BV08TR_0130,12,0.9354192918815614,50,62
BV08TR_0130,13,0.932786694042202,49,62
BV08TR_0130,14,0.9302102269808606,48,62
BV08TR_0130,15,0.927584387370996,47,62
BV08TR_0130,16,0.9250500741448984,46,62
BV08TR_0130,17,0.9222259262376123,45,62
BV08TR_0130,18,0.9196527623205236,44,62
BV08TR_0130,19,0.9169719487221674,43,62
BV08TR_0130,20,0.9142491856427128,42,62
BV08TR_0130,21,0.911739375383543,41,62
BV08TR_0130,22,0.9090407671009052,40,62
BV08TR_0130,23,0.9063686986984995,39,62
BV08TR_0130,24,0.9036166139040015,38,62
BV08TR_0130,25,0.9009647085177805,37,62
BV08TR_0130,26,0.8983723237005995,36,62
BV08TR_0130,27,0.8956647993005344,35,62
BV08TR_0130,28,0.89299328567083,34,62
BV08TR_0130,29,0.8903396284771383,33,62
BV08TR_0130,30,0.8877436002357488,32,62
BV08TR_0130,31,0.8851537061433249,31,62
BV08TR_0130,32,0.8824173409766835,30,62
BV08TR_0130,33,0.8797462268349335,29,62
BV08TR_0130,34,0.8770031886660052,28,62
BV08TR_0130,35,0.8743196130502204,27,62
BV08TR_0130,36,0.8715906072400279,26,62
BV08TR_0130,37,0.8688653921312145,25,62
BV08TR_0130,38,0.8661935172490332,24,62
BV08TR_0130,39,0.8635336908144866,23,62
BV08TR_0130,40,0.8608747816679359,22,62
BV08TR_0130,41,0.8582196228934782,21,62
BV08TR_0130,42,0.8554149079835766,20,62
BV08TR_0130,43,0.852674878049843,19,62
BV08TR_0130,44,0.8498086758166109,18,62
BV08TR_0130,45,0.8470922923086559,17,62
BV08TR_0130,46,0.8441822761187362,16,62
BV08TR_0130,47,0.8414685244305109,15,62
BV08TR_0130,48,0.8386801280588518,14,62
BV08TR_0130,49,0.8357483334921392,13,62
BV08TR_0130,50,0.8331560396131452,12,62
BV08TR_0130,51,0.8303911067707871,11,62
BV08TR_0130,52,0.8275923286332746,10,62
BV08TR_0130,53,0.8247753127444729,9,62
BV08TR_0130,54,0.8220085072482207,8,62
BV08TR_0130,55,0.8192771132900629,7,62
BV08TR_0130,56,0.8164808437037612,6,62
BV08TR_0130,57,0.813794545732935,5,62
BV08TR_0130,58,0.8109394606357794,4,62
BV08TR_0130,59,0.8080833484451307,3,62
BV08TR_0130,60,0.8053835900419812,2,62
BV08TR_0130,61,0.8025786828054892,1,62
BV08TR_0130,62,0.7998114726667045,0,62
BV08TR_0131,0,1.0346597488081086,73,73
BV08TR_0131,1,1.0316016080843777,72,73
BV08TR_0131,2,1.0285137180984536,71,73
BV08TR_0131,3,1.0254910186680681,70,73
BV08TR_0131,4,1.0224515555742586,69,73
BV08TR_0131,5,1.0194510021683472,68,73
BV08TR_0131,6,1.016317835319053,67,73
BV08TR_0131,7,1.0132645547938812,66,73
BV08TR_0131,8,1.0102539501767573,65,73
BV08TR_0131,9,1.007317066410733,64,73
BV08TR_0131,10,1.0043999025640205,63,73
BV08TR_0131,11,1.001386025019218,62,73
BV08TR_0131,12,0.9983421896002785,61,73
BV08TR_0131,13,0.995183149841405,60,73
BV08TR_0131,14,0.992202553237272,59,73
BV08TR_0131,15,0.989272507383772,58,73
BV08TR_0131,16,0.9861900959802318,57,73
BV08TR_0131,17,0.983114864163077,56,73
BV08TR_0131,18,0.9801653444330558,55,73
BV08TR_0131,19,0.9771863021827174,54,73
BV08TR_0131,20,0.9740727521709301,53,73
BV08TR_0131,21,0.97100452774042,52,73
BV08TR_0131,22,0.967952455387778,51,73
BV08TR_0131,23,0.964979694642284,50,73
BV08TR_0131,24,0.9620540543032234,49,73
BV08TR_0131,25,0.9589925737363524,48,73
BV08TR_0131,26,0.95596987430907,47,73
BV08TR_0131,27,0.952872413438658,46,73
BV08TR_0131,28,0.9498074891205324,45,73
BV08TR_0131,29,0.9469578957941788,44,73
BV08TR_0131,30,0.9438950168211604,43,73
BV08TR_0131,31,0.9409303985499955,42,73
BV08TR_0131,32,0.9378634558322484,41,73
BV08TR_0131,33,0.9347558387382532,40,73
BV08TR_0131,34,0.9317838792910887,39,73
BV08TR_0131,35,0.9286747628299215,38,73
BV08TR_0131,36,0.9255972615773335,37,73
BV08TR_0131,37,0.9224220753587709,36,73
BV08TR_0131,38,0.9194136026470326,35,73
BV08TR_0131,39,0.9162402803552775,34,73
BV08TR_0131,40,0.9132787103975876,33,73
BV08TR_0131,41,0.9101228904678978,32,73
BV08TR_0131,42,0.9070549587143716,31,73
BV08TR_0131,43,0.9039039284526802,30,73
BV08TR_0131,44,0.9009064340508822,29,73
BV08TR_0131,45,0.8978301196636554,28,73
BV08TR_0131,46,0.8946659892240127,27,73
BV08TR_0131,47,0.8913757477815852,26,73
BV08TR_0131,48,0.888067807033876,25,73
BV08TR_0131,49,0.884864384364938,24,73
BV08TR_0131,50,0.8816697945543804,23,73
BV08TR_0131,51,0.8784514016770818,22,73
BV08TR_0131,52,0.8753408210354686,21,73
BV08TR_0131,53,0.872233474481706,20,73
BV08TR_0131,54,0.869074648842131,19,73
BV08TR_0131,55,0.8659227502865353,18,73
BV08TR_0131,56,0.8628286183250027,17,73
BV08TR_0131,57,0.8590530317955146,16,73
BV08TR_0131,58,0.8553146650574308,15,73
BV08TR_0131,59,0.8512690228190034,14,73
BV08TR_0131,60,0.8475211321147635,13,73
BV08TR_0131,61,0.8438147490551848,12,73
BV08TR_0131,62,0.8399757234189346,11,73
BV08TR_0131,63,0.8362633707795856,10,73
BV08TR_0131,64,0.8326026557502756,9,73
BV08TR_0131,65,0.8289184387357651,8,73
BV08TR_0131,66,0.825216120722922,7,73
BV08TR_0131,67,0.8214080869983613,6,73
BV08TR_0131,68,0.8177667865660011,5,73
BV08TR_0131,69,0.81399898671693,4,73
BV08TR_0131,70,0.8103674488483272,3,73
BV08TR_0131,71,0.8066843866753173,2,73
BV08TR_0131,72,0.8029687177398546,1,73
BV08TR_0131,73,0.7992566474072702,0,73
BV08TR_0132,0,0.9596410092505526,62,62
BV08TR_0132,1,0.9571408281245936,61,62
BV08TR_0132,2,0.9546402629350488,60,62
BV08TR_0132,3,0.9521200190482642,59,62
BV08TR_0132,4,0.9496517049412564,58,62
BV08TR_0132,5,0.9471868017478632,57,62
BV08TR_0132,6,0.9445845322324412,56,62
BV08TR_0132,7,0.9421133142680256,55,62
BV08TR_0132,8,0.939822271993896,54,62
BV08TR_0132,9,0.9373208811299806,53,62
BV08TR_0132,10,0.9349575378827114,52,62
BV08TR_0132,11,0.9324791879330995,51,62
BV08TR_0132,12,0.9300152680283972,50,62
BV08TR_0132,13,0.9277249697230946,49,62
BV08TR_0132,14,0.92534947171918,48,62
BV08TR_0132,15,0.923013274713936,47,62
BV08TR_0132,16,0.9206085788877322,46,62
BV08TR_0132,17,0.9182086603170865,45,62
BV08TR_0132,18,0.9158751987201692,44,62
BV08TR_0132,19,0.9134450663720792,43,62
BV08TR_0132,20,0.910965967556571,42,62
BV08TR_0132,21,0.9085141050989496,41,62
BV08TR_0132,22,0.9060196074476304,40,62
BV08TR_0132,23,0.90365758036522,39,62
BV08TR_0132,24,0.9011778918649648,38,62
BV08TR_0132,25,0.8986944644650925,37,62
BV08TR_0132,26,0.896209577575817,36,62
BV08TR_0132,27,0.8937319711011782,35,62
BV08TR_0132,28,0.8910918028306374,34,62
BV08TR_0132,29,0.8885257296699172,33,62
BV08TR_0132,30,0.8860613438227491,32,62
BV08TR_0132,31,0.8835808615330856,31,62
BV08TR_0132,32,0.8810458754264795,30,62
BV08TR_0132,33,0.8785296354543858,29,62
BV08TR_0132,34,0.8759579366466572,28,62
BV08TR_0132,35,0.8734009693392109,27,62
BV08TR_0132,36,0.8708436883499785,26,62
BV08TR_0132,37,0.8682907535901702,25,62
BV08TR_0132,38,0.8657713623518795,24,62
BV08TR_0132,39,0.8632685066059488,23,62
BV08TR_0132,40,0.8607449174079796,22,62
BV08TR_0132,41,0.8581703097541139,21,62
BV08TR_0132,42,0.855673043316732,20,62
BV08TR_0132,43,0.8532172925708212,19,62
BV08TR_0132,44,0.8507256604096046,18,62
BV08TR_0132,45,0.8482929549742688,17,62
BV08TR_0132,46,0.8458708567495374,16,62
BV08TR_0132,47,0.8434420533974936,15,62
BV08TR_0132,48,0.8409485437965146,14,62
BV08TR_0132,49,0.8377498311389736,13,62
BV08TR_0132,50,0.8347253699212914,12,62
BV08TR_0132,51,0.8316270818845282,11,62
BV08TR_0132,52,0.828567418278093,10,62
BV08TR_0132,53,0.8254969383487224,9,62
BV08TR_0132,54,0.8225268759119614,8,62
BV08TR_0132,55,0.8195341345674696,7,62
BV08TR_0132,56,0.8166510138736018,6,62
BV08TR_0132,57,0.8135127243584243,5,62
BV08TR_0132,58,0.8105073846419704,4,62
BV08TR_0132,59,0.8075072017579166,3,62
BV08TR_0132,60,0.8045396673532994,2,62
BV08TR_0132,61,0.8015571824316086,1,62
BV08TR_0132,62,0.7984928340092172,0,62
BV08TR_0133,0,0.976545035922614,76,76
BV08TR_0133,1,0.9741833913029294,75,76
BV08TR_0133,2,0.9717242871247886,74,76
BV08TR_0133,3,0.969322369795437,73,76
BV08TR_0133,4,0.9669351772901416,72,76
BV08TR_0133,5,0.9646114895398405,71,76
BV08TR_0133,6,0.9622737042956198,70,76
BV08TR_0133,7,0.9599346984488916,69,76
BV08TR_0133,8,0.9576092676205712,68,76
BV08TR_0133,9,0.955196861977452,67,76
BV08TR_0133,10,0.9527700576260492,66,76
BV08TR_0133,11,0.9503723413651752,65,76
BV08TR_0133,12,0.9479614968250366,64,76
BV08TR_0133,13,0.9456804869023564,63,76
BV08TR_0133,14,0.9432241167244264,62,76
BV08TR_0133,15,0.940924157940658,61,76
BV08TR_0133,16,0.9385883378924686,60,76
BV08TR_0133,17,0.9362665386279616,59,76
BV08TR_0133,18,0.9339100860832625,58,76
BV08TR_0133,19,0.9315826875885036,57,76
BV08TR_0133,20,0.92920708946096,56,76
BV08TR_0133,21,0.9269178928028342,55,76
BV08TR_0133,22,0.9245765386827576,54,76
BV08TR_0133,23,0.9221964434377924,53,76
BV08TR_0133,24,0.9198828192363058,52,76
BV08TR_0133,25,0.9175717512303584,51,76
BV08TR_0133,26,0.9152580760250376,50,76
BV08TR_0133,27,0.9129223742441446,49,76
BV08TR_0133,28,0.9106248456844004,48,76
BV08TR_0133,29,0.9083868564084695,47,76
BV08TR_0133,30,0.906166330837592,46,76
BV08TR_0133,31,0.9038704333775465,45,76
BV08TR_0133,32,0.9014631942786366,44,76
BV08TR_0133,33,0.8991615091426649,43,76
BV08TR_0133,34,0.8968599011518775,42,76
BV08TR_0133,35,0.8945453406444137,41,76
BV08TR_0133,36,0.8921656817999398,40,76
BV08TR_0133,37,0.8898270008989853,39,76
BV08TR_0133,38,0.8875265500840145,38,76
BV08TR_0133,39,0.8852467017275812,37,76
BV08TR_0133,40,0.8829487228283858,36,76
BV08TR_0133,41,0.8806930404030345,35,76
BV08TR_0133,42,0.8783491084313647,34,76
BV08TR_0133,43,0.8760437837267532,33,76
BV08TR_0133,44,0.8737345227403468,32,76
BV08TR_0133,45,0.8714327468388713,31,76
BV08TR_0133,46,0.8691762279521376,30,76
BV08TR_0133,47,0.8668766465354487,29,76
BV08TR_0133,48,0.8646168306918895,28,76
BV08TR_0133,49,0.8623607955737164,27,76
BV08TR_0133,50,0.860032851000795,26,76
BV08TR_0133,51,0.8576340220269991,25,76
BV08TR_0133,52,0.8553921180613268,24,76
BV08TR_0133,53,0.8531309877857876,23,76
BV08TR_0133,54,0.850947726928383,22,76
BV08TR_0133,55,0.8485706013451046,21,76
BV08TR_0133,56,0.8462236972501743,20,76
BV08TR_0133,57,0.8438977865640754,19,76
BV08TR_0133,58,0.8415381629428585,18,76
BV08TR_0133,59,0.8392179093297084,17,76
BV08TR_0133,60,0.8370452732540108,16,76
BV08TR_0133,61,0.8348136939956415,15,76
BV08TR_0133,62,0.8325068417062288,14,76
BV08TR_0133,63,0.8300793817187574,13,76
BV08TR_0133,64,0.8277502979537728,12,76
BV08TR_0133,65,0.8253236627132808,11,76
BV08TR_0133,66,0.8230492217436594,10,76
BV08TR_0133,67,0.8207318604779992,9,76
BV08TR_0133,68,0.8183671189439649,8,76
BV08TR_0133,69,0.8160343149832305,7,76
BV08TR_0133,70,0.8137029554606195,6,76
BV08TR_0133,71,0.8111850418256406,5,76
BV08TR_0133,72,0.8087522877414274,4,76
BV08TR_0133,73,0.8063029479735674,3,76
BV08TR_0133,74,0.803892792087297,2,76
BV08TR_0133,75,0.801534953472389,1,76
BV08TR_0133,76,0.7991742168809228,0,76
BV08TR_0134,0,1.0246154047068552,94,94
BV08TR_0134,1,1.0222216238993775,93,94
BV08TR_0134,2,1.0198866317617294,92,94
BV08TR_0134,3,1.0174988726799614,91,94
BV08TR_0134,4,1.0150057632581186,90,94
BV08TR_0134,5,1.0127192094443302,89,94
BV08TR_0134,6,1.0103966027046025,88,94
BV08TR_0134,7,1.0080091586244242,87,94
BV08TR_0134,8,1.005773455124471,86,94
BV08TR_0134,9,1.003507373712663,85,94
BV08TR_0134,10,1.001125086206584,84,94
BV08TR_0134,11,0.9988277349797756,83,94
BV08TR_0134,12,0.9965691758628945,82,94
BV08TR_0134,13,0.9941637958502884,81,94
BV08TR_0134,14,0.9918838246235792,80,94
BV08TR_0134,15,0.9895913404590408,79,94
BV08TR_0134,16,0.9873283880846738,78,94
BV08TR_0134,17,0.9850568931862254,77,94
BV08TR_0134,18,0.9826179867587592,76,94
BV08TR_0134,19,0.9803456090236972,75,94
BV08TR_0134,20,0.9780132069698586,74,94
BV08TR_0134,21,0.975651866191156,73,94
BV08TR_0134,22,0.9732117739001764,72,94
BV08TR_0134,23,0.9707167341109304,71,94
BV08TR_0134,24,0.9684230691789696,70,94
BV08TR_0134,25,0.9660385125480982,69,94
BV08TR_0134,26,0.9636885104382104,68,94
BV08TR_0134,27,0.9612655002130408,67,94
BV08TR_0134,28,0.9588727234735924,66,94
BV08TR_0134,29,0.9564346570028288,65,94
BV08TR_0134,30,0.9540524035912892,64,94
BV08TR_0134,31,0.9516759934203493,63,94
BV08TR_0134,32,0.9492655055550506,62,94
BV08TR_0134,33,0.9468073692222811,61,94
BV08TR_0134,34,0.9443832065695106,60,94
BV08TR_0134,35,0.941944191522042,59,94
BV08TR_0134,36,0.9395079338695355,58,94
BV08TR_0134,37,0.9370380153746272,57,94
BV08TR_0134,38,0.934608813242455,56,94
BV08TR_0134,39,0.9321485726996226,55,94
BV08TR_0134,40,0.929603218293216,54,94
BV08TR_0134,41,0.9271479285235308,53,94
BV08TR_0134,42,0.924761840555109,52,94
BV08TR_0134,43,0.9223038933189994,51,94
BV08TR_0134,44,0.9197483657313672,50,94
BV08TR_0134,45,0.9172215854734018,49,94
BV08TR_0134,46,0.9146954252762335,48,94
BV08TR_0134,47,0.9123101482954113,47,94
BV08TR_0134,48,0.9098557915216146,46,94
BV08TR_0134,49,0.9074637048503758,45,94
BV08TR_0134,50,0.9048855857306952,44,94
BV08TR_0134,51,0.9024262209447792,43,94
BV08TR_0134,52,0.8999351318910753,42,94
BV08TR_0134,53,0.8975058890330452,41,94
BV08TR_0134,54,0.8950780152462688,40,94
BV08TR_0134,55,0.8926267280328689,39,94
BV08TR_0134,56,0.8902877969637796,38,94
BV08TR_0134,57,0.8878418844885105,37,94
BV08TR_0134,58,0.8854968699699945,36,94
BV08TR_0134,59,0.8829837833599977,35,94
BV08TR_0134,60,0.8806314845999896,34,94
BV08TR_0134,61,0.8782352156078183,33,94
BV08TR_0134,62,0.8758162645478711,32,94
BV08TR_0134,63,0.873431614466346,31,94
BV08TR_0134,64,0.8710257204646998,30,94
BV08TR_0134,65,0.8686014792989905,29,94
BV08TR_0134,66,0.8661072876109313,28,94
BV08TR_0134,67,0.8637601058912283,27,94
BV08TR_0134,68,0.8612936504426006,26,94
BV08TR_0134,69,0.8589136243380293,25,94
BV08TR_0134,70,0.8565531822011755,24,94
BV08TR_0134,71,0.8542953408210096,23,94
BV08TR_0134,72,0.8519172461968646,22,94
BV08TR_0134,73,0.8494918968006695,21,94
BV08TR_0134,74,0.8470672421419798,20,94
BV08TR_0134,75,0.8446187895785066,19,94
BV08TR_0134,76,0.842277143401534,18,94
BV08TR_0134,77,0.8397851580067552,17,94
BV08TR_0134,78,0.8373496079985862,16,94
BV08TR_0134,79,0.8349043681700092,15,94
BV08TR_0134,80,0.8325821267877814,14,94
BV08TR_0134,81,0.8303003001718579,13,94
BV08TR_0134,82,0.8279416481805215,12,94
BV08TR_0134,83,0.8256028276396705,11,94
BV08TR_0134,84,0.8232678763992064,10,94
BV08TR_0134,85,0.8209069664679646,9,94
BV08TR_0134,86,0.8185305029099882,8,94
BV08TR_0134,87,0.8162760477299822,7,94
BV08TR_0134,88,0.8136957310797202,6,94
BV08TR_0134,89,0.8112588338086106,5,94
BV08TR_0134,90,0.8088039165806521,4,94
BV08TR_0134,91,0.8063749211168676,3,94
BV08TR_0134,92,0.8040727734039718,2,94
BV08TR_0134,93,0.801691867531569,1,94
BV08TR_0134,94,0.7993470050160392,0,94
BV08TR_0135,0,1.0258126258579499,68,68
BV08TR_0135,1,1.0224465236237392,67,68
BV08TR_0135,2,1.019224470454184,66,68
BV08TR_0135,3,1.0158982699002124,65,68
BV08TR_0135,4,1.012542659892921,64,68
BV08TR_0135,5,1.0092111135422852,63,68
BV08TR_0135,6,1.0059214609115388,62,68
BV08TR_0135,7,1.0023577178236351,61,68
BV08TR_0135,8,0.9988670149338784,60,68
BV08TR_0135,9,0.995456543673324,59,68
BV08TR_0135,10,0.9920955908931228,58,68
BV08TR_0135,11,0.9887148281947072,57,68
BV08TR_0135,12,0.9853595000261925,56,68
BV08TR_0135,13,0.9818980036623485,55,68
BV08TR_0135,14,0.9786033438171684,54,68
BV08TR_0135,15,0.9750976893590452,53,68
BV08TR_0135,16,0.9716933500122766,52,68
BV08TR_0135,17,0.9683623983221384,51,68
BV08TR_0135,18,0.9648049836541384,50,68
BV08TR_0135,19,0.9613808752622124,49,68
BV08TR_0135,20,0.957896314490194,48,68
BV08TR_0135,21,0.9544217554106108,47,68
BV08TR_0135,22,0.9510599400545368,46,68
BV08TR_0135,23,0.947564596745676,45,68
BV08TR_0135,24,0.9442103327754902,44,68
BV08TR_0135,25,0.9407628989975806,43,68
BV08TR_0135,26,0.9372096690813404,42,68
BV08TR_0135,27,0.9338561949287778,41,68
BV08TR_0135,28,0.9302180603350012,40,68
BV08TR_0135,29,0.9268957628156586,39,68
BV08TR_0135,30,0.9234563709305718,38,68
BV08TR_0135,31,0.9200319655299692,37,68
BV08TR_0135,32,0.9166856588211928,36,68
BV08TR_0135,33,0.9132728884624242,35,68
BV08TR_0135,34,0.9101204817642228,34,68
BV08TR_0135,35,0.9066922219323184,33,68
BV08TR_0135,36,0.9033060916589908,32,68
BV08TR_0135,37,0.8999138184766596,31,68
BV08TR_0135,38,0.8965981772990111,30,68
BV08TR_0135,39,0.8932623343723528,29,68
BV08TR_0135,40,0.8899204609161366,28,68
BV08TR_0135,41,0.8864885580178208,27,68
BV08TR_0135,42,0.8831079373260875,26,68
BV08TR_0135,43,0.8797758732656018,25,68
BV08TR_0135,44,0.876402458524899,24,68
BV08TR_0135,45,0.8731058523428756,23,68
BV08TR_0135,46,0.8699778551521511,22,68
BV08TR_0135,47,0.8666476790366902,21,68
BV08TR_0135,48,0.8634052267505249,20,68
BV08TR_0135,49,0.8601276250758445,19,68
BV08TR_0135,50,0.8570070058586982,18,68
BV08TR_0135,51,0.8537780072873782,17,68
BV08TR_0135,52,0.8506504725439498,16,68
BV08TR_0135,53,0.8473999094927448,15,68
BV08TR_0135,54,0.8439807084848066,14,68
BV08TR_0135,55,0.8406555656145122,13,68
BV08TR_0135,56,0.8374212853558516,12,68
BV08TR_0135,57,0.8340440117669572,11,68
BV08TR_0135,58,0.8308221912531639,10,68
BV08TR_0135,59,0.827443209348787,9,68
BV08TR_0135,60,0.8242011093975528,8,68
BV08TR_0135,61,0.820861590024699,7,68
BV08TR_0135,62,0.8174463050618842,6,68
BV08TR_0135,63,0.81420789376614,5,68
BV08TR_0135,64,0.8109615239646485,4,68
BV08TR_0135,65,0.8077475463127392,3,68
BV08TR_0135,66,0.8043680194562023,2,68
BV08TR_0135,67,0.8011416594973004,1,68
BV08TR_0135,68,0.797804218498619,0,68
BV08TR_0136,0,0.9698068322532435,68,68
BV08TR_0136,1,0.9675680087648914,67,68
BV08TR_0136,2,0.9653267464899824,66,68
BV08TR_0136,3,0.9630393120226952,65,68
BV08TR_0136,4,0.9607060042547324,64,68
BV08TR_0136,5,0.9584003931769312,63,68
BV08TR_0136,6,0.9562284293107072,62,68
BV08TR_0136,7,0.9539222423975848,61,68
BV08TR_0136,8,0.9516576303744092,60,68
BV08TR_0136,9,0.9493689432312784,59,68
BV08TR_0136,10,0.947100307964331,58,68
BV08TR_0136,11,0.9449193270729456,57,68
BV08TR_0136,12,0.9426884223657555,56,68
BV08TR_0136,13,0.94053644551163,55,68
BV08TR_0136,14,0.9382777256935166,54,68
BV08TR_0136,15,0.936038882301536,53,68
BV08TR_0136,16,0.9337020302094824,52,68
BV08TR_0136,17,0.9314716943925394,51,68
BV08TR_0136,18,0.929239027718272,50,68
BV08TR_0136,19,0.9270654237416818,49,68
BV08TR_0136,20,0.9247973408191934,48,68
BV08TR_0136,21,0.9224850465681612,47,68
BV08TR_0136,22,0.9201629406280164,46,68
BV08TR_0136,23,0.9179670763132972,45,68
BV08TR_0136,24,0.9157169544565332,44,68
BV08TR_0136,25,0.9134522764485086,43,68
BV08TR_0136,26,0.9111520227694496,42,68
BV08TR_0136,27,0.9089528239460362,41,68
BV08TR_0136,28,0.906633586321102,40,68
BV08TR_0136,29,0.90434660654568,39,68
BV08TR_0136,30,0.902066922552904,38,68
BV08TR_0136,31,0.8998814609743042,37,68
BV08TR_0136,32,0.8975205847722652,36,68
BV08TR_0136,33,0.8952136696073122,35,68
BV08TR_0136,34,0.89287447734928,34,68
BV08TR_0136,35,0.8905787140485752,33,68
BV08TR_0136,36,0.88820061192916,32,68
BV08TR_0136,37,0.8858050013772732,31,68
BV08TR_0136,38,0.8835104417202458,30,68
BV08TR_0136,39,0.8810558112108018,29,68
BV08TR_0136,40,0.8786960760003298,28,68
BV08TR_0136,41,0.8763616096893405,27,68
BV08TR_0136,42,0.8741392208181802,26,68
BV08TR_0136,43,0.8716311886295393,25,68
BV08TR_0136,44,0.8694083913444537,24,68
BV08TR_0136,45,0.8670957428035598,23,68
BV08TR_0136,46,0.8647909692070369,22,68
BV08TR_0136,47,0.8617743559706561,21,68
BV08TR_0136,48,0.8589111418777914,20,68
BV08TR_0136,49,0.8559206319817958,19,68
BV08TR_0136,50,0.8528888773010568,18,68
BV08TR_0136,51,0.850041466162385,17,68
BV08TR_0136,52,0.8469730235633876,16,68
BV08TR_0136,53,0.8438928739349164,15,68
BV08TR_0136,54,0.8409862275096343,14,68
BV08TR_0136,55,0.8380001133709465,13,68
BV08TR_0136,56,0.8350432214403049,12,68
BV08TR_0136,57,0.8321094488806065,11,68
BV08TR_0136,58,0.829104583814907,10,68
BV08TR_0136,59,0.8261003448303396,9,68
BV08TR_0136,60,0.8232727217308675,8,68
BV08TR_0136,61,0.8202737261598292,7,68
BV08TR_0136,62,0.8173527602385734,6,68
BV08TR_0136,63,0.8145055175916875,5,68
BV08TR_0136,64,0.8115917018170545,4,68
BV08TR_0136,65,0.8086412167699305,3,68
BV08TR_0136,66,0.8057446521166612,2,68
BV08TR_0136,67,0.8027799312093211,1,68
BV08TR_0136,68,0.7998152930418365,0,68
BV08TR_0137,0,0.954469773357068,47,47
BV08TR_0137,1,0.9512677533368665,46,47
BV08TR_0137,2,0.9478625416953412,45,47
BV08TR_0137,3,0.9444840585229332,44,47
BV08TR_0137,4,0.941062709710792,43,47
BV08TR_0137,5,0.9376988624565779,42,47
BV08TR_0137,6,0.9343562469000778,41,47
BV08TR_0137,7,0.9309682339503884,40,47
BV08TR_0137,8,0.9277394602459388,39,47
BV08TR_0137,9,0.924626720953666,38,47
BV08TR_0137,10,0.9211344273167068,37,47
BV08TR_0137,11,0.9177677526915285,36,47
BV08TR_0137,12,0.9142703114764875,35,47
BV08TR_0137,13,0.910825799350324,34,47
BV08TR_0137,14,0.907374201908892,33,47
BV08TR_0137,15,0.9039900296599872,32,47
BV08TR_0137,16,0.9006339476282904,31,47
BV08TR_0137,17,0.897357952261509,30,47
BV08TR_0137,18,0.8940175656257818,29,47
BV08TR_0137,19,0.8906519214148003,28,47
BV08TR_0137,20,0.8872860231152426,27,47
BV08TR_0137,21,0.8839915774519042,26,47
BV08TR_0137,22,0.8805526241590041,25,47
BV08TR_0137,23,0.8770425936546672,24,47
BV08TR_0137,24,0.873534050338656,23,47
BV08TR_0137,25,0.8702941354738164,22,47
BV08TR_0137,26,0.8668849554833893,21,47
BV08TR_0137,27,0.8634822428639441,20,47
BV08TR_0137,28,0.860128144739928,19,47
BV08TR_0137,29,0.856686975432086,18,47
BV08TR_0137,30,0.8533616056587118,17,47
BV08TR_0137,31,0.8501474591984235,16,47
BV08TR_0137,32,0.8468684560112256,15,47
BV08TR_0137,33,0.8435000193554496,14,47
BV08TR_0137,34,0.8402359655161453,13,47
BV08TR_0137,35,0.8369735597782582,12,47
BV08TR_0137,36,0.8337177605298186,11,47
BV08TR_0137,37,0.8306166272008133,10,47
BV08TR_0137,38,0.8273623578446735,9,47
BV08TR_0137,39,0.8241092686141474,8,47
BV08TR_0137,40,0.8208026991315739,7,47
BV08TR_0137,41,0.8174900429970255,6,47
BV08TR_0137,42,0.8142400690733157,5,47
BV08TR_0137,43,0.8111212061042155,4,47
BV08TR_0137,44,0.8078282947856508,3,47
BV08TR_0137,45,0.8045602042288571,2,47
BV08TR_0137,46,0.8014088311698554,1,47
BV08TR_0137,47,0.7982016814089621,0,47
BV08TR_0138,0,1.010092493412962,75,75
BV08TR_0138,1,1.007414715619964,74,75
BV08TR_0138,2,1.0046865137952494,73,75
BV08TR_0138,3,1.001962715346571,72,75
BV08TR_0138,4,0.9993748640559886,71,75
BV08TR_0138,5,0.9966576937241646,70,75
BV08TR_0138,6,0.9940119505333792,69,75
BV08TR_0138,7,0.9913525557130408,68,75
BV08TR_0138,8,0.9887233628833485,67,75
BV08TR_0138,9,0.9860423137184888,66,75
BV08TR_0138,10,0.983380692859322,65,75
BV08TR_0138,11,0.9806278416285115,64,75
BV08TR_0138,12,0.9779189671158124,63,75
BV08TR_0138,13,0.9751800286013512,62,75
BV08TR_0138,14,0.9725277926629424,61,75
BV08TR_0138,15,0.9699807636599524,60,75
BV08TR_0138,16,0.9672722677292465,59,75
BV08TR_0138,17,0.9646168812104152,58,75
BV08TR_0138,18,0.9620787263715952,57,75
BV08TR_0138,19,0.9593443296557698,56,75
BV08TR_0138,20,0.956719615422286,55,75
BV08TR_0138,21,0.954221311039124,54,75
BV08TR_0138,22,0.951563995561858,53,75
BV08TR_0138,23,0.9489708235811694,52,75
BV08TR_0138,24,0.9463122288423296,51,75
BV08TR_0138,25,0.9436379114221344,50,75
BV08TR_0138,26,0.941034231079824,49,75
BV08TR_0138,27,0.9383463717186185,48,75
BV08TR_0138,28,0.9357803786034518,47,75
BV08TR_0138,29,0.933192999881336,46,75
BV08TR_0138,30,0.930593880913966,45,75
BV08TR_0138,31,0.927975142562242,44,75
BV08TR_0138,32,0.9253394095222865,43,75
BV08TR_0138,33,0.922793889176456,42,75
BV08TR_0138,34,0.9200525141838543,41,75
BV08TR_0138,35,0.917486535930164,40,75
BV08TR_0138,36,0.9148422575415626,39,75
BV08TR_0138,37,0.9122338854907068,38,75
BV08TR_0138,38,0.9095615032066285,37,75
BV08TR_0138,39,0.9068786198247785,36,75
BV08TR_0138,40,0.9042391600873324,35,75
BV08TR_0138,41,0.9014559971224843,34,75
BV08TR_0138,42,0.8987260500317402,33,75
BV08TR_0138,43,0.896031895010539,32,75
BV08TR_0138,44,0.8933684115112595,31,75
BV08TR_0138,45,0.8906754279296314,30,75
BV08TR_0138,46,0.8880454831936384,29,75
BV08TR_0138,47,0.8854035150948492,28,75
BV08TR_0138,48,0.8826649546884252,27,75
BV08TR_0138,49,0.8799369728317453,26,75
BV08TR_0138,50,0.8772857758647704,25,75
BV08TR_0138,51,0.8744148832026133,24,75
BV08TR_0138,52,0.871678141922432,23,75
BV08TR_0138,53,0.8688530564852122,22,75
BV08TR_0138,54,0.86610320072801,21,75
BV08TR_0138,55,0.8634633155469402,20,75
BV08TR_0138,56,0.8607672895875751,19,75
BV08TR_0138,57,0.8579460087011455,18,75
BV08TR_0138,58,0.8552276726545796,17,75
BV08TR_0138,59,0.8524570505689683,16,75
BV08TR_0138,60,0.8498135209191954,15,75
BV08TR_0138,61,0.8469484806322495,14,75
BV08TR_0138,62,0.8443015733755177,13,75
BV08TR_0138,63,0.8413575750535988,12,75
BV08TR_0138,64,0.8385307726919627,11,75
BV08TR_0138,65,0.8356918618626518,10,75
BV08TR_0138,66,0.8328780925475885,9,75
BV08TR_0138,67,0.8287627619648265,8,75
BV08TR_0138,68,0.824750503945972,7,75
BV08TR_0138,69,0.8207489411746915,6,75
BV08TR_0138,70,0.8167246013876975,5,75
BV08TR_0138,71,0.8126619781960182,4,75
BV08TR_0138,72,0.8085182374194503,3,75
BV08TR_0138,73,0.8044637108840781,2,75
BV08TR_0138,74,0.8006639943229451,1,75
BV08TR_0138,75,0.7966857396462854,0,75
BV08TR_0139,0,0.952376732645089,76,76
BV08TR_0139,1,0.95025211186416,75,76
BV08TR_0139,2,0.948070501850245,74,76
BV08TR_0139,3,0.9459735466621676,73,76
BV08TR_0139,4,0.9439310825880518,72,76
BV08TR_0139,5,0.9418227104418414,71,76
BV08TR_0139,6,0.939718348649778,70,76
BV08TR_0139,7,0.9376776385939766,69,76
BV08TR_0139,8,0.9355766271325552,68,76
BV08TR_0139,9,0.9335629430749142,67,76
BV08TR_0139,10,0.9316157089243474,66,76
BV08TR_0139,11,0.9295152848816536,65,76
BV08TR_0139,12,0.9275238990083325,64,76
BV08TR_0139,13,0.925370143852925,63,76
BV08TR_0139,14,0.9232199193982268,62,76
BV08TR_0139,15,0.9212223394994128,61,76
BV08TR_0139,16,0.9192692178434494,60,76
BV08TR_0139,17,0.9172602942021882,59,76
BV08TR_0139,18,0.915101824303435,58,76
BV08TR_0139,19,0.9131102733989924,57,76
BV08TR_0139,20,0.911067030217152,56,76
BV08TR_0139,21,0.9090233466738102,55,76
BV08TR_0139,22,0.906981560636889,54,76
BV08TR_0139,23,0.9049746299945198,53,76
BV08TR_0139,24,0.9030117923394257,52,76
BV08TR_0139,25,0.9010205014977242,51,76
BV08TR_0139,26,0.8989465561024975,50,76
BV08TR_0139,27,0.8968992220810246,49,76
BV08TR_0139,28,0.8949580657061875,48,76
BV08TR_0139,29,0.8929857897409488,47,76
BV08TR_0139,30,0.8910233643664689,46,76
BV08TR_0139,31,0.8889958446235081,45,76
BV08TR_0139,32,0.887090667213484,44,76
BV08TR_0139,33,0.8850821853602754,43,76
BV08TR_0139,34,0.8831109988171868,42,76
BV08TR_0139,35,0.8812021712924308,41,76
BV08TR_0139,36,0.8792884185705032,40,76
BV08TR_0139,37,0.8773097931621762,39,76
BV08TR_0139,38,0.8753390920393825,38,76
BV08TR_0139,39,0.8733231813615808,37,76
BV08TR_0139,40,0.8712703767644048,36,76
BV08TR_0139,41,0.8692499819081925,35,76
BV08TR_0139,42,0.8673436629424341,34,76
BV08TR_0139,43,0.8653575166119806,33,76
BV08TR_0139,44,0.8634187013369219,32,76
BV08TR_0139,45,0.8614303427427721,31,76
BV08TR_0139,46,0.8594914949749065,30,76
BV08TR_0139,47,0.8575286992804366,29,76
BV08TR_0139,48,0.8555263170172746,28,76
BV08TR_0139,49,0.8535060853185168,27,76
BV08TR_0139,50,0.8514754522013532,26,76
BV08TR_0139,51,0.8495214250153283,25,76
BV08TR_0139,52,0.8474610146223678,24,76
BV08TR_0139,53,0.8454610147838333,23,76
BV08TR_0139,54,0.843382559187535,22,76
BV08TR_0139,55,0.8413176458252531,21,76
BV08TR_0139,56,0.8392491680446743,20,76
BV08TR_0139,57,0.837174399740101,19,76
BV08TR_0139,58,0.8351121332616562,18,76
BV08TR_0139,59,0.8329705698396352,17,76
BV08TR_0139,60,0.8309818672241138,16,76
BV08TR_0139,61,0.8289031923966456,15,76
BV08TR_0139,62,0.8269868310892483,14,76
BV08TR_0139,63,0.8249031872961924,13,76
BV08TR_0139,64,0.8228864643893623,12,76
BV08TR_0139,65,0.8209001208686953,11,76
BV08TR_0139,66,0.8189752301655812,10,76
BV08TR_0139,67,0.8170724582986403,9,76
BV08TR_0139,68,0.8149757592688573,8,76
BV08TR_0139,69,0.8129098042542101,7,76
BV08TR_0139,70,0.8109054784870423,6,76
BV08TR_0139,71,0.8088398509068846,5,76
BV08TR_0139,72,0.8066661128342363,4,76
BV08TR_0139,73,0.8044874002219219,3,76
BV08TR_0139,74,0.802447246212158,2,76
BV08TR_0139,75,0.80041019230589,1,76
BV08TR_0139,76,0.798371787608623,0,76
BV08TR_0140,0,0.955418550063364,74,74
BV08TR_0140,1,0.953548515899852,73,74
BV08TR_0140,2,0.9516307341142914,72,74
BV08TR_0140,3,0.949702076611477,71,74
BV08TR_0140,4,0.9476353527735648,70,74
BV08TR_0140,5,0.94575298985233,69,74
BV08TR_0140,6,0.9438850852914138,68,74
BV08TR_0140,7,0.9419909177419814,67,74
BV08TR_0140,8,0.9399620355837623,66,74
BV08TR_0140,9,0.9379526367220192,65,74
BV08TR_0140,10,0.93603299082216,64,74
BV08TR_0140,11,0.9340280431605226,63,74
BV08TR_0140,12,0.9320594705186666,62,74
BV08TR_0140,13,0.9301001628237735,61,74
BV08TR_0140,14,0.9280638508547046,60,74
BV08TR_0140,15,0.9261301642928405,59,74
BV08TR_0140,16,0.9241223205677244,58,74
BV08TR_0140,17,0.9220970994863925,57,74
BV08TR_0140,18,0.920109005710774,56,74
BV08TR_0140,19,0.9181274641179652,55,74
BV08TR_0140,20,0.91616446436813,54,74
BV08TR_0140,21,0.9142179321868418,53,74
BV08TR_0140,22,0.912161070622346,52,74
BV08TR_0140,23,0.9101550112614252,51,74
BV08TR_0140,24,0.9082384911089884,50,74
BV08TR_0140,25,0.9062060038269412,49,74
BV08TR_0140,26,0.904208286606136,48,74
BV08TR_0140,27,0.9022555647864802,47,74
BV08TR_0140,28,0.9003125905406867,46,74
BV08TR_0140,29,0.8982989252701723,45,74
BV08TR_0140,30,0.8963256133688079,44,74
BV08TR_0140,31,0.894366774015856,43,74
BV08TR_0140,32,0.8923926979429642,42,74
BV08TR_0140,33,0.8904512734426532,41,74
BV08TR_0140,34,0.8884809298822731,40,74
BV08TR_0140,35,0.8864583624396746,39,74
BV08TR_0140,36,0.8845253304774076,38,74
BV08TR_0140,37,0.8826258419696424,37,74
BV08TR_0140,38,0.88067702084063,36,74
BV08TR_0140,39,0.8787414885446546,35,74
BV08TR_0140,40,0.8767724006014831,34,74
BV08TR_0140,41,0.8748388240388588,33,74
BV08TR_0140,42,0.8729084355042875,32,74
BV08TR_0140,43,0.8709814837466217,31,74
BV08TR_0140,44,0.8690007403307534,30,74
BV08TR_0140,45,0.8670872763087139,29,74
BV08TR_0140,46,0.8652681105415697,28,74
BV08TR_0140,47,0.8634010435316855,27,74
BV08TR_0140,48,0.861483267195516,26,74
BV08TR_0140,49,0.8596099017538311,25,74
BV08TR_0140,50,0.8577320531040855,24,74
BV08TR_0140,51,0.8558787489773927,23,74
BV08TR_0140,52,0.8540240618308362,22,74
BV08TR_0140,53,0.8521221777212684,21,74
BV08TR_0140,54,0.8502189006022207,20,74
BV08TR_0140,55,0.8483216940519985,19,74
BV08TR_0140,56,0.8463725720219165,18,74
BV08TR_0140,57,0.8444675089746111,17,74
BV08TR_0140,58,0.8426092822692719,16,74
BV08TR_0140,59,0.8398030770189302,15,74
BV08TR_0140,60,0.8370554510793673,14,74
BV08TR_0140,61,0.8341592731560075,13,74
BV08TR_0140,62,0.831352890060843,12,74
BV08TR_0140,63,0.8285666374901924,11,74
BV08TR_0140,64,0.8258884995826093,10,74
BV08TR_0140,65,0.8230241424294802,9,74
BV08TR_0140,66,0.8201432374054834,8,74
BV08TR_0140,67,0.8173224370063324,7,74
BV08TR_0140,68,0.8145220120344646,6,74
BV08TR_0140,69,0.8116820567111934,5,74
BV08TR_0140,70,0.8086821317725088,4,74
BV08TR_0140,71,0.8057573732466204,3,74
BV08TR_0140,72,0.802900570458107,2,74
BV08TR_0140,73,0.8000274599921026,1,74
BV08TR_0140,74,0.79709484621886,0,74
BV08TR_0141,0,1.0448083873945946,112,112
BV08TR_0141,1,1.0428457649688783,111,112
BV08TR_0141,2,1.0408433188479775,110,112
BV08TR_0141,3,1.03886961097064,109,112
BV08TR_0141,4,1.036887965405538,108,112
BV08TR_0141,5,1.034981021224758,107,112
BV08TR_0141,6,1.0328840269749768,106,112
BV08TR_0141,7,1.030935067948536,105,112
BV08TR_0141,8,1.0288967543245688,104,112
BV08TR_0141,9,1.0269329757803742,103,112
BV08TR_0141,10,1.0250124615863165,102,112
BV08TR_0141,11,1.0229972561377827,101,112
BV08TR_0141,12,1.0209199849682276,100,112
BV08TR_0141,13,1.0188380746530472,99,112
BV08TR_0141,14,1.0169579155537185,98,112
BV08TR_0141,15,1.0149113398315992,97,112
BV08TR_0141,16,1.0129020101636288,96,112
BV08TR_0141,17,1.01094519327956,95,112
BV08TR_0141,18,1.0090009248434322,94,112
BV08TR_0141,19,1.0070510359918188,93,112
BV08TR_0141,20,1.0050629422128092,92,112
BV08TR_0141,21,1.0030936812631965,91,112
BV08TR_0141,22,1.001145992009656,90,112
BV08TR_0141,23,0.9991535351887184,89,112
BV08TR_0141,24,0.9973027335316546,88,112
BV08TR_0141,25,0.9953122712882863,87,112
BV08TR_0141,26,0.993404388164434,86,112
BV08TR_0141,27,0.9915061529990492,85,112
BV08TR_0141,28,0.989633840436268,84,112
BV08TR_0141,29,0.987675804098314,83,112
BV08TR_0141,30,0.9857717697477132,82,112
BV08TR_0141,31,0.9838358955092306,81,112
BV08TR_0141,32,0.9819185514295776,80,112
BV08TR_0141,33,0.980013794404482,79,112
BV08TR_0141,34,0.97813818497079,78,112
BV08TR_0141,35,0.9762675842900982,77,112
BV08TR_0141,36,0.9744180846224448,76,112
BV08TR_0141,37,0.9725120158122292,75,112
BV08TR_0141,38,0.97065070245955,74,112
BV08TR_0141,39,0.9688169250441364,73,112
BV08TR_0141,40,0.9668929730503284,72,112
BV08TR_0141,41,0.96505469692941,71,112
BV08TR_0141,42,0.963118574548168,70,112
BV08TR_0141,43,0.961174955752621,69,112
BV08TR_0141,44,0.9592760285689232,68,112
BV08TR_0141,45,0.9573589465785642,67,112
BV08TR_0141,46,0.9553708024064052,66,112
BV08TR_0141,47,0.9534112427728688,65,112
BV08TR_0141,48,0.9515803430375375,64,112
BV08TR_0141,49,0.9497466522055346,63,112
BV08TR_0141,50,0.9477684101766264,62,112
BV08TR_0141,51,0.945817578106622,61,112
BV08TR_0141,52,0.9438188974635918,60,112
BV08TR_0141,53,0.9418796981175972,59,112
BV08TR_0141,54,0.9399861253801834,58,112
BV08TR_0141,55,0.9380525905966018,57,112
BV08TR_0141,56,0.9361420098232734,56,112
BV08TR_0141,57,0.9340959362088508,55,112
BV08TR_0141,58,0.932207098727038,54,112
BV08TR_0141,59,0.930315014591322,53,112
BV08TR_0141,60,0.9282985620471282,52,112
BV08TR_0141,61,0.9263669383643932,51,112
BV08TR_0141,62,0.92425464491676,50,112
BV08TR_0141,63,0.922305446238791,49,112
BV08TR_0141,64,0.920380706112677,48,112
BV08TR_0141,65,0.9183883971169,47,112
BV08TR_0141,66,0.916321129049865,46,112
BV08TR_0141,67,0.9143238435277785,45,112
BV08TR_0141,68,0.9123667605055706,44,112
BV08TR_0141,69,0.9104161456711594,43,112
BV08TR_0141,70,0.9083914268125644,42,112
BV08TR_0141,71,0.90639379004688,41,112
BV08TR_0141,72,0.904416637762074,40,112
BV08TR_0141,73,0.9024332041502752,39,112
BV08TR_0141,74,0.900444906817691,38,112
BV08TR_0141,75,0.8984669450668167,37,112
BV08TR_0141,76,0.8964828248342313,36,112
BV08TR_0141,77,0.8943896308071896,35,112
BV08TR_0141,78,0.8925007407397672,34,112
BV08TR_0141,79,0.8905379344265233,33,112
BV08TR_0141,80,0.8884996946724728,32,112
BV08TR_0141,81,0.8865119631267041,31,112
BV08TR_0141,82,0.8844188913373336,30,112
BV08TR_0141,83,0.8823972614317821,29,112
BV08TR_0141,84,0.8793109800399423,28,112
BV08TR_0141,85,0.8763609789799841,27,112
BV08TR_0141,86,0.8733957336044192,26,112
BV08TR_0141,87,0.8705183931856602,25,112
BV08TR_0141,88,0.8675517944640181,24,112
BV08TR_0141,89,0.8645380190956682,23,112
BV08TR_0141,90,0.8616531255793038,22,112
BV08TR_0141,91,0.858629688004281,21,112
BV08TR_0141,92,0.8557006993286252,20,112
BV08TR_0141,93,0.8528441725255052,19,112
BV08TR_0141,94,0.8498944403287176,18,112
BV08TR_0141,95,0.8470153487665758,17,112
BV08TR_0141,96,0.8441903418579063,16,112
BV08TR_0141,97,0.8412952924971164,15,112
BV08TR_0141,98,0.8384110184812754,14,112
BV08TR_0141,99,0.8356153419894299,13,112
BV08TR_0141,100,0.8326984546708225,12,112
BV08TR_0141,101,0.8299162033928678,11,112
BV08TR_0141,102,0.8269882382670481,10,112
BV08TR_0141,103,0.8241315355038012,9,112
BV08TR_0141,104,0.821326361487794,8,112
BV08TR_0141,105,0.8185558774902528,7,112
BV08TR_0141,106,0.8156948682825831,6,112
BV08TR_0141,107,0.8129390499065282,5,112
BV08TR_0141,108,0.8100119326025152,4,112
BV08TR_0141,109,0.8072365525651042,3,112
BV08TR_0141,110,0.8044084308373116,2,112
BV08TR_0141,111,0.801457305530928,1,112
BV08TR_0141,112,0.798697156525752,0,112
BV08TR_0142,0,1.0176289910337661,78,78
BV08TR_0142,1,1.014980615997384,77,78
BV08TR_0142,2,1.0122076417664405,76,78
BV08TR_0142,3,1.0095657397802082,75,78
BV08TR_0142,4,1.006786241540807,74,78
BV08TR_0142,5,1.0041215586172059,73,78
BV08TR_0142,6,1.001288049725753,72,78
BV08TR_0142,7,0.9985035767747455,71,78
BV08TR_0142,8,0.995739654647,70,78
BV08TR_0142,9,0.9930663835257816,69,78
BV08TR_0142,10,0.9904172901820366,68,78
BV08TR_0142,11,0.9877014800879282,67,78
BV08TR_0142,12,0.9848441281747166,66,78
BV08TR_0142,13,0.982078591641662,65,78
BV08TR_0142,14,0.9793160076990934,64,78
BV08TR_0142,15,0.9765519315456628,63,78
BV08TR_0142,16,0.9737353183522965,62,78
BV08TR_0142,17,0.9708254012361862,61,78
BV08TR_0142,18,0.9680055178544528,60,78
BV08TR_0142,19,0.9651550654581282,59,78
BV08TR_0142,20,0.9623777635304882,58,78
BV08TR_0142,21,0.959543755061272,57,78
BV08TR_0142,22,0.9567476129795442,56,78
BV08TR_0142,23,0.9539482597429516,55,78
BV08TR_0142,24,0.9511087661362339,54,78
BV08TR_0142,25,0.9482406291633112,53,78
BV08TR_0142,26,0.9454655737766,52,78
BV08TR_0142,27,0.9426360118938576,51,78
BV08TR_0142,28,0.9397025738393215,50,78
BV08TR_0142,29,0.936879287909593,49,78
BV08TR_0142,30,0.934095907370066,48,78
BV08TR_0142,31,0.9312669630619668,47,78
BV08TR_0142,32,0.9285785766627458,46,78
BV08TR_0142,33,0.925766139329374,45,78
BV08TR_0142,34,0.9228446825297424,44,78
BV08TR_0142,35,0.9200384084095552,43,78
BV08TR_0142,36,0.9171435866711866,42,78
BV08TR_0142,37,0.914150202705275,41,78
BV08TR_0142,38,0.9112819034292367,40,78
BV08TR_0142,39,0.908494068474296,39,78
BV08TR_0142,40,0.905566139369196,38,78
BV08TR_0142,41,0.9026800568971315,37,78
BV08TR_0142,42,0.8999144846184184,36,78
BV08TR_0142,43,0.8970511775141574,35,78
BV08TR_0142,44,0.8941982797124934,34,78
BV08TR_0142,45,0.8913450374136253,33,78
BV08TR_0142,46,0.888535675081439,32,78
BV08TR_0142,47,0.8857413880186452,31,78
BV08TR_0142,48,0.8828832154267525,30,78
BV08TR_0142,49,0.8800008819605005,29,78
BV08TR_0142,50,0.8771543609076903,28,78
BV08TR_0142,51,0.8743634263865465,27,78
BV08TR_0142,52,0.8716450968798775,26,78
BV08TR_0142,53,0.8688209190138632,25,78
BV08TR_0142,54,0.8659699528961594,24,78
BV08TR_0142,55,0.8631550978841991,23,78
BV08TR_0142,56,0.8604286099040268,22,78
BV08TR_0142,57,0.8576317228112994,21,78
BV08TR_0142,58,0.854886925379633,20,78
BV08TR_0142,59,0.8521102262415912,19,78
BV08TR_0142,60,0.8493897633878073,18,78
BV08TR_0142,61,0.8464791071937166,17,78
BV08TR_0142,62,0.8437126977090046,16,78
BV08TR_0142,63,0.8408769556960517,15,78
BV08TR_0142,64,0.8381624901028971,14,78
BV08TR_0142,65,0.8354441881556489,13,78
BV08TR_0142,66,0.8328263346277885,12,78
BV08TR_0142,67,0.8299598156771746,11,78
BV08TR_0142,68,0.8272019647532874,10,78
BV08TR_0142,69,0.8245097196695189,9,78
BV08TR_0142,70,0.8218277732154863,8,78
BV08TR_0142,71,0.8190034186013913,7,78
BV08TR_0142,72,0.8162946803827342,6,78
BV08TR_0142,73,0.8135231120645443,5,78
BV08TR_0142,74,0.8107506365830414,4,78
BV08TR_0142,75,0.8079336572613603,3,78
BV08TR_0142,76,0.8052753961942204,2,78
BV08TR_0142,77,0.8024687301623686,1,78
BV08TR_0142,78,0.7997639085016034,0,78
BV08TR_0143,0,0.9733231818082432,62,62
BV08TR_0143,1,0.970465606061028,61,62
BV08TR_0143,2,0.9675873714510134,60,62
BV08TR_0143,3,0.9647293829529335,59,62
BV08TR_0143,4,0.961755671545928,58,62
BV08TR_0143,5,0.9589580047895584,57,62
BV08TR_0143,6,0.9558669442680332,56,62
BV08TR_0143,7,0.9528099101612706,55,62
BV08TR_0143,8,0.94985533667913,54,62
BV08TR_0143,9,0.9469244685092773,53,62
BV08TR_0143,10,0.9438604601116014,52,62
BV08TR_0143,11,0.9409920698733026,51,62
BV08TR_0143,12,0.9380126823354727,50,62
BV08TR_0143,13,0.9350572171566924,49,62
BV08TR_0143,14,0.9322377229055275,48,62
BV08TR_0143,15,0.9293795681842664,47,62
BV08TR_0143,16,0.9263997323109154,46,62
BV08TR_0143,17,0.9236412954615923,45,62
BV08TR_0143,18,0.9206934502023159,44,62
BV08TR_0143,19,0.9179026955340172,43,62
BV08TR_0143,20,0.9149961629793621,42,62
BV08TR_0143,21,0.9120805455714288,41,62
BV08TR_0143,22,0.9092642806854178,40,62
BV08TR_0143,23,0.9063939573264413,39,62
BV08TR_0143,24,0.903505960539674,38,62
BV08TR_0143,25,0.9006394619413562,37,62
BV08TR_0143,26,0.8978818854615762,36,62
BV08TR_0143,27,0.8950854441916342,35,62
BV08TR_0143,28,0.8921659293362688,34,62
BV08TR_0143,29,0.8893455584746202,33,62
BV08TR_0143,30,0.886470765330391,32,62
BV08TR_0143,31,0.8835779331151749,31,62
BV08TR_0143,32,0.8807635432749172,30,62
BV08TR_0143,33,0.8779119702976601,29,62
BV08TR_0143,34,0.8750314997285311,28,62
BV08TR_0143,35,0.8722926793273309,27,62
BV08TR_0143,36,0.869535937850903,26,62
BV08TR_0143,37,0.8669632860854404,25,62
BV08TR_0143,38,0.8642574226137587,24,62
BV08TR_0143,39,0.8616266171138816,23,62
BV08TR_0143,40,0.8589348370395825,22,62
BV08TR_0143,41,0.8562826529473321,21,62
BV08TR_0143,42,0.8536014498332881,20,62
BV08TR_0143,43,0.8509085124814144,19,62
BV08TR_0143,44,0.8481433397393185,18,62
BV08TR_0143,45,0.8453686019541853,17,62
BV08TR_0143,46,0.8426002126968922,16,62
BV08TR_0143,47,0.839798051263411,15,62
BV08TR_0143,48,0.837018903913207,14,62
BV08TR_0143,49,0.8342041983739895,13,62
BV08TR_0143,50,0.831442997092929,12,62
BV08TR_0143,51,0.8285888551322247,11,62
BV08TR_0143,52,0.8257920311163404,10,62
BV08TR_0143,53,0.8230347347662456,9,62
BV08TR_0143,54,0.8203289518441369,8,62
BV08TR_0143,55,0.8175451099358008,7,62
BV08TR_0143,56,0.8146742326545559,6,62
BV08TR_0143,57,0.811833856851675,5,62
BV08TR_0143,58,0.80897665120618,4,62
BV08TR_0143,59,0.8060936763490775,3,62
BV08TR_0143,60,0.8032612340588036,2,62
BV08TR_0143,61,0.8003961656245143,1,62
BV08TR_0143,62,0.7975261771967666,0,62
BV08TR_0144,0,0.9714235245914506,84,84
BV08TR_0144,1,0.9693230325131124,83,84
BV08TR_0144,2,0.9673890452549392,82,84
BV08TR_0144,3,0.9653801222627115,81,84
BV08TR_0144,4,0.9634166347436044,80,84
BV08TR_0144,5,0.9613488372480022,79,84
BV08TR_0144,6,0.9593169073621312,78,84
BV08TR_0144,7,0.9574032165053152,77,84
BV08TR_0144,8,0.9554028148401038,76,84
BV08TR_0144,9,0.9533983879090202,75,84
BV08TR_0144,10,0.9513669121411308,74,84
BV08TR_0144,11,0.9493542164391828,73,84
BV08TR_0144,12,0.947324263381224,72,84
BV08TR_0144,13,0.9452365535979335,71,84
BV08TR_0144,14,0.9431143381938608,70,84
BV08TR_0144,15,0.9410302817590072,69,84
BV08TR_0144,16,0.938991886815638,68,84
BV08TR_0144,17,0.9369295820139646,67,84
BV08TR_0144,18,0.934854315235086,66,84
BV08TR_0144,19,0.932798900099974,65,84
BV08TR_0144,20,0.9307740502351678,64,84
BV08TR_0144,21,0.9287786496132526,63,84
BV08TR_0144,22,0.9267332488429872,62,84
BV08TR_0144,23,0.9246111045262998,61,84
BV08TR_0144,24,0.9224584605005618,60,84
BV08TR_0144,25,0.9203709882096168,59,84
BV08TR_0144,26,0.9183442130584664,58,84
BV08TR_0144,27,0.9162342247407852,57,84
BV08TR_0144,28,0.914171018961436,56,84
BV08TR_0144,29,0.912051152903643,55,84
BV08TR_0144,30,0.9099408284207032,54,84
BV08TR_0144,31,0.9078812742664342,53,84
BV08TR_0144,32,0.905767289242488,52,84
BV08TR_0144,33,0.9037040163896908,51,84
BV08TR_0144,34,0.9015862768182195,50,84
BV08TR_0144,35,0.8994761148127128,49,84
BV08TR_0144,36,0.8973400992182857,48,84
BV08TR_0144,37,0.8951457876078422,47,84
BV08TR_0144,38,0.8930853694260394,46,84
BV08TR_0144,39,0.8908767608915575,45,84
BV08TR_0144,40,0.8887921725682418,44,84
BV08TR_0144,41,0.886710836800144,43,84
BV08TR_0144,42,0.8846501888836404,42,84
BV08TR_0144,43,0.8826469091040628,41,84
BV08TR_0144,44,0.8805163608316998,40,84
BV08TR_0144,45,0.8785263836809274,39,84
BV08TR_0144,46,0.8764814726721194,38,84
BV08TR_0144,47,0.8745284917216885,37,84
BV08TR_0144,48,0.8724111441457097,36,84
BV08TR_0144,49,0.870306738417859,35,84
BV08TR_0144,50,0.8683116896774338,34,84
BV08TR_0144,51,0.8662405134680387,33,84
BV08TR_0144,52,0.8642264057517572,32,84
BV08TR_0144,53,0.8621457453024978,31,84
BV08TR_0144,54,0.8602085280368154,30,84
BV08TR_0144,55,0.858097213147321,29,84
BV08TR_0144,56,0.8560513228774534,28,84
BV08TR_0144,57,0.8540386395689556,27,84
BV08TR_0144,58,0.8519824335164184,26,84
BV08TR_0144,59,0.8499209512960334,25,84
BV08TR_0144,60,0.847911184868678,24,84
BV08TR_0144,61,0.8458700842903392,23,84
BV08TR_0144,62,0.8438346680445185,22,84
BV08TR_0144,63,0.8417802156661804,21,84
BV08TR_0144,64,0.8396653136757384,20,84
BV08TR_0144,65,0.8377025461913714,19,84
BV08TR_0144,66,0.8356243675371012,18,84
BV08TR_0144,67,0.8336479864271802,17,84
BV08TR_0144,68,0.8315644193071009,16,84
BV08TR_0144,69,0.8295882530775721,15,84
BV08TR_0144,70,0.827556243478441,14,84
BV08TR_0144,71,0.825534065000662,13,84
BV08TR_0144,72,0.823547080777228,12,84
BV08TR_0144,73,0.8215444972437905,11,84
BV08TR_0144,74,0.8195666289668379,10,84
BV08TR_0144,75,0.817491142525975,9,84
BV08TR_0144,76,0.8153903728597155,8,84
BV08TR_0144,77,0.8133958811525072,7,84
BV08TR_0144,78,0.811483318398124,6,84
BV08TR_0144,79,0.8095062769087005,5,84
BV08TR_0144,80,0.8075210164387797,4,84
BV08TR_0144,81,0.8054757943929328,3,84
BV08TR_0144,82,0.8033584678682594,2,84
BV08TR_0144,83,0.8012457898298704,1,84
BV08TR_0144,84,0.7991519403962702,0,84
BV08TR_0145,0,1.0402340962360799,74,74
BV08TR_0145,1,1.0368441096182879,73,74
BV08TR_0145,2,1.0334866365315516,72,74
BV08TR_0145,3,1.030168752219375,71,74
BV08TR_0145,4,1.0267438533646591,70,74
BV08TR_0145,5,1.0233793628886465,69,74
BV08TR_0145,6,1.020149969783426,68,74
BV08TR_0145,7,1.0168251068357732,67,74
BV08TR_0145,8,1.013489317858296,66,74
BV08TR_0145,9,1.010087014572146,65,74
BV08TR_0145,10,1.0067943093172067,64,74
BV08TR_0145,11,1.0035876909176304,63,74
BV08TR_0145,12,1.000211815365444,62,74
BV08TR_0145,13,0.9969479663682732,61,74
BV08TR_0145,14,0.9936777381221872,60,74
BV08TR_0145,15,0.9904184884645166,59,74
BV08TR_0145,16,0.9872008558407998,58,74
BV08TR_0145,17,0.984000517757125,57,74
BV08TR_0145,18,0.9807035571707016,56,74
BV08TR_0145,19,0.9775657370833098,55,74
BV08TR_0145,20,0.974355428561248,54,74
BV08TR_0145,21,0.9709452323016666,53,74
BV08TR_0145,22,0.9677464126401042,52,74
BV08TR_0145,23,0.9645766915066544,51,74
BV08TR_0145,24,0.9613621180146092,50,74
BV08TR_0145,25,0.9581857214421122,49,74
BV08TR_0145,26,0.9551070911862448,48,74
BV08TR_0145,27,0.9518086654825126,47,74
BV08TR_0145,28,0.9485650131089232,46,74
BV08TR_0145,29,0.94540418999714,45,74
BV08TR_0145,30,0.9421506596554712,44,74
BV08TR_0145,31,0.938749120037811,43,74
BV08TR_0145,32,0.9357612490081686,42,74
BV08TR_0145,33,0.9326705566500042,41,74
BV08TR_0145,34,0.9297347114599926,40,74
BV08TR_0145,35,0.9266699064772348,39,74
BV08TR_0145,36,0.923411949106216,38,74
BV08TR_0145,37,0.920278331245816,37,74
BV08TR_0145,38,0.917214292733526,36,74
BV08TR_0145,39,0.9140048659852678,35,74
BV08TR_0145,40,0.910742991091128,34,74
BV08TR_0145,41,0.9074749527426105,33,74
BV08TR_0145,42,0.9042738374258484,32,74
BV08TR_0145,43,0.9010908476559044,31,74
BV08TR_0145,44,0.8978371065065972,30,74
BV08TR_0145,45,0.8947960019241533,29,74
BV08TR_0145,46,0.8914956804490924,28,74
BV08TR_0145,47,0.888289398960796,27,74
BV08TR_0145,48,0.885024188869713,26,74
BV08TR_0145,49,0.8818837312727694,25,74
BV08TR_0145,50,0.878595540763478,24,74
BV08TR_0145,51,0.8752430627949785,23,74
BV08TR_0145,52,0.8720446170047831,22,74
BV08TR_0145,53,0.8687355441596916,21,74
BV08TR_0145,54,0.8654225977141768,20,74
BV08TR_0145,55,0.8620721068645949,19,74
BV08TR_0145,56,0.8588857504857309,18,74
BV08TR_0145,57,0.8555528834520856,17,74
BV08TR_0145,58,0.8522023170059618,16,74
BV08TR_0145,59,0.8487389872812235,15,74
BV08TR_0145,60,0.8454026209389984,14,74
BV08TR_0145,61,0.842127016047823,13,74
BV08TR_0145,62,0.8386795744245722,12,74
BV08TR_0145,63,0.8352715729616106,11,74
BV08TR_0145,64,0.8320198792378924,10,74
BV08TR_0145,65,0.8286353559541741,9,74
BV08TR_0145,66,0.8252290124539733,8,74
BV08TR_0145,67,0.8217898606236002,7,74
BV08TR_0145,68,0.818481020215394,6,74
BV08TR_0145,69,0.8153272011297721,5,74
BV08TR_0145,70,0.8121133647747456,4,74
BV08TR_0145,71,0.8087866356138445,3,74
BV08TR_0145,72,0.8053963017628624,2,74
BV08TR_0145,73,0.8021599574480184,1,74
BV08TR_0145,74,0.79884235816929,0,74
BV08TR_0146,0,0.9963309698010054,86,86
BV08TR_0146,1,0.9942137107207168,85,86
BV08TR_0146,2,0.991966066814778,84,86
BV08TR_0146,3,0.9896851384196322,83,86
BV08TR_0146,4,0.987447291209674,82,86
BV08TR_0146,5,0.9852071214375595,81,86
BV08TR_0146,6,0.9830036060300654,80,86
BV08TR_0146,7,0.9808172895949178,79,86
BV08TR_0146,8,0.9784588752710532,78,86
BV08TR_0146,9,0.9762611973692692,77,86
BV08TR_0146,10,0.9739946667581332,76,86
BV08TR_0146,11,0.9718509235691029,75,86
BV08TR_0146,12,0.969546942317784,74,86
BV08TR_0146,13,0.9671988285427358,73,86
BV08TR_0146,14,0.9648739980708576,72,86
BV08TR_0146,15,0.962571271130452,71,86
BV08TR_0146,16,0.960273683500596,70,86
BV08TR_0146,17,0.9580455204315076,69,86
BV08TR_0146,18,0.9556962535374386,68,86
BV08TR_0146,19,0.9533321956110735,67,86
BV08TR_0146,20,0.9511851996375043,66,86
BV08TR_0146,21,0.9489801080743158,65,86
BV08TR_0146,22,0.9467126270397982,64,86
BV08TR_0146,23,0.9443376028621558,63,86
BV08TR_0146,24,0.9421363285512226,62,86
BV08TR_0146,25,0.93977790041886,61,86
BV08TR_0146,26,0.9375335183777752,60,86
BV08TR_0146,27,0.9351847251981508,59,86
BV08TR_0146,28,0.9328234381155932,58,86
BV08TR_0146,29,0.9303415403745365,57,86
BV08TR_0146,30,0.9279946707569274,56,86
BV08TR_0146,31,0.9255357380289868,55,86
BV08TR_0146,32,0.9230108111409366,54,86
BV08TR_0146,33,0.9207456946344772,53,86
BV08TR_0146,34,0.918443685620813,52,86
BV08TR_0146,35,0.916041526759831,51,86
BV08TR_0146,36,0.9136350132761017,50,86
BV08TR_0146,37,0.9113036456092126,49,86
BV08TR_0146,38,0.9089930490549079,48,86
BV08TR_0146,39,0.9066951857247784,47,86
BV08TR_0146,40,0.9044451387141832,46,86
BV08TR_0146,41,0.9021412299003456,45,86
BV08TR_0146,42,0.8998021508427516,44,86
BV08TR_0146,43,0.897411742261388,43,86
BV08TR_0146,44,0.8950667205978728,42,86
BV08TR_0146,45,0.8927626848328912,41,86
BV08TR_0146,46,0.8904251851421566,40,86
BV08TR_0146,47,0.8881661573062692,39,86
BV08TR_0146,48,0.8858118933104245,38,86
BV08TR_0146,49,0.8836333867487752,37,86
BV08TR_0146,50,0.8813425281535084,36,86
BV08TR_0146,51,0.8791469561855504,35,86
BV08TR_0146,52,0.8769357208075422,34,86
BV08TR_0146,53,0.8747286668524087,33,86
BV08TR_0146,54,0.872436850880383,32,86
BV08TR_0146,55,0.8701201274641185,31,86
BV08TR_0146,56,0.8678285237699932,30,86
BV08TR_0146,57,0.865551182916448,29,86
BV08TR_0146,58,0.86332728341611,28,86
BV08TR_0146,59,0.8611287474895074,27,86
BV08TR_0146,60,0.8589042824100646,26,86
BV08TR_0146,61,0.856728072036697,25,86
BV08TR_0146,62,0.854474477247736,24,86
BV08TR_0146,63,0.8522512375566783,23,86
BV08TR_0146,64,0.8500581054449622,22,86
BV08TR_0146,65,0.8478091272478564,21,86
BV08TR_0146,66,0.8454996682804004,20,86
BV08TR_0146,67,0.8431878977362784,19,86
BV08TR_0146,68,0.8409291328667976,18,86
BV08TR_0146,69,0.8386942518577049,17,86
BV08TR_0146,70,0.8363354636849156,16,86
BV08TR_0146,71,0.834117893115496,15,86
BV08TR_0146,72,0.831808562421451,14,86
BV08TR_0146,73,0.8295571026967437,13,86
BV08TR_0146,74,0.8273811732905993,12,86
BV08TR_0146,75,0.8251637789757481,11,86
BV08TR_0146,76,0.822943231083672,10,86
BV08TR_0146,77,0.8206166014251488,9,86
BV08TR_0146,78,0.8182100838296903,8,86
BV08TR_0146,79,0.8159575521193654,7,86
BV08TR_0146,80,0.813648336192042,6,86
BV08TR_0146,81,0.8113786617957327,5,86
BV08TR_0146,82,0.8091437969771735,4,86
BV08TR_0146,83,0.8068082691737128,3,86
BV08TR_0146,84,0.8045104001927853,2,86
BV08TR_0146,85,0.8021485596684135,1,86
BV08TR_0146,86,0.799789252079696,0,86
BV08TR_0147,0,1.0280117587464745,95,95
BV08TR_0147,1,1.0256986383541649,94,95
BV08TR_0147,2,1.0234553890328892,93,95
BV08TR_0147,3,1.0211941248833254,92,95
BV08TR_0147,4,1.018789937709344,91,95
BV08TR_0147,5,1.0163508646161672,90,95
BV08TR_0147,6,1.014014045738515,89,95
BV08TR_0147,7,1.01166936435898,88,95
BV08TR_0147,8,1.009260443227007,87,95
BV08TR_0147,9,1.0068845534260675,86,95
BV08TR_0147,10,1.0045775069506848,85,95
BV08TR_0147,11,1.002075350415865,84,95
BV08TR_0147,12,0.9996346919590505,83,95
BV08TR_0147,13,0.9971706088893832,82,95
BV08TR_0147,14,0.9946908355011362,81,95
BV08TR_0147,15,0.9923115155846238,80,95
BV08TR_0147,16,0.9899088616272452,79,95
BV08TR_0147,17,0.9873966766358848,78,95
BV08TR_0147,18,0.9850441330324718,77,95
BV08TR_0147,19,0.982552435907133,76,95
BV08TR_0147,20,0.9799933274395406,75,95
BV08TR_0147,21,0.9775533325512265,74,95
BV08TR_0147,22,0.9750631705072323,73,95
BV08TR_0147,23,0.9726557159573505,72,95
BV08TR_0147,24,0.9702111713583766,71,95
BV08TR_0147,25,0.96782228589556,70,95
BV08TR_0147,26,0.965356291702197,69,95
BV08TR_0147,27,0.9628711559723306,68,95
BV08TR_0147,28,0.9603843217240485,67,95
BV08TR_0147,29,0.9579023809707662,66,95
BV08TR_0147,30,0.9553590910312524,65,95
BV08TR_0147,31,0.9528628853011635,64,95
BV08TR_0147,32,0.9504177007782354,63,95
BV08TR_0147,33,0.947924418978914,62,95
BV08TR_0147,34,0.9453764547629006,61,95
BV08TR_0147,35,0.9428525892012086,60,95
BV08TR_0147,36,0.940497097469258,59,95
BV08TR_0147,37,0.9380406997836912,58,95
BV08TR_0147,38,0.9356528080708458,57,95
BV08TR_0147,39,0.9331645558579303,56,95
BV08TR_0147,40,0.9306945678469746,55,95
BV08TR_0147,41,0.9282572121403702,54,95
BV08TR_0147,42,0.925959258340182,53,95
BV08TR_0147,43,0.9236121577429728,52,95
BV08TR_0147,44,0.921234821599262,51,95
BV08TR_0147,45,0.918706783229714,50,95
BV08TR_0147,46,0.9163087200136344,49,95
BV08TR_0147,47,0.9138562175615222,48,95
BV08TR_0147,48,0.91145430601295,47,95
BV08TR_0147,49,0.9091721372841542,46,95
BV08TR_0147,50,0.9067735356265466,45,95
BV08TR_0147,51,0.9044346492027635,44,95
BV08TR_0147,52,0.902076243550352,43,95
BV08TR_0147,53,0.8996575262923515,42,95
BV08TR_0147,54,0.8972820482199687,41,95
BV08TR_0147,55,0.8948489668691916,40,95
BV08TR_0147,56,0.8924728333550594,39,95
BV08TR_0147,57,0.8901380397012887,38,95
BV08TR_0147,58,0.8876992395644225,37,95
BV08TR_0147,59,0.8853546178460258,36,95
BV08TR_0147,60,0.8829939526184575,35,95
BV08TR_0147,61,0.8806480188148518,34,95
BV08TR_0147,62,0.8784647980980285,33,95
BV08TR_0147,63,0.8762657891714546,32,95
BV08TR_0147,64,0.8739919274011002,31,95
BV08TR_0147,65,0.8716347510467143,30,95
BV08TR_0147,66,0.869380460860362,29,95
BV08TR_0147,67,0.8671279990981674,28,95
BV08TR_0147,68,0.8647377720525239,27,95
BV08TR_0147,69,0.8624227895845924,26,95
BV08TR_0147,70,0.8601487631452936,25,95
BV08TR_0147,71,0.857838517466896,24,95
BV08TR_0147,72,0.8554579286763068,23,95
BV08TR_0147,73,0.853039314945081,22,95
BV08TR_0147,74,0.8507169195901872,21,95
BV08TR_0147,75,0.8483711723178372,20,95
BV08TR_0147,76,0.846099352528972,19,95
BV08TR_0147,77,0.8437420973264702,18,95
BV08TR_0147,78,0.8413668388795382,17,95
BV08TR_0147,79,0.8390294278166872,16,95
BV08TR_0147,80,0.8366343922834517,15,95
BV08TR_0147,81,0.8341542860147536,14,95
BV08TR_0147,82,0.8316935861708483,13,95
BV08TR_0147,83,0.8291795554282794,12,95
BV08TR_0147,84,0.8268179255110919,11,95
BV08TR_0147,85,0.8244268323458018,10,95
BV08TR_0147,86,0.821989758450066,9,95
BV08TR_0147,87,0.8194893781801817,8,95
BV08TR_0147,88,0.8171076548819242,7,95
BV08TR_0147,89,0.814578309458462,6,95
BV08TR_0147,90,0.812129443547537,5,95
BV08TR_0147,91,0.8096511371428545,4,95
BV08TR_0147,92,0.8071902903132506,3,95
BV08TR_0147,93,0.8046556248029982,2,95
BV08TR_0147,94,0.8020945032598963,1,95
BV08TR_0147,95,0.7996246299654416,0,95
BV08TR_0148,0,0.9568136481797034,82,82
BV08TR_0148,1,0.9549091208306968,81,82
BV08TR_0148,2,0.9530403095402737,80,82
BV08TR_0148,3,0.9511462550711776,79,82
BV08TR_0148,4,0.9492371971021902,78,82
BV08TR_0148,5,0.9473198118258253,77,82
BV08TR_0148,6,0.9453912805482823,76,82
BV08TR_0148,7,0.9434722837874132,75,82
BV08TR_0148,8,0.9416676936691308,74,82
BV08TR_0148,9,0.9397497189650136,73,82
BV08TR_0148,10,0.9379349239446924,72,82
BV08TR_0148,11,0.9359827148260678,71,82
BV08TR_0148,12,0.9340777477504087,70,82
BV08TR_0148,13,0.9322176335446988,69,82
BV08TR_0148,14,0.9304392108467054,68,82
BV08TR_0148,15,0.9285729643110405,67,82
BV08TR_0148,16,0.9266629239295884,66,82
BV08TR_0148,17,0.9247491623387274,65,82
BV08TR_0148,18,0.9228079262602388,64,82
BV08TR_0148,19,0.9208680681844645,63,82
BV08TR_0148,20,0.9189909574088758,62,82
BV08TR_0148,21,0.917024254965664,61,82
BV08TR_0148,22,0.9150326429333864,60,82
BV08TR_0148,23,0.913094556131626,59,82
BV08TR_0148,24,0.911164999426386,58,82
BV08TR_0148,25,0.909276485820035,57,82
BV08TR_0148,26,0.90736900836529,56,82
BV08TR_0148,27,0.9053998317307008,55,82
BV08TR_0148,28,0.9034398798499746,54,82
BV08TR_0148,29,0.9015153328717725,53,82
BV08TR_0148,30,0.8995834041272214,52,82
BV08TR_0148,31,0.8976598128313162,51,82
BV08TR_0148,32,0.8956893194823229,50,82
BV08TR_0148,33,0.893783661198373,49,82
BV08TR_0148,34,0.8918531058654598,48,82
BV08TR_0148,35,0.8899270367735392,47,82
BV08TR_0148,36,0.8879292381881528,46,82
BV08TR_0148,37,0.8860252478132888,45,82
BV08TR_0148,38,0.8840015956402724,44,82
BV08TR_0148,39,0.8819615581662212,43,82
BV08TR_0148,40,0.8799864168735935,42,82
BV08TR_0148,41,0.8779720648046712,41,82
BV08TR_0148,42,0.8760036668002338,40,82
BV08TR_0148,43,0.8740859263143629,39,82
BV08TR_0148,44,0.8721619022769188,38,82
BV08TR_0148,45,0.8701822388439896,37,82
BV08TR_0148,46,0.8682235543744631,36,82
BV08TR_0148,47,0.8662190124132241,35,82
BV08TR_0148,48,0.8642873855592205,34,82
BV08TR_0148,49,0.8622677013099694,33,82
BV08TR_0148,50,0.860237385678084,32,82
BV08TR_0148,51,0.8582244260084303,31,82
BV08TR_0148,52,0.856330539371277,30,82
BV08TR_0148,53,0.854373025805008,29,82
BV08TR_0148,54,0.8523706709343264,28,82
BV08TR_0148,55,0.8504657050435162,27,82
BV08TR_0148,56,0.8484929906866028,26,82
BV08TR_0148,57,0.8464763285293546,25,82
BV08TR_0148,58,0.844619884198936,24,82
BV08TR_0148,59,0.842647091526286,23,82
BV08TR_0148,60,0.8407626419067794,22,82
BV08TR_0148,61,0.8388011490561179,21,82
BV08TR_0148,62,0.836914158268878,20,82
BV08TR_0148,63,0.8350227927327172,19,82
BV08TR_0148,64,0.8330388678312499,18,82
BV08TR_0148,65,0.8311788184310201,17,82
BV08TR_0148,66,0.8292601840186494,16,82
BV08TR_0148,67,0.8273583018789301,15,82
BV08TR_0148,68,0.8253862116854304,14,82
BV08TR_0148,69,0.8234252437698724,13,82
BV08TR_0148,70,0.8213725805341846,12,82
BV08TR_0148,71,0.8194912012062323,11,82
BV08TR_0148,72,0.8176430795540482,10,82
BV08TR_0148,73,0.8158139369670818,9,82
BV08TR_0148,74,0.8139581158009487,8,82
BV08TR_0148,75,0.8120129015277416,7,82
BV08TR_0148,76,0.8101746650273998,6,82
BV08TR_0148,77,0.8083098758477438,5,82
BV08TR_0148,78,0.8064221198972094,4,82
BV08TR_0148,79,0.8046212401925718,3,82
BV08TR_0148,80,0.8027073024430763,2,82
BV08TR_0148,81,0.800909523896379,1,82
BV08TR_0148,82,0.7989975931895988,0,82
BV08TR_0149,0,1.034002990186393,78,78
BV08TR_0149,1,1.031058488093362,77,78
BV08TR_0149,2,1.0283214427959881,76,78
BV08TR_0149,3,1.0255894026976669,75,78
BV08TR_0149,4,1.022836396480767,74,78
BV08TR_0149,5,1.0200708403798384,73,78
BV08TR_0149,6,1.0172888547556875,72,78
BV08TR_0149,7,1.0144972866451485,71,78
BV08TR_0149,8,1.011768695052684,70,78
BV08TR_0149,9,1.0089338506337608,69,78
BV08TR_0149,10,1.0062327203627468,68,78
BV08TR_0149,11,1.003513941039624,67,78
BV08TR_0149,12,1.0007808720213613,66,78
BV08TR_0149,13,0.9979422374407843,65,78
BV08TR_0149,14,0.9952318197617402,64,78
BV08TR_0149,15,0.992480669334184,63,78
BV08TR_0149,16,0.9896352393321384,62,78
BV08TR_0149,17,0.9869497315258565,61,78
BV08TR_0149,18,0.9841667085238947,60,78
BV08TR_0149,19,0.9814801941228152,59,78
BV08TR_0149,20,0.9787977754824272,58,78
BV08TR_0149,21,0.9761346089144568,57,78
BV08TR_0149,22,0.9732944240408132,56,78
BV08TR_0149,23,0.9705159846242044,55,78
BV08TR_0149,24,0.96779526029873,54,78
BV08TR_0149,25,0.9650551591631044,53,78
BV08TR_0149,26,0.9623558849525594,52,78
BV08TR_0149,27,0.9596952028206528,51,78
BV08TR_0149,28,0.9569379749906168,50,78
BV08TR_0149,29,0.9542262297998724,49,78
BV08TR_0149,30,0.9515718150947472,48,78
BV08TR_0149,31,0.9490720869612448,47,78
BV08TR_0149,32,0.946333654220432,46,78
BV08TR_0149,33,0.943684980468411,45,78
BV08TR_0149,34,0.9410101227451415,44,78
BV08TR_0149,35,0.9383240843072995,43,78
BV08TR_0149,36,0.9357377826203436,42,78
BV08TR_0149,37,0.9330966696780928,41,78
BV08TR_0149,38,0.930386137253073,40,78
BV08TR_0149,39,0.9279042282898844,39,78
BV08TR_0149,40,0.9251669461927775,38,78
BV08TR_0149,41,0.9224707374182682,37,78
BV08TR_0149,42,0.9199202583536918,36,78
BV08TR_0149,43,0.9172996104915776,35,78
BV08TR_0149,44,0.9146933300154635,34,78
BV08TR_0149,45,0.912075432290088,33,78
BV08TR_0149,46,0.9094840451011804,32,78
BV08TR_0149,47,0.90678327009898,31,78
BV08TR_0149,48,0.9040680957112712,30,78
BV08TR_0149,49,0.9013687737100387,29,78
BV08TR_0149,50,0.8988042669367758,28,78
BV08TR_0149,51,0.8959995869361828,27,78
BV08TR_0149,52,0.8933522534520988,26,78
BV08TR_0149,53,0.8905934842609301,25,78
BV08TR_0149,54,0.8878364575854979,24,78
BV08TR_0149,55,0.8850255631890048,23,78
BV08TR_0149,56,0.8823689892525778,22,78
BV08TR_0149,57,0.8785729777639792,21,78
BV08TR_0149,58,0.8748307621094265,20,78
BV08TR_0149,59,0.8709823597204936,19,78
BV08TR_0149,60,0.8671679970460248,18,78
BV08TR_0149,61,0.8632606178779845,17,78
BV08TR_0149,62,0.8593835577174614,16,78
BV08TR_0149,63,0.8553105512535388,15,78
BV08TR_0149,64,0.8513774775010992,14,78
BV08TR_0149,65,0.8473915618172845,13,78
BV08TR_0149,66,0.8434037307664362,12,78
BV08TR_0149,67,0.839544355113985,11,78
BV08TR_0149,68,0.8357660188399908,10,78
BV08TR_0149,69,0.8317876993091017,9,78
BV08TR_0149,70,0.8278937760531748,8,78
BV08TR_0149,71,0.8239983668607751,7,78
BV08TR_0149,72,0.8200724999290064,6,78
BV08TR_0149,73,0.8161140955992185,5,78
BV08TR_0149,74,0.8123346430377097,4,78
BV08TR_0149,75,0.8082018643691131,3,78
BV08TR_0149,76,0.8040975219982978,2,78
BV08TR_0149,77,0.8000246580452971,1,78
BV08TR_0149,78,0.7960446311434748,0,78
BV08TR_0150,0,0.9572265598868275,57,57
BV08TR_0150,1,0.9545465131331105,56,57
BV08TR_0150,2,0.951820655516993,55,57
BV08TR_0150,3,0.9490877466617658,54,57
BV08TR_0150,4,0.9462584434168505,53,57
BV08TR_0150,5,0.9435531053612716,52,57
BV08TR_0150,6,0.9408406738233528,51,57
BV08TR_0150,7,0.9380584493670752,50,57
BV08TR_0150,8,0.9352837930879052,49,57
BV08TR_0150,9,0.9325288032508192,48,57
BV08TR_0150,10,0.9296852587407785,47,57
BV08TR_0150,11,0.926984006203723,46,57
BV08TR_0150,12,0.92426295583115,45,57
BV08TR_0150,13,0.9216175172815144,44,57
BV08TR_0150,14,0.9189412790527556,43,57
BV08TR_0150,15,0.9162096191629499,42,57
BV08TR_0150,16,0.913475536730794,41,57
BV08TR_0150,17,0.9107371967961178,40,57
BV08TR_0150,18,0.9080475938820483,39,57
BV08TR_0150,19,0.9051576497204936,38,57
BV08TR_0150,20,0.9024145901819524,37,57
BV08TR_0150,21,0.8995867057836795,36,57
BV08TR_0150,22,0.8967061810197716,35,57
BV08TR_0150,23,0.8939061142552936,34,57
BV08TR_0150,24,0.8910384698582335,33,57
BV08TR_0150,25,0.888162170596841,32,57
BV08TR_0150,26,0.8854191109293076,31,57
BV08TR_0150,27,0.8825264983425084,30,57
BV08TR_0150,28,0.879755272375582,29,57
BV08TR_0150,29,0.876932321535764,28,57
BV08TR_0150,30,0.8740094950521071,27,57
BV08TR_0150,31,0.8711412189760812,26,57
BV08TR_0150,32,0.8683162607341832,25,57
BV08TR_0150,33,0.8655587292579694,24,57
BV08TR_0150,34,0.8626716346999264,23,57
BV08TR_0150,35,0.8598803016824093,22,57
BV08TR_0150,36,0.8570525310368,21,57
BV08TR_0150,37,0.8542800090376322,20,57
BV08TR_0150,38,0.8513392496061262,19,57
BV08TR_0150,39,0.8485761817809213,18,57
BV08TR_0150,40,0.8457414342035257,17,57
BV08TR_0150,41,0.8428946493578328,16,57
BV08TR_0150,42,0.8400033820976212,15,57
BV08TR_0150,43,0.8371549434758132,14,57
BV08TR_0150,44,0.8343571928649932,13,57
BV08TR_0150,45,0.831509560596098,12,57
BV08TR_0150,46,0.828643972159291,11,57
BV08TR_0150,47,0.8258615246596722,10,57
BV08TR_0150,48,0.8230706590928604,9,57
BV08TR_0150,49,0.820153203110688,8,57
BV08TR_0150,50,0.8173885950272838,7,57
BV08TR_0150,51,0.8144887614555252,6,57
BV08TR_0150,52,0.8116463489040343,5,57
BV08TR_0150,53,0.8088055024736196,4,57
BV08TR_0150,54,0.806012599026983,3,57
BV08TR_0150,55,0.8031180902185947,2,57
BV08TR_0150,56,0.8003135318458363,1,57
BV08TR_0150,57,0.7974487672129392,0,57
BV08TR_0151,0,1.0429843866911606,122,122
BV08TR_0151,1,1.0410221804601916,121,122
BV08TR_0151,2,1.039127075302629,120,122
BV08TR_0151,3,1.037101960561362,119,122
BV08TR_0151,4,1.0351716376503808,118,122
BV08TR_0151,5,1.0331951525482952,117,122
BV08TR_0151,6,1.0312297268540274,116,122
BV08TR_0151,7,1.0292287429459974,115,122
BV08TR_0151,8,1.0272124716713822,114,122
BV08TR_0151,9,1.0252832744347127,113,122
BV08TR_0151,10,1.0233807786820692,112,122
BV08TR_0151,11,1.021377930025344,111,122
BV08TR_0151,12,1.019419147685356,110,122
BV08TR_0151,13,1.017388540749354,109,122
BV08TR_0151,14,1.015365838984228,108,122
BV08TR_0151,15,1.0134131807785365,107,122
BV08TR_0151,16,1.0113923329009424,106,122
BV08TR_0151,17,1.0093857837993576,105,122
BV08TR_0151,18,1.0074148948406125,104,122
BV08TR_0151,19,1.0053941609889816,103,122
BV08TR_0151,20,1.00334731590746,102,122
BV08TR_0151,21,1.001344413562207,101,122
BV08TR_0151,22,0.9992761694537134,100,122
BV08TR_0151,23,0.997281545184226,99,122
BV08TR_0151,24,0.995271844244728,98,122
BV08TR_0151,25,0.9932773843889054,97,122
BV08TR_0151,26,0.991227527934602,96,122
BV08TR_0151,27,0.9891643567248342,95,122
BV08TR_0151,28,0.9871856161966196,94,122
BV08TR_0151,29,0.9851653615583842,93,122
BV08TR_0151,30,0.9831437289453494,92,122
BV08TR_0151,31,0.981059563737329,91,122
BV08TR_0151,32,0.9789882326924804,90,122
BV08TR_0151,33,0.97690217891583,89,122
BV08TR_0151,34,0.9749443382536652,88,122
BV08TR_0151,35,0.972944787554458,87,122
BV08TR_0151,36,0.9709592406467398,86,122
BV08TR_0151,37,0.9688315683781996,85,122
BV08TR_0151,38,0.96679032960601,84,122
BV08TR_0151,39,0.9647667305982182,83,122
BV08TR_0151,40,0.9627520574963412,82,122
BV08TR_0151,41,0.9606292660944524,81,122
BV08TR_0151,42,0.9585768495916274,80,122
BV08TR_0151,43,0.9565700996772828,79,122
BV08TR_0151,44,0.954545484269886,78,122
BV08TR_0151,45,0.95248153783967,77,122
BV08TR_0151,46,0.9505642937765114,76,122
BV08TR_0151,47,0.9485807497069784,75,122
BV08TR_0151,48,0.9465027281072382,74,122
BV08TR_0151,49,0.9445362523158503,73,122
BV08TR_0151,50,0.942581964072404,72,122
BV08TR_0151,51,0.940573294540821,71,122
BV08TR_0151,52,0.9385812645073932,70,122
BV08TR_0151,53,0.9365674662821236,69,122
BV08TR_0151,54,0.934502760654874,68,122
BV08TR_0151,55,0.932525478536167,67,122
BV08TR_0151,56,0.9305223162906539,66,122
BV08TR_0151,57,0.9284885158682799,65,122
BV08TR_0151,58,0.9265102586785212,64,122
BV08TR_0151,59,0.9245766739155196,63,122
BV08TR_0151,60,0.9225446822310345,62,122
BV08TR_0151,61,0.9205204310366402,61,122
BV08TR_0151,62,0.9184551241542122,60,122
BV08TR_0151,63,0.9164650987739332,59,122
BV08TR_0151,64,0.914503911404987,58,122
BV08TR_0151,65,0.9125532300191268,57,122
BV08TR_0151,66,0.9106909848953844,56,122
BV08TR_0151,67,0.9087036399504282,55,122
BV08TR_0151,68,0.9067833485525632,54,122
BV08TR_0151,69,0.9048826813277782,53,122
BV08TR_0151,70,0.902853987248892,52,122
BV08TR_0151,71,0.9009309827476804,51,122
BV08TR_0151,72,0.898992740321985,50,122
BV08TR_0151,73,0.8970504910712522,49,122
BV08TR_0151,74,0.8951162155886488,48,122
BV08TR_0151,75,0.8932040109272162,47,122
BV08TR_0151,76,0.8911975311861454,46,122
BV08TR_0151,77,0.8891859310171334,45,122
BV08TR_0151,78,0.8872053556590566,44,122
BV08TR_0151,79,0.8852375526166749,43,122
BV08TR_0151,80,0.8832665685932372,42,122
BV08TR_0151,81,0.8812807792750411,41,122
BV08TR_0151,82,0.8792664755475985,40,122
BV08TR_0151,83,0.877373436434755,39,122
BV08TR_0151,84,0.8754803092119275,38,122
BV08TR_0151,85,0.8733348474299394,37,122
BV08TR_0151,86,0.871392793984394,36,122
BV08TR_0151,87,0.8694145891083715,35,122
BV08TR_0151,88,0.8674378100107633,34,122
BV08TR_0151,89,0.8654529247737579,33,122
BV08TR_0151,90,0.8634235474020862,32,122
BV08TR_0151,91,0.8614431643102167,31,122
BV08TR_0151,92,0.859385043206061,30,122
BV08TR_0151,93,0.8573164164233515,29,122
BV08TR_0151,94,0.8553299158171616,28,122
BV08TR_0151,95,0.8532538894227658,27,122
BV08TR_0151,96,0.8512540196166268,26,122
BV08TR_0151,97,0.849175480570004,25,122
BV08TR_0151,98,0.8470709495674117,24,122
BV08TR_0151,99,0.8449958076838152,23,122
BV08TR_0151,100,0.8430166780473703,22,122
BV08TR_0151,101,0.8408946235585743,21,122
BV08TR_0151,102,0.8388038908699489,20,122
BV08TR_0151,103,0.8366709523822315,19,122
BV08TR_0151,104,0.83461820105562,18,122
BV08TR_0151,105,0.8326019099396786,17,122
BV08TR_0151,106,0.830598379609438,16,122
BV08TR_0151,107,0.8285077877832782,15,122
BV08TR_0151,108,0.8263453347509008,14,122
BV08TR_0151,109,0.8243679621390494,13,122
BV08TR_0151,110,0.822237938226437,12,122
BV08TR_0151,111,0.8202007842725308,11,122
BV08TR_0151,112,0.8181593047108848,10,122
BV08TR_0151,113,0.8161307055996702,9,122
BV08TR_0151,114,0.8140681517524802,8,122
BV08TR_0151,115,0.812023534423015,7,122
BV08TR_0151,116,0.8099495640319765,6,122
BV08TR_0151,117,0.807952369950832,5,122
BV08TR_0151,118,0.8060045058484774,4,122
BV08TR_0151,119,0.8040072314255795,3,122
BV08TR_0151,120,0.8020011764792251,2,122
BV08TR_0151,121,0.8000284694450492,1,122
BV08TR_0151,122,0.7981480184468976,0,122
BV08TR_0152,0,1.040414906113986,90,90
BV08TR_0152,1,1.0378607016018044,89,90
BV08TR_0152,2,1.0352101165136796,88,90
BV08TR_0152,3,1.0325949079728463,87,90
BV08TR_0152,4,1.0300886979549373,86,90
BV08TR_0152,5,1.0275708930556144,85,90
BV08TR_0152,6,1.0250270705136535,84,90
BV08TR_0152,7,1.0224560828336071,83,90
BV08TR_0152,8,1.0199636258996516,82,90
BV08TR_0152,9,1.017464526758535,81,90
BV08TR_0152,10,1.014912502351376,80,90
BV08TR_0152,11,1.0124337638256335,79,90
BV08TR_0152,12,1.0098332993716546,78,90
BV08TR_0152,13,1.0073465363957383,77,90
BV08TR_0152,14,1.0048222472856934,76,90
BV08TR_0152,15,1.0021583489410675,75,90
BV08TR_0152,16,0.9995433114169072,74,90
BV08TR_0152,17,0.9971110550879488,73,90
BV08TR_0152,18,0.9945320135827742,72,90
BV08TR_0152,19,0.992031364091308,71,90
BV08TR_0152,20,0.9895726295166006,70,90
BV08TR_0152,21,0.9871095898055522,69,90
BV08TR_0152,22,0.984617240418361,68,90
BV08TR_0152,23,0.9821029229173895,67,90
BV08TR_0152,24,0.9795998566711972,66,90
BV08TR_0152,25,0.9770334414519944,65,90
BV08TR_0152,26,0.9744584341841735,64,90
BV08TR_0152,27,0.9720196177944987,63,90
BV08TR_0152,28,0.9694766063872652,62,90
BV08TR_0152,29,0.9669681801109256,61,90
BV08TR_0152,30,0.9645218666379776,60,90
BV08TR_0152,31,0.9620280350228526,59,90
BV08TR_0152,32,0.9595730341913408,58,90
BV08TR_0152,33,0.9570291223046884,57,90
BV08TR_0152,34,0.9545969041211168,56,90
BV08TR_0152,35,0.9521485346053045,55,90
BV08TR_0152,36,0.9496353716839439,54,90
BV08TR_0152,37,0.947212752040417,53,90
BV08TR_0152,38,0.9447851391660308,52,90
BV08TR_0152,39,0.9422527334740431,51,90
BV08TR_0152,40,0.9399320933853975,50,90
BV08TR_0152,41,0.9373034621576376,49,90
BV08TR_0152,42,0.934719756479865,48,90
BV08TR_0152,43,0.932191041480246,47,90
BV08TR_0152,44,0.9296147951542505,46,90
BV08TR_0152,45,0.9271686862515415,45,90
BV08TR_0152,46,0.924671406643005,44,90
BV08TR_0152,47,0.922203485864052,43,90
BV08TR_0152,48,0.9195814082293138,42,90
BV08TR_0152,49,0.9171096418422684,41,90
BV08TR_0152,50,0.914438847538126,40,90
BV08TR_0152,51,0.9119274050932432,39,90
BV08TR_0152,52,0.9092915214937555,38,90
BV08TR_0152,53,0.9067551405568222,37,90
BV08TR_0152,54,0.9041432336984426,36,90
BV08TR_0152,55,0.9015576410864135,35,90
BV08TR_0152,56,0.8989286681230525,34,90
BV08TR_0152,57,0.8964260886529262,33,90
BV08TR_0152,58,0.8937686859557581,32,90
BV08TR_0152,59,0.8912523272386392,31,90
BV08TR_0152,60,0.888577588164087,30,90
BV08TR_0152,61,0.8859238036056385,29,90
BV08TR_0152,62,0.8833632671646805,28,90
BV08TR_0152,63,0.8807624556460275,27,90
BV08TR_0152,64,0.8781600197422127,26,90
BV08TR_0152,65,0.8754038023107775,25,90
BV08TR_0152,66,0.8727729308957223,24,90
BV08TR_0152,67,0.8701211441323453,23,90
BV08TR_0152,68,0.8676005177317156,22,90
BV08TR_0152,69,0.8643769574983245,21,90
BV08TR_0152,70,0.8612107222381211,20,90
BV08TR_0152,71,0.8580607406941286,19,90
BV08TR_0152,72,0.8548943572453418,18,90
BV08TR_0152,73,0.851644512815339,17,90
BV08TR_0152,74,0.848459137382082,16,90
BV08TR_0152,75,0.8452137332877928,15,90
BV08TR_0152,76,0.8420565399182413,14,90
BV08TR_0152,77,0.8388669082657078,13,90
BV08TR_0152,78,0.8356500101652278,12,90
BV08TR_0152,79,0.8325725905094178,11,90
BV08TR_0152,80,0.8294075738392975,10,90
BV08TR_0152,81,0.8263498612933408,9,90
BV08TR_0152,82,0.8231707492485982,8,90
BV08TR_0152,83,0.8199740746043263,7,90
BV08TR_0152,84,0.8168970928487912,6,90
BV08TR_0152,85,0.8138204225195202,5,90
BV08TR_0152,86,0.8106197089160871,4,90
BV08TR_0152,87,0.8076099458874704,3,90
BV08TR_0152,88,0.8045668889550625,2,90
BV08TR_0152,89,0.8015289232352183,1,90
BV08TR_0152,90,0.7983722937667609,0,90
BV08TR_0153,0,1.0365354817249244,80,80
BV08TR_0153,1,1.0334320111761497,79,80
BV08TR_0153,2,1.0304627049384236,78,80
BV08TR_0153,3,1.0274701998502411,77,80
BV08TR_0153,4,1.024438709005418,76,80
BV08TR_0153,5,1.021451936396729,75,80
BV08TR_0153,6,1.0183638432718995,74,80
BV08TR_0153,7,1.015330780386615,73,80
BV08TR_0153,8,1.0123202484524854,72,80
BV08TR_0153,9,1.009275672526136,71,80
BV08TR_0153,10,1.0062867316604551,70,80
BV08TR_0153,11,1.003250577601469,69,80
BV08TR_0153,12,1.0000647657741142,68,80
BV08TR_0153,13,0.9970516951510822,67,80
BV08TR_0153,14,0.9939453428265946,66,80
BV08TR_0153,15,0.990920821340073,65,80
BV08TR_0153,16,0.9879496523979784,64,80
BV08TR_0153,17,0.9849164794861972,63,80
BV08TR_0153,18,0.982053347517524,62,80
BV08TR_0153,19,0.9789733949668314,61,80
BV08TR_0153,20,0.9760097432222749,60,80
BV08TR_0153,21,0.9731029086629222,59,80
BV08TR_0153,22,0.9700103626623554,58,80
BV08TR_0153,23,0.9670810528535606,57,80
BV08TR_0153,24,0.964227350493913,56,80
BV08TR_0153,25,0.9611155975555432,55,80
BV08TR_0153,26,0.958162048093094,54,80
BV08TR_0153,27,0.9553113742773468,53,80
BV08TR_0153,28,0.952437058450585,52,80
BV08TR_0153,29,0.9494955384232062,51,80
BV08TR_0153,30,0.9465392173490095,50,80
BV08TR_0153,31,0.9435905661352705,49,80
BV08TR_0153,32,0.9406668784339653,48,80
BV08TR_0153,33,0.9378273668386202,47,80
BV08TR_0153,34,0.9347694818864284,46,80
BV08TR_0153,35,0.9319720000788672,45,80
BV08TR_0153,36,0.929020778862151,44,80
BV08TR_0153,37,0.9261547802004908,43,80
BV08TR_0153,38,0.92333241888552,42,80
BV08TR_0153,39,0.92038698424914,41,80
BV08TR_0153,40,0.9174153300659011,40,80
BV08TR_0153,41,0.9143928573608696,39,80
BV08TR_0153,42,0.9114923346526054,38,80
BV08TR_0153,43,0.9086152301247945,37,80
BV08TR_0153,44,0.905587763656314,36,80
BV08TR_0153,45,0.9025566686667862,35,80
BV08TR_0153,46,0.89968354198829,34,80
BV08TR_0153,47,0.8967251610032548,33,80
BV08TR_0153,48,0.893800942111832,32,80
BV08TR_0153,49,0.8909741225076686,31,80
BV08TR_0153,50,0.8881165920317483,30,80
BV08TR_0153,51,0.885223069003723,29,80
BV08TR_0153,52,0.8822608023281315,28,80
BV08TR_0153,53,0.8792205163169076,27,80
BV08TR_0153,54,0.8763358113850741,26,80
BV08TR_0153,55,0.8734207179722384,25,80
BV08TR_0153,56,0.87048205054516,24,80
BV08TR_0153,57,0.8675768434953416,23,80
BV08TR_0153,58,0.8646199669121456,22,80
BV08TR_0153,59,0.8617600798213728,21,80
BV08TR_0153,60,0.8587817281056098,20,80
BV08TR_0153,61,0.8557914514543354,19,80
BV08TR_0153,62,0.8527555680795366,18,80
BV08TR_0153,63,0.8497636360425488,17,80
BV08TR_0153,64,0.8466746413864552,16,80
BV08TR_0153,65,0.8437140692354415,15,80
BV08TR_0153,66,0.8405465088858565,14,80
BV08TR_0153,67,0.837308349620066,13,80
BV08TR_0153,68,0.8342944355775422,12,80
BV08TR_0153,69,0.8313730302627873,11,80
BV08TR_0153,70,0.828301389360223,10,80
BV08TR_0153,71,0.8251458251565348,9,80
BV08TR_0153,72,0.822071844727096,8,80
BV08TR_0153,73,0.8189314339673976,7,80
BV08TR_0153,74,0.8159750692757864,6,80
BV08TR_0153,75,0.8129253522826281,5,80
BV08TR_0153,76,0.8098523102769254,4,80
BV08TR_0153,77,0.806702433197242,3,80
BV08TR_0153,78,0.8036462531066578,2,80
BV08TR_0153,79,0.8005817367585842,1,80
BV08TR_0153,80,0.7974921796823651,0,80
BV08TR_0154,0,0.9966265071834292,61,61
BV08TR_0154,1,0.9933007359574982,60,61
BV08TR_0154,2,0.9898907553981795,59,61
BV08TR_0154,3,0.986476415202946,58,61
BV08TR_0154,4,0.9831670316094822,57,61
BV08TR_0154,5,0.979825177436168,56,61
BV08TR_0154,6,0.976565270800471,55,61
BV08TR_0154,7,0.9731459846416152,54,61
BV08TR_0154,8,0.9698511203671374,53,61
BV08TR_0154,9,0.9665927214472012,52,61
BV08TR_0154,10,0.9633611063811548,51,61
BV08TR_0154,11,0.9601887573106324,50,61
BV08TR_0154,12,0.956845495326387,49,61
BV08TR_0154,13,0.953511696682591,48,61
BV08TR_0154,14,0.9503604557823024,47,61
BV08TR_0154,15,0.947046254827454,46,61
BV08TR_0154,16,0.9436978894256348,45,61
BV08TR_0154,17,0.9404014314140982,44,61
BV08TR_0154,18,0.93700461730188,43,61
BV08TR_0154,19,0.9337291685806065,42,61
BV08TR_0154,20,0.9304832694293806,41,61
BV08TR_0154,21,0.9272455886978365,40,61
BV08TR_0154,22,0.9240582665161446,39,61
BV08TR_0154,23,0.9208573749564464,38,61
BV08TR_0154,24,0.9176656467724424,37,61
BV08TR_0154,25,0.9144904769341246,36,61
BV08TR_0154,26,0.9113328203656282,35,61
BV08TR_0154,27,0.9079988575098354,34,61
BV08TR_0154,28,0.9047722460098852,33,61
BV08TR_0154,29,0.9016830527578849,32,61
BV08TR_0154,30,0.8985372675148214,31,61
BV08TR_0154,31,0.8952919029365285,30,61
BV08TR_0154,32,0.8921645234378706,29,61
BV08TR_0154,33,0.8889289974693949,28,61
BV08TR_0154,34,0.8857109471822315,27,61
BV08TR_0154,35,0.8825482805503178,26,61
BV08TR_0154,36,0.8792831084423224,25,61
BV08TR_0154,37,0.8761925382080628,24,61
BV08TR_0154,38,0.8730255941764977,23,61
BV08TR_0154,39,0.8698415200830408,22,61
BV08TR_0154,40,0.8667292475161169,21,61
BV08TR_0154,41,0.8635467440403709,20,61
BV08TR_0154,42,0.8603650535681373,19,61
BV08TR_0154,43,0.8570844762674859,18,61
BV08TR_0154,44,0.8537097154497562,17,61
BV08TR_0154,45,0.8502733222167455,16,61
BV08TR_0154,46,0.8471011586843348,15,61
BV08TR_0154,47,0.8437762873846698,14,61
BV08TR_0154,48,0.840407783197539,13,61
BV08TR_0154,49,0.8371076535711486,12,61
BV08TR_0154,50,0.8340069668035242,11,61
BV08TR_0154,51,0.8306613203136468,10,61
BV08TR_0154,52,0.8272482497575236,9,61
BV08TR_0154,53,0.8239721347369756,8,61
BV08TR_0154,54,0.8206730017737738,7,61
BV08TR_0154,55,0.817465131713436,6,61
BV08TR_0154,56,0.8141065507038397,5,61
BV08TR_0154,57,0.8108363926625741,4,61
BV08TR_0154,58,0.8075106220284175,3,61
BV08TR_0154,59,0.8041743698100428,2,61
BV08TR_0154,60,0.8008527369620715,1,61
BV08TR_0154,61,0.7976546473972442,0,61
BV08TR_0155,0,1.0081560157552854,100,100
BV08TR_0155,1,1.006137974695824,99,100
BV08TR_0155,2,1.0040295156223282,98,100
BV08TR_0155,3,1.0019789647855373,97,100
BV08TR_0155,4,0.9998749364722694,96,100
BV08TR_0155,5,0.9978455040472892,95,100
BV08TR_0155,6,0.9958090935713912,94,100
BV08TR_0155,7,0.9937249665802012,93,100
BV08TR_0155,8,0.9916966058203442,92,100
BV08TR_0155,9,0.989626345696905,91,100
BV08TR_0155,10,0.9876053381168904,90,100
BV08TR_0155,11,0.985515741661293,89,100
BV08TR_0155,12,0.9834526609108485,88,100
BV08TR_0155,13,0.9813799065238452,87,100
BV08TR_0155,14,0.979310284834367,86,100
BV08TR_0155,15,0.9772472708220398,85,100
BV08TR_0155,16,0.9751306062483553,84,100
BV08TR_0155,17,0.9730240857507465,83,100
BV08TR_0155,18,0.970955437703816,82,100
BV08TR_0155,19,0.968827016246063,81,100
BV08TR_0155,20,0.9666688714335606,80,100
BV08TR_0155,21,0.9645975735938872,79,100
BV08TR_0155,22,0.9624333945572464,78,100
BV08TR_0155,23,0.96028719308309,77,100
BV08TR_0155,24,0.9581085327743966,76,100
BV08TR_0155,25,0.9560134426960942,75,100
BV08TR_0155,26,0.95386952669547,74,100
BV08TR_0155,27,0.951808923637902,73,100
BV08TR_0155,28,0.9496899698603054,72,100
BV08TR_0155,29,0.947483210445255,71,100
BV08TR_0155,30,0.9453924334008365,70,100
BV08TR_0155,31,0.9433304656152464,69,100
BV08TR_0155,32,0.9411545536087228,68,100
BV08TR_0155,33,0.93895769243299,67,100
BV08TR_0155,34,0.9368068731197198,66,100
BV08TR_0155,35,0.934743539563092,65,100
BV08TR_0155,36,0.932621973020932,64,100
BV08TR_0155,37,0.9304731078914954,63,100
BV08TR_0155,38,0.928301215748493,62,100
BV08TR_0155,39,0.926234606154288,61,100
BV08TR_0155,40,0.9241477342586484,60,100
BV08TR_0155,41,0.9220365945903864,59,100
BV08TR_0155,42,0.9200106499403846,58,100
BV08TR_0155,43,0.917896349564568,57,100
BV08TR_0155,44,0.9157915533713512,56,100
BV08TR_0155,45,0.9136869284779255,55,100
BV08TR_0155,46,0.911707016157209,54,100
BV08TR_0155,47,0.9095804469747418,53,100
BV08TR_0155,48,0.9075576148806054,52,100
BV08TR_0155,49,0.9054145035514608,51,100
BV08TR_0155,50,0.903266000629994,50,100
BV08TR_0155,51,0.9011031833158932,49,100
BV08TR_0155,52,0.8990023504946789,48,100
BV08TR_0155,53,0.8968532510744417,47,100
BV08TR_0155,54,0.8948006446939017,46,100
BV08TR_0155,55,0.892755270271885,45,100
BV08TR_0155,56,0.8907564070320082,44,100
BV08TR_0155,57,0.8887089107126432,43,100
BV08TR_0155,58,0.8866024691001665,42,100
BV08TR_0155,59,0.8845340517507618,41,100
BV08TR_0155,60,0.8824325544861698,40,100
BV08TR_0155,61,0.8804355789143302,39,100
BV08TR_0155,62,0.8784757587725932,38,100
BV08TR_0155,63,0.8764873468326193,37,100
BV08TR_0155,64,0.8745143401309724,36,100
BV08TR_0155,65,0.8725329737467874,35,100
BV08TR_0155,66,0.8704403050853309,34,100
BV08TR_0155,67,0.8683592631404407,33,100
BV08TR_0155,68,0.8663046360286256,32,100
BV08TR_0155,69,0.8642504131344845,31,100
BV08TR_0155,70,0.8620786389286696,30,100
BV08TR_0155,71,0.8599561118870432,29,100
BV08TR_0155,72,0.8579534452984302,28,100
BV08TR_0155,73,0.8558924570932668,27,100
BV08TR_0155,74,0.8538342576181526,26,100
BV08TR_0155,75,0.8517727902512516,25,100
BV08TR_0155,76,0.8497217751492055,24,100
BV08TR_0155,77,0.8476306995664978,23,100
BV08TR_0155,78,0.8456079252882068,22,100
BV08TR_0155,79,0.8435855328367854,21,100
BV08TR_0155,80,0.8415233598928563,20,100
BV08TR_0155,81,0.8393766485337242,19,100
BV08TR_0155,82,0.8373075679702119,18,100
BV08TR_0155,83,0.8352187867848205,17,100
BV08TR_0155,84,0.8330657625619802,16,100
BV08TR_0155,85,0.830877673546374,15,100
BV08TR_0155,86,0.8288488081728594,14,100
BV08TR_0155,87,0.8266818639732937,13,100
BV08TR_0155,88,0.8245274634456544,12,100
BV08TR_0155,89,0.8223954886283414,11,100
BV08TR_0155,90,0.8203078509212751,10,100
BV08TR_0155,91,0.8181778000796162,9,100
BV08TR_0155,92,0.8159531130429051,8,100
BV08TR_0155,93,0.8137881910570828,7,100
BV08TR_0155,94,0.811667936671017,6,100
BV08TR_0155,95,0.8094462715471284,5,100
BV08TR_0155,96,0.8074171274515792,4,100
BV08TR_0155,97,0.805275332524599,3,100
BV08TR_0155,98,0.8030466355660233,2,100
BV08TR_0155,99,0.8009354080908182,1,100
BV08TR_0155,100,0.7987578800691638,0,100
BV08TR_0156,0,1.02081368042059,79,79
BV08TR_0156,1,1.0179910651751751,78,79
BV08TR_0156,2,1.0150808493585275,77,79
BV08TR_0156,3,1.0122363695305752,76,79
BV08TR_0156,4,1.0094144596256915,75,79
BV08TR_0156,5,1.0065819592723537,74,79
BV08TR_0156,6,1.003796575294938,73,79
BV08TR_0156,7,1.0009477243416005,72,79
BV08TR_0156,8,0.9980273889337918,71,79
BV08TR_0156,9,0.9950491994521224,70,79
BV08TR_0156,10,0.992191605155552,69,79
BV08TR_0156,11,0.9892477289385584,68,79
BV08TR_0156,12,0.9863168454659932,67,79
BV08TR_0156,13,0.983294732356107,66,79
BV08TR_0156,14,0.9806126886829039,65,79
BV08TR_0156,15,0.977690618237964,64,79
BV08TR_0156,16,0.9747905897247752,63,79
BV08TR_0156,17,0.9718080844062875,62,79
BV08TR_0156,18,0.9689256201049103,61,79
BV08TR_0156,19,0.9661167290520705,60,79
BV08TR_0156,20,0.9633343688204085,59,79
BV08TR_0156,21,0.9604160185807692,58,79
BV08TR_0156,22,0.9574634712945232,57,79
BV08TR_0156,23,0.954544747972433,56,79
BV08TR_0156,24,0.9517872330373446,55,79
BV08TR_0156,25,0.9489027403495386,54,79
BV08TR_0156,26,0.9461167241400792,53,79
BV08TR_0156,27,0.9432868790151852,52,79
BV08TR_0156,28,0.9403042012188984,51,79
BV08TR_0156,29,0.9374891683368562,50,79
BV08TR_0156,30,0.9347474504219012,49,79
BV08TR_0156,31,0.9319785095325744,48,79
BV08TR_0156,32,0.9290611115492908,47,79
BV08TR_0156,33,0.926248909550032,46,79
BV08TR_0156,34,0.9235149100968865,45,79
BV08TR_0156,35,0.920844869315132,44,79
BV08TR_0156,36,0.9182317823953936,43,79
BV08TR_0156,37,0.915467004179431,42,79
BV08TR_0156,38,0.9126461211299381,41,79
BV08TR_0156,39,0.9099254705457824,40,79
BV08TR_0156,40,0.907187926038486,39,79
BV08TR_0156,41,0.9044478963670172,38,79
BV08TR_0156,42,0.9016709160584542,37,79
BV08TR_0156,43,0.898884058967793,36,79
BV08TR_0156,44,0.8960819142368646,35,79
BV08TR_0156,45,0.8930461324401332,34,79
BV08TR_0156,46,0.8903319512113137,33,79
BV08TR_0156,47,0.8875158060200918,32,79
BV08TR_0156,48,0.8847232258539987,31,79
BV08TR_0156,49,0.8819203017834955,30,79
BV08TR_0156,50,0.8793136232955678,29,79
BV08TR_0156,51,0.8765701632133839,28,79
BV08TR_0156,52,0.873717536220266,27,79
BV08TR_0156,53,0.8708993412245558,26,79
BV08TR_0156,54,0.8680683969612488,25,79
BV08TR_0156,55,0.8653679513156862,24,79
BV08TR_0156,56,0.8624690540257433,23,79
BV08TR_0156,57,0.8596023774457595,22,79
BV08TR_0156,58,0.8567946592999613,21,79
BV08TR_0156,59,0.8539996305751697,20,79
BV08TR_0156,60,0.8512084680263096,19,79
BV08TR_0156,61,0.8484837829436868,18,79
BV08TR_0156,62,0.8457525248036244,17,79
BV08TR_0156,63,0.8429664331040359,16,79
BV08TR_0156,64,0.840113650478854,15,79
BV08TR_0156,65,0.8372517294407009,14,79
BV08TR_0156,66,0.8344492399736988,13,79
BV08TR_0156,67,0.8316976167724589,12,79
BV08TR_0156,68,0.8289951859157718,11,79
BV08TR_0156,69,0.8261672385966893,10,79
BV08TR_0156,70,0.8232586321538438,9,79
BV08TR_0156,71,0.8203981981811838,8,79
BV08TR_0156,72,0.8175988687314933,7,79
BV08TR_0156,73,0.8147893059544118,6,79
BV08TR_0156,74,0.8118913078776406,5,79
BV08TR_0156,75,0.808963126344532,4,79
BV08TR_0156,76,0.8059818690657002,3,79
BV08TR_0156,77,0.8030220645431313,2,79
BV08TR_0156,78,0.8002814115154171,1,79
BV08TR_0156,79,0.7973931150173175,0,79
BV08TR_0157,0,0.9762009674509896,58,58
BV08TR_0157,1,0.9730651989836842,57,58
BV08TR_0157,2,0.9699239915146431,56,58
BV08TR_0157,3,0.966913281878414,55,58
BV08TR_0157,4,0.9638325510483322,54,58
BV08TR_0157,5,0.9607490125707592,53,58
BV08TR_0157,6,0.957642148765446,52,58
BV08TR_0157,7,0.9545233924812848,51,58
BV08TR_0157,8,0.9514026343360004,50,58
BV08TR_0157,9,0.9483585907127298,49,58
BV08TR_0157,10,0.9453508965274529,48,58
BV08TR_0157,11,0.9423830686046176,47,58
BV08TR_0157,12,0.9392570189847448,46,58
BV08TR_0157,13,0.9363120022725155,45,58
BV08TR_0157,14,0.9331462936761898,44,58
BV08TR_0157,15,0.9299265657881,43,58
BV08TR_0157,16,0.9269777225067338,42,58
BV08TR_0157,17,0.9238658189955902,41,58
BV08TR_0157,18,0.9207996055052003,40,58
BV08TR_0157,19,0.917660598375827,39,58
BV08TR_0157,20,0.9146024613260266,38,58
BV08TR_0157,21,0.911483420417712,37,58
BV08TR_0157,22,0.908354176318668,36,58
BV08TR_0157,23,0.905076525585404,35,58
BV08TR_0157,24,0.9019587287714684,34,58
BV08TR_0157,25,0.8988834174853577,33,58
BV08TR_0157,26,0.8956398719756444,32,58
BV08TR_0157,27,0.8925895273748525,31,58
BV08TR_0157,28,0.8895987060585703,30,58
BV08TR_0157,29,0.8864846082012121,29,58
BV08TR_0157,30,0.8834292104985989,28,58
BV08TR_0157,31,0.8804509153480732,27,58
BV08TR_0157,32,0.8773395657447467,26,58
BV08TR_0157,33,0.8743213373996506,25,58
BV08TR_0157,34,0.8712828387061623,24,58
BV08TR_0157,35,0.8683349730383088,23,58
BV08TR_0157,36,0.8653155170782054,22,58
BV08TR_0157,37,0.8622148249508519,21,58
BV08TR_0157,38,0.8593561014592705,20,58
BV08TR_0157,39,0.8563719324251363,19,58
BV08TR_0157,40,0.8533668080359756,18,58
BV08TR_0157,41,0.8503270144356648,17,58
BV08TR_0157,42,0.8472232465571188,16,58
BV08TR_0157,43,0.8442255276994068,15,58
BV08TR_0157,44,0.841188685694557,14,58
BV08TR_0157,45,0.8382033959793024,13,58
BV08TR_0157,46,0.835230245845414,12,58
BV08TR_0157,47,0.8322441188548744,11,58
BV08TR_0157,48,0.8292832125820506,10,58
BV08TR_0157,49,0.8262449058602704,9,58
BV08TR_0157,50,0.8232400074670658,8,58
BV08TR_0157,51,0.820167007018969,7,58
BV08TR_0157,52,0.8171846224411166,6,58
BV08TR_0157,53,0.8142218796227974,5,58
BV08TR_0157,54,0.8112813417633965,4,58
BV08TR_0157,55,0.8084168188778783,3,58
BV08TR_0157,56,0.805292174288406,2,58
BV08TR_0157,57,0.8024666847471812,1,58
BV08TR_0157,58,0.7994338925512312,0,58
BV08TR_0158,0,1.024708554883061,119,119
BV08TR_0158,1,1.0227485977450925,118,119
BV08TR_0158,2,1.02074810236849,117,119
BV08TR_0158,3,1.018774893804723,116,119
BV08TR_0158,4,1.0169410499451905,115,119
BV08TR_0158,5,1.015011377200022,114,119
BV08TR_0158,6,1.0130961633522382,113,119
BV08TR_0158,7,1.011122535121124,112,119
BV08TR_0158,8,1.0092354384382503,111,119
BV08TR_0158,9,1.007353870559943,110,119
BV08TR_0158,10,1.0054172685354088,109,119
BV08TR_0158,11,1.0034714896578727,108,119
BV08TR_0158,12,1.0015249061370024,107,119
BV08TR_0158,13,0.9996348116285466,106,119
BV08TR_0158,14,0.9976570103039244,105,119
BV08TR_0158,15,0.995739252767262,104,119
BV08TR_0158,16,0.9938675700749664,103,119
BV08TR_0158,17,0.991986552666396,102,119
BV08TR_0158,18,0.9901155453053292,101,119
BV08TR_0158,19,0.9882280306274493,100,119
BV08TR_0158,20,0.9862587543780235,99,119
BV08TR_0158,21,0.9843952070694344,98,119
BV08TR_0158,22,0.9825304725671506,97,119
BV08TR_0158,23,0.9805647278823512,96,119
BV08TR_0158,24,0.9786633896809706,95,119
BV08TR_0158,25,0.976805051380622,94,119
BV08TR_0158,26,0.9749100856201535,93,119
BV08TR_0158,27,0.973043204631348,92,119
BV08TR_0158,28,0.971187856854772,91,119
BV08TR_0158,29,0.9693169391134245,90,119
BV08TR_0158,30,0.9674132707598055,89,119
BV08TR_0158,31,0.965564572298638,88,119
BV08TR_0158,32,0.9636724780141714,87,119
BV08TR_0158,33,0.9618176530671084,86,119
BV08TR_0158,34,0.9599394898665365,85,119
BV08TR_0158,35,0.9581628729937444,84,119
BV08TR_0158,36,0.9562984511679714,83,119
BV08TR_0158,37,0.9544106369978412,82,119
BV08TR_0158,38,0.9524814692728054,81,119
BV08TR_0158,39,0.950592167789278,80,119
BV08TR_0158,40,0.9487454459070872,79,119
BV08TR_0158,41,0.9468618554147824,78,119
BV08TR_0158,42,0.944967735792264,77,119
BV08TR_0158,43,0.9430906247562868,76,119
BV08TR_0158,44,0.9412188756626965,75,119
BV08TR_0158,45,0.9393136599927452,74,119
BV08TR_0158,46,0.937305491470031,73,119
BV08TR_0158,47,0.935449677251844,72,119
BV08TR_0158,48,0.9335162691838647,71,119
BV08TR_0158,49,0.931601784671444,70,119
BV08TR_0158,50,0.929736615763556,69,119
BV08TR_0158,51,0.9277454513440536,68,119
BV08TR_0158,52,0.925803454168968,67,119
BV08TR_0158,53,0.9238472050977518,66,119
BV08TR_0158,54,0.921909172998724,65,119
BV08TR_0158,55,0.9200318312739167,64,119
BV08TR_0158,56,0.9181234087721272,63,119
BV08TR_0158,57,0.9160990818425268,62,119
BV08TR_0158,58,0.9141965086485192,61,119
BV08TR_0158,59,0.9122741745915928,60,119
BV08TR_0158,60,0.9102933883986184,59,119
BV08TR_0158,61,0.9083321558989005,58,119
BV08TR_0158,62,0.9063827447194261,57,119
BV08TR_0158,63,0.9045390437426124,56,119
BV08TR_0158,64,0.902636874149067,55,119
BV08TR_0158,65,0.9006527996272743,54,119
BV08TR_0158,66,0.8986496179383408,53,119
BV08TR_0158,67,0.896638674102218,52,119
BV08TR_0158,68,0.8946285590759089,51,119
BV08TR_0158,69,0.8927257487349749,50,119
BV08TR_0158,70,0.8907972989631583,49,119
BV08TR_0158,71,0.8888294061443348,48,119
BV08TR_0158,72,0.886892247976591,47,119
BV08TR_0158,73,0.8849767445277748,46,119
BV08TR_0158,74,0.8831145022263802,45,119
BV08TR_0158,75,0.881155142808485,44,119
BV08TR_0158,76,0.8792063035549721,43,119
BV08TR_0158,77,0.8773455345797074,42,119
BV08TR_0158,78,0.8754335677859542,41,119
BV08TR_0158,79,0.8734909690476542,40,119
BV08TR_0158,80,0.8715995039811322,39,119
BV08TR_0158,81,0.8696431519003412,38,119
BV08TR_0158,82,0.8677259965303664,37,119
BV08TR_0158,83,0.8658311288251674,36,119
BV08TR_0158,84,0.8639264297651783,35,119
BV08TR_0158,85,0.8620659936685242,34,119
BV08TR_0158,86,0.8602764553803176,33,119
BV08TR_0158,87,0.8584685908071652,32,119
BV08TR_0158,88,0.8566124921361221,31,119
BV08TR_0158,89,0.8548165782408716,30,119
BV08TR_0158,90,0.8529253989741755,29,119
BV08TR_0158,91,0.8510780536274727,28,119
BV08TR_0158,92,0.8492884956405934,27,119
BV08TR_0158,93,0.8473265866098167,26,119
BV08TR_0158,94,0.8453861814330027,25,119
BV08TR_0158,95,0.8435652975134484,24,119
BV08TR_0158,96,0.8417514901287817,23,119
BV08TR_0158,97,0.8398550055742242,22,119
BV08TR_0158,98,0.83804051308348,21,119
BV08TR_0158,99,0.8361331464059425,20,119
BV08TR_0158,100,0.8342666479342211,19,119
BV08TR_0158,101,0.8323983068817601,18,119
BV08TR_0158,102,0.8305184442425667,17,119
BV08TR_0158,103,0.828655525773966,16,119
BV08TR_0158,104,0.82673636597457,15,119
BV08TR_0158,105,0.824851659976457,14,119
BV08TR_0158,106,0.8228845994700782,13,119
BV08TR_0158,107,0.8209957010772562,12,119
BV08TR_0158,108,0.8191225293015967,11,119
BV08TR_0158,109,0.8172644109433961,10,119
BV08TR_0158,110,0.8153961713154628,9,119
BV08TR_0158,111,0.8134690702180388,8,119
BV08TR_0158,112,0.8115957243242488,7,119
BV08TR_0158,113,0.8096561566349074,6,119
BV08TR_0158,114,0.8078802363093522,5,119
BV08TR_0158,115,0.8060289493972755,4,119
BV08TR_0158,116,0.8041013045990336,3,119
BV08TR_0158,117,0.8021259607307465,2,119
BV08TR_0158,118,0.8001342055611926,1,119
BV08TR_0158,119,0.7981905164356209,0,119
BV08TR_0159,0,1.031504360412385,86,86
BV08TR_0159,1,1.0288185829027423,85,86
BV08TR_0159,2,1.026178049065241,84,86
BV08TR_0159,3,1.0234087483265313,83,86
BV08TR_0159,4,1.0208096722761324,82,86
BV08TR_0159,5,1.0182036364098073,81,86
BV08TR_0159,6,1.0155608629136343,80,86
BV08TR_0159,7,1.0130025807888206,79,86
BV08TR_0159,8,1.010364244546845,78,86
BV08TR_0159,9,1.007733757271654,77,86
BV08TR_0159,10,1.0050092568605775,76,86
BV08TR_0159,11,1.0022567697191898,75,86
BV08TR_0159,12,0.9995742553062364,74,86
BV08TR_0159,13,0.9969897622176324,73,86
BV08TR_0159,14,0.9942963748835226,72,86
BV08TR_0159,15,0.9915941918068144,71,86
BV08TR_0159,16,0.988931953522472,70,86
BV08TR_0159,17,0.9863649975877908,69,86
BV08TR_0159,18,0.9837631882050278,68,86
BV08TR_0159,19,0.98105534159083,67,86
BV08TR_0159,20,0.978368795773474,66,86
BV08TR_0159,21,0.9756652320268695,65,86
BV08TR_0159,22,0.9731179563500035,64,86
BV08TR_0159,23,0.97051110443918,63,86
BV08TR_0159,24,0.9678887428428502,62,86
BV08TR_0159,25,0.96519812295428,61,86
BV08TR_0159,26,0.9625986353733972,60,86
BV08TR_0159,27,0.9598731725721832,59,86
BV08TR_0159,28,0.957120403769441,58,86
BV08TR_0159,29,0.954481340456298,57,86
BV08TR_0159,30,0.9516712790330392,56,86
BV08TR_0159,31,0.9488958858714428,55,86
BV08TR_0159,32,0.9462160682457578,54,86
BV08TR_0159,33,0.9435225671756976,53,86
BV08TR_0159,34,0.9408528822183064,52,86
BV08TR_0159,35,0.938082726292642,51,86
BV08TR_0159,36,0.9354412107401782,50,86
BV08TR_0159,37,0.9326522042639304,49,86
BV08TR_0159,38,0.9299456063465886,48,86
BV08TR_0159,39,0.9270766301836177,47,86
BV08TR_0159,40,0.9244133410960584,46,86
BV08TR_0159,41,0.921726695282118,45,86
BV08TR_0159,42,0.918934986664632,44,86
BV08TR_0159,43,0.9161825953727484,43,86
BV08TR_0159,44,0.9133523147982032,42,86
BV08TR_0159,45,0.9106940632448716,41,86
BV08TR_0159,46,0.9079061016346168,40,86
BV08TR_0159,47,0.905112740018704,39,86
BV08TR_0159,48,0.9023183085970052,38,86
BV08TR_0159,49,0.8996403158915095,37,86
BV08TR_0159,50,0.896864489887309,36,86
BV08TR_0159,51,0.8941574319970416,35,86
BV08TR_0159,52,0.8913032025868058,34,86
BV08TR_0159,53,0.8885093053584961,33,86
BV08TR_0159,54,0.885657083194419,32,86
BV08TR_0159,55,0.8828523256451956,31,86
BV08TR_0159,56,0.8800597488600954,30,86
BV08TR_0159,57,0.8772004962734155,29,86
BV08TR_0159,58,0.8744292849835326,28,86
BV08TR_0159,59,0.871641449899979,27,86
BV08TR_0159,60,0.8687677751238012,26,86
BV08TR_0159,61,0.8660540795572995,25,86
BV08TR_0159,62,0.8631950088346385,24,86
BV08TR_0159,63,0.8603349988592583,23,86
BV08TR_0159,64,0.857597364857378,22,86
BV08TR_0159,65,0.8549517022152971,21,86
BV08TR_0159,66,0.8522571291595188,20,86
BV08TR_0159,67,0.8494271928479693,19,86
BV08TR_0159,68,0.8468135914111709,18,86
BV08TR_0159,69,0.8440912189166706,17,86
BV08TR_0159,70,0.8413795725456316,16,86
BV08TR_0159,71,0.8386621786341822,15,86
BV08TR_0159,72,0.8359436205011852,14,86
BV08TR_0159,73,0.8332020030093996,13,86
BV08TR_0159,74,0.8305436563011208,12,86
BV08TR_0159,75,0.8278495385943323,11,86
BV08TR_0159,76,0.8251480266034588,10,86
BV08TR_0159,77,0.8223781384426458,9,86
BV08TR_0159,78,0.8197149832125175,8,86
BV08TR_0159,79,0.8170033709186293,7,86
BV08TR_0159,80,0.8142535458571336,6,86
BV08TR_0159,81,0.8116474382427858,5,86
BV08TR_0159,82,0.8089245437628636,4,86
BV08TR_0159,83,0.806374179671941,3,86
BV08TR_0159,84,0.8035558012447828,2,86
BV08TR_0159,85,0.8009306760682076,1,86
BV08TR_0159,86,0.798422398301006,0,86
BV08TR_0160,0,0.9871088340683551,51,51
BV08TR_0160,1,0.9835831467622784,50,51
BV08TR_0160,2,0.9800266145741185,49,51
BV08TR_0160,3,0.97662047686835,48,51
BV08TR_0160,4,0.973141707267007,47,51
BV08TR_0160,5,0.9696624476682832,46,51
BV08TR_0160,6,0.9663236025293978,45,51
BV08TR_0160,7,0.9628831267482005,44,51
BV08TR_0160,8,0.9592965142089114,43,51
BV08TR_0160,9,0.9558724014909618,42,51
BV08TR_0160,10,0.9522742162750962,41,51
BV08TR_0160,11,0.9488611105297305,40,51
BV08TR_0160,12,0.9452483882311365,39,51
BV08TR_0160,13,0.9417228035187514,38,51
BV08TR_0160,14,0.9381880442681455,37,51
BV08TR_0160,15,0.9344988004547332,36,51
BV08TR_0160,16,0.9307672265051729,35,51
BV08TR_0160,17,0.9271456236993774,34,51
BV08TR_0160,18,0.9234447843230804,33,51
BV08TR_0160,19,0.9199258301721478,32,51
BV08TR_0160,20,0.9162839046652456,31,51
BV08TR_0160,21,0.9125698568006506,30,51
BV08TR_0160,22,0.9090248642522438,29,51
BV08TR_0160,23,0.9054121432969519,28,51
BV08TR_0160,24,0.9018271869071085,27,51
BV08TR_0160,25,0.8982613143345407,26,51
BV08TR_0160,26,0.8946746164566627,25,51
BV08TR_0160,27,0.8910675514536112,24,51
BV08TR_0160,28,0.8875361997435264,23,51
BV08TR_0160,29,0.8838060012213065,22,51
BV08TR_0160,30,0.8800929353355778,21,51
BV08TR_0160,31,0.8766335075393102,20,51
BV08TR_0160,32,0.8727464059008023,19,51
BV08TR_0160,33,0.8691487483707161,18,51
BV08TR_0160,34,0.8656526799027051,17,51
BV08TR_0160,35,0.861954912021201,16,51
BV08TR_0160,36,0.858356371208945,15,51
BV08TR_0160,37,0.8547670020709435,14,51
BV08TR_0160,38,0.8510978494758052,13,51
BV08TR_0160,39,0.8475244256243815,12,51
BV08TR_0160,40,0.8440390350862106,11,51
BV08TR_0160,41,0.8405348537389673,10,51
BV08TR_0160,42,0.8370837871251406,9,51
BV08TR_0160,43,0.8335803989618106,8,51
BV08TR_0160,44,0.8299775075969563,7,51
BV08TR_0160,45,0.8263852878996601,6,51
BV08TR_0160,46,0.8228630340778794,5,51
BV08TR_0160,47,0.8181141904030708,4,51
BV08TR_0160,48,0.8129786732461142,3,51
BV08TR_0160,49,0.8081135539009866,2,51
BV08TR_0160,50,0.8033528531321792,1,51
BV08TR_0160,51,0.7984542777977537,0,51
BV08TR_0161,0,0.9657612798725322,72,72
BV08TR_0161,1,0.9634664860183731,71,72
BV08TR_0161,2,0.9610447194487902,70,72
BV08TR_0161,3,0.9587559610242584,69,72
BV08TR_0161,4,0.9563811648597625,68,72
BV08TR_0161,5,0.9540456804028176,67,72
BV08TR_0161,6,0.9516433836042536,66,72
BV08TR_0161,7,0.9492769816780406,65,72
BV08TR_0161,8,0.9468932076755942,64,72
BV08TR_0161,9,0.9444875519894254,63,72
BV08TR_0161,10,0.942302740246705,62,72
BV08TR_0161,11,0.9398787263021352,61,72
BV08TR_0161,12,0.9373476807765352,60,72
BV08TR_0161,13,0.934972976939064,59,72
BV08TR_0161,14,0.9326323675644328,58,72
BV08TR_0161,15,0.9303470276693032,57,72
BV08TR_0161,16,0.9278691301431704,56,72
BV08TR_0161,17,0.925438032712095,55,72
BV08TR_0161,18,0.9230369661483674,54,72
BV08TR_0161,19,0.9206846193964245,53,72
BV08TR_0161,20,0.9182557321008804,52,72
BV08TR_0161,21,0.9159731366743724,51,72
BV08TR_0161,22,0.913688471299414,50,72
BV08TR_0161,23,0.9113687692147244,49,72
BV08TR_0161,24,0.9090005187963242,48,72
BV08TR_0161,25,0.9066526588953528,47,72
BV08TR_0161,26,0.9043544492057198,46,72
BV08TR_0161,27,0.9020322026079465,45,72
BV08TR_0161,28,0.8997166856132364,44,72
BV08TR_0161,29,0.8973709000473218,43,72
BV08TR_0161,30,0.8950562002423,42,72
BV08TR_0161,31,0.8927586857570274,41,72
BV08TR_0161,32,0.890421586498847,40,72
BV08TR_0161,33,0.8881153036573695,39,72
BV08TR_0161,34,0.8857348029547213,38,72
BV08TR_0161,35,0.8832756506267885,37,72
BV08TR_0161,36,0.8810212976461989,36,72
BV08TR_0161,37,0.8787452283912397,35,72
BV08TR_0161,38,0.8764465311336342,34,72
BV08TR_0161,39,0.8741931384461906,33,72
BV08TR_0161,40,0.8719331807550456,32,72
BV08TR_0161,41,0.8694842459884196,31,72
BV08TR_0161,42,0.867156956177265,30,72
BV08TR_0161,43,0.8648137623120304,29,72
BV08TR_0161,44,0.8625746012422989,28,72
BV08TR_0161,45,0.8603994305460446,27,72
BV08TR_0161,46,0.8581273726921081,26,72
BV08TR_0161,47,0.8559928685067055,25,72
BV08TR_0161,48,0.8537542367904053,24,72
BV08TR_0161,49,0.851520656361724,23,72
BV08TR_0161,50,0.8492291931010172,22,72
BV08TR_0161,51,0.8470347601961008,21,72
BV08TR_0161,52,0.8448068754041432,20,72
BV08TR_0161,53,0.8425340595903767,19,72
BV08TR_0161,54,0.840250741030358,18,72
BV08TR_0161,55,0.8380856017120224,17,72
BV08TR_0161,56,0.8358001348771732,16,72
BV08TR_0161,57,0.833523324246393,15,72
BV08TR_0161,58,0.8312851978457043,14,72
BV08TR_0161,59,0.8290591923346246,13,72
BV08TR_0161,60,0.8268194779202855,12,72
BV08TR_0161,61,0.8245232108882005,11,72
BV08TR_0161,62,0.8222470905455148,10,72
BV08TR_0161,63,0.8199793810866536,9,72
BV08TR_0161,64,0.8177154494077502,8,72
BV08TR_0161,65,0.8153330917379562,7,72
BV08TR_0161,66,0.813125491377716,6,72
BV08TR_0161,67,0.8107788459838405,5,72
BV08TR_0161,68,0.8084946366983367,4,72
BV08TR_0161,69,0.8061891143986613,3,72
BV08TR_0161,70,0.8038359071848349,2,72
BV08TR_0161,71,0.801524064502901,1,72
BV08TR_0161,72,0.7991589593607682,0,72
BV08TR_0162,0,0.997485499389792,63,63
BV08TR_0162,1,0.9946213018486704,62,63
BV08TR_0162,2,0.9917463529484025,61,63
BV08TR_0162,3,0.9887469210848066,60,63
BV08TR_0162,4,0.985853840647223,59,63
BV08TR_0162,5,0.9829226162811964,58,63
BV08TR_0162,6,0.9799132571357402,57,63
BV08TR_0162,7,0.976912259094118,56,63
BV08TR_0162,8,0.9740225258966498,55,63
BV08TR_0162,9,0.9710497337173024,54,63
BV08TR_0162,10,0.9681173002712898,53,63
BV08TR_0162,11,0.9651956782288627,52,63
BV08TR_0162,12,0.9623265979061348,51,63
BV08TR_0162,13,0.9591919162378475,50,63
BV08TR_0162,14,0.9561683127019198,49,63
BV08TR_0162,15,0.9532669566061586,48,63
BV08TR_0162,16,0.9503475959034542,47,63
BV08TR_0162,17,0.9473925613695118,46,63
BV08TR_0162,18,0.9443379847566876,45,63
BV08TR_0162,19,0.9413065365463904,44,63
BV08TR_0162,20,0.938346860628974,43,63
BV08TR_0162,21,0.9353856368019968,42,63
BV08TR_0162,22,0.9324425463132566,41,63
BV08TR_0162,23,0.929507641439576,40,63
BV08TR_0162,24,0.9265966658118916,39,63
BV08TR_0162,25,0.9236211832852356,38,63
BV08TR_0162,26,0.920676226061483,37,63
BV08TR_0162,27,0.9177041143650312,36,63
BV08TR_0162,28,0.9148760330233477,35,63
BV08TR_0162,29,0.9119234052878226,34,63
BV08TR_0162,30,0.9089060193733712,33,63
BV08TR_0162,31,0.905953424483685,32,63
BV08TR_0162,32,0.9030744677263706,31,63
BV08TR_0162,33,0.9001781522871135,30,63
BV08TR_0162,34,0.8972289578514616,29,63
BV08TR_0162,35,0.8943330031123848,28,63
BV08TR_0162,36,0.8914367821412399,27,63
BV08TR_0162,37,0.8884732112999003,26,63
BV08TR_0162,38,0.885622946798281,25,63
BV08TR_0162,39,0.8828961834926138,24,63
BV08TR_0162,40,0.8800197003041249,23,63
BV08TR_0162,41,0.8772323861076101,22,63
BV08TR_0162,42,0.8744641386288238,21,63
BV08TR_0162,43,0.8716407875001853,20,63
BV08TR_0162,44,0.8688030114983954,19,63
BV08TR_0162,45,0.8661791533890502,18,63
BV08TR_0162,46,0.8624901974742525,17,63
BV08TR_0162,47,0.8585593292769421,16,63
BV08TR_0162,48,0.8547144980377746,15,63
BV08TR_0162,49,0.8509883667196363,14,63
BV08TR_0162,50,0.8472732241559596,13,63
BV08TR_0162,51,0.843316014628044,12,63
BV08TR_0162,52,0.8394002123614177,11,63
BV08TR_0162,53,0.8353764842116188,10,63
BV08TR_0162,54,0.831707120693681,9,63
BV08TR_0162,55,0.8279144671252545,8,63
BV08TR_0162,56,0.8241031622425312,7,63
BV08TR_0162,57,0.8204736878029436,6,63
BV08TR_0162,58,0.816574585505932,5,63
BV08TR_0162,59,0.8127207589859304,4,63
BV08TR_0162,60,0.808768829169405,3,63
BV08TR_0162,61,0.8048211796886363,2,63
BV08TR_0162,62,0.8010285708792358,1,63
BV08TR_0162,63,0.797006292519467,0,63
BV08TR_0163,0,1.0355582464289483,74,74
BV08TR_0163,1,1.0323594860749679,73,74
BV08TR_0163,2,1.0291558108207128,72,74
BV08TR_0163,3,1.0258768327362051,71,74
BV08TR_0163,4,1.02272210620057,70,74
BV08TR_0163,5,1.0193812921085879,69,74
BV08TR_0163,6,1.01617752310471,68,74
BV08TR_0163,7,1.0128883334147996,67,74
BV08TR_0163,8,1.009562537498649,66,74
BV08TR_0163,9,1.006315329129121,65,74
BV08TR_0163,10,1.0029785432608251,64,74
BV08TR_0163,11,0.9997440551356934,63,74
BV08TR_0163,12,0.996561126269621,62,74
BV08TR_0163,13,0.9934037206137926,61,74
BV08TR_0163,14,0.9903062880839086,60,74
BV08TR_0163,15,0.9870665887822915,59,74
BV08TR_0163,16,0.9837104080170704,58,74
BV08TR_0163,17,0.9805956228088922,57,74
BV08TR_0163,18,0.9774615110311532,56,74
BV08TR_0163,19,0.9743470047973444,55,74
BV08TR_0163,20,0.9710511278529085,54,74
BV08TR_0163,21,0.9677468672234126,53,74
BV08TR_0163,22,0.964531260997892,52,74
BV08TR_0163,23,0.9614011010858552,51,74
BV08TR_0163,24,0.9582877737350682,50,74
BV08TR_0163,25,0.9551029742925712,49,74
BV08TR_0163,26,0.9519623444399038,48,74
BV08TR_0163,27,0.9488830701642704,47,74
BV08TR_0163,28,0.945788196189144,46,74
BV08TR_0163,29,0.9425569225872718,45,74
BV08TR_0163,30,0.939482287148165,44,74
BV08TR_0163,31,0.9364715841030598,43,74
BV08TR_0163,32,0.933405200896902,42,74
BV08TR_0163,33,0.9304765731307743,41,74
BV08TR_0163,34,0.927402336914046,40,74
BV08TR_0163,35,0.924290736877738,39,74
BV08TR_0163,36,0.9212626654453354,38,74
BV08TR_0163,37,0.918161775664656,37,74
BV08TR_0163,38,0.915073345053779,36,74
BV08TR_0163,39,0.9120354422215032,35,74
BV08TR_0163,40,0.9088843824108515,34,74
BV08TR_0163,41,0.9057648305550304,33,74
BV08TR_0163,42,0.902614354589603,32,74
BV08TR_0163,43,0.8995862007866422,31,74
BV08TR_0163,44,0.8963582692714164,30,74
BV08TR_0163,45,0.8933528808724507,29,74
BV08TR_0163,46,0.8902588753769777,28,74
BV08TR_0163,47,0.8872121492861857,27,74
BV08TR_0163,48,0.8840746387883682,26,74
BV08TR_0163,49,0.8808763961776996,25,74
BV08TR_0163,50,0.8776602742133639,24,74
BV08TR_0163,51,0.8745622707436345,23,74
BV08TR_0163,52,0.8712886596513246,22,74
BV08TR_0163,53,0.868043762428952,21,74
BV08TR_0163,54,0.864830797268959,20,74
BV08TR_0163,55,0.8615842430858605,19,74
BV08TR_0163,56,0.8583260193182058,18,74
BV08TR_0163,57,0.8551208998497642,17,74
BV08TR_0163,58,0.8518444035009607,16,74
BV08TR_0163,59,0.8486855747217514,15,74
BV08TR_0163,60,0.8453962727040343,14,74
BV08TR_0163,61,0.8422310061575587,13,74
BV08TR_0163,62,0.8389461562758161,12,74
BV08TR_0163,63,0.835630806061833,11,74
BV08TR_0163,64,0.832272703477735,10,74
BV08TR_0163,65,0.8289506526019756,9,74
BV08TR_0163,66,0.8256479178668896,8,74
BV08TR_0163,67,0.822322762754138,7,74
BV08TR_0163,68,0.8191234385506037,6,74
BV08TR_0163,69,0.815827612070359,5,74
BV08TR_0163,70,0.8125299007232148,4,74
BV08TR_0163,71,0.8091184228624907,3,74
BV08TR_0163,72,0.8059288461356633,2,74
BV08TR_0163,73,0.8025733034110955,1,74
BV08TR_0163,74,0.7993755908876442,0,74
BV08TR_0164,0,1.0006804704646795,94,94
BV08TR_0164,1,0.9984614261073732,93,94
BV08TR_0164,2,0.9963390140572188,92,94
BV08TR_0164,3,0.9940613056417792,91,94
BV08TR_0164,4,0.9919086125762325,90,94
BV08TR_0164,5,0.9897402534145494,89,94
BV08TR_0164,6,0.9874794903489102,88,94
BV08TR_0164,7,0.985396428307308,87,94
BV08TR_0164,8,0.9831646645399164,86,94
BV08TR_0164,9,0.9810014912505713,85,94
BV08TR_0164,10,0.97891702032242,84,94
BV08TR_0164,11,0.9766928409264385,83,94
BV08TR_0164,12,0.97452492606565,82,94
BV08TR_0164,13,0.9723927109504124,81,94
BV08TR_0164,14,0.9702257956296642,80,94
BV08TR_0164,15,0.9679796295098086,79,94
BV08TR_0164,16,0.9657842760841208,78,94
BV08TR_0164,17,0.96355173916857,77,94
BV08TR_0164,18,0.9614317139151962,76,94
BV08TR_0164,19,0.9592494721746265,75,94
BV08TR_0164,20,0.957051053989578,74,94
BV08TR_0164,21,0.9548015138132118,73,94
BV08TR_0164,22,0.9526855232171862,72,94
BV08TR_0164,23,0.950529494929021,71,94
BV08TR_0164,24,0.9482922988400178,70,94
BV08TR_0164,25,0.94619315075754,69,94
BV08TR_0164,26,0.944135660104997,68,94
BV08TR_0164,27,0.94195610927772,67,94
BV08TR_0164,28,0.9399329747875004,66,94
BV08TR_0164,29,0.9378164050975744,65,94
BV08TR_0164,30,0.93567449958177,64,94
BV08TR_0164,31,0.9335047980412494,63,94
BV08TR_0164,32,0.9313769457055942,62,94
BV08TR_0164,33,0.9292221712639064,61,94
BV08TR_0164,34,0.9271680882986486,60,94
BV08TR_0164,35,0.9250943340567388,59,94
BV08TR_0164,36,0.92297438717081,58,94
BV08TR_0164,37,0.9209968683511188,57,94
BV08TR_0164,38,0.9189522705617792,56,94
BV08TR_0164,39,0.9169172873438154,55,94
BV08TR_0164,40,0.9149088915748727,54,94
BV08TR_0164,41,0.9128324733935888,53,94
BV08TR_0164,42,0.9106737535631868,52,94
BV08TR_0164,43,0.9084578836025492,51,94
BV08TR_0164,44,0.9064269552341098,50,94
BV08TR_0164,45,0.9042784377603584,49,94
BV08TR_0164,46,0.9021910383347946,48,94
BV08TR_0164,47,0.9000715597991275,47,94
BV08TR_0164,48,0.8979780691305599,46,94
BV08TR_0164,49,0.8958716580545288,45,94
BV08TR_0164,50,0.8938206473686288,44,94
BV08TR_0164,51,0.8917206337509525,43,94
BV08TR_0164,52,0.8895678602805935,42,94
BV08TR_0164,53,0.8874053949239493,41,94
BV08TR_0164,54,0.8852904745086022,40,94
BV08TR_0164,55,0.8831356448383836,39,94
BV08TR_0164,56,0.8809424189737332,38,94
BV08TR_0164,57,0.8788816446262193,37,94
BV08TR_0164,58,0.8767561304919336,36,94
BV08TR_0164,59,0.8746334661994001,35,94
BV08TR_0164,60,0.87247707693713,34,94
BV08TR_0164,61,0.8703147637896896,33,94
BV08TR_0164,62,0.8681987149476871,32,94
BV08TR_0164,63,0.8659870210204723,31,94
BV08TR_0164,64,0.8638290825852504,30,94
BV08TR_0164,65,0.8617361039423704,29,94
BV08TR_0164,66,0.8595708757467682,28,94
BV08TR_0164,67,0.8574718907890312,27,94
BV08TR_0164,68,0.8552462218547472,26,94
BV08TR_0164,69,0.853009147033403,25,94
BV08TR_0164,70,0.8508194374173016,24,94
BV08TR_0164,71,0.8485650805937157,23,94
BV08TR_0164,72,0.8463523528074473,22,94
BV08TR_0164,73,0.8441992975404882,21,94
BV08TR_0164,74,0.8418458014854776,20,94
BV08TR_0164,75,0.8395864206178373,19,94
BV08TR_0164,76,0.8373287808262913,18,94
BV08TR_0164,77,0.8351982597480173,17,94
BV08TR_0164,78,0.8330246690245905,16,94
BV08TR_0164,79,0.830833368245589,15,94
BV08TR_0164,80,0.8286212045480496,14,94
BV08TR_0164,81,0.8265161491891632,13,94
BV08TR_0164,82,0.8243555359500939,12,94
BV08TR_0164,83,0.82214815590054,11,94
BV08TR_0164,84,0.8198914128918391,10,94
BV08TR_0164,85,0.8176795268615069,9,94
BV08TR_0164,86,0.8155097826282504,8,94
BV08TR_0164,87,0.8133656566723068,7,94
BV08TR_0164,88,0.811208493769039,6,94
BV08TR_0164,89,0.8089693659375853,5,94
BV08TR_0164,90,0.8068411107645911,4,94
BV08TR_0164,91,0.8046828200417255,3,94
BV08TR_0164,92,0.8025091542111829,2,94
BV08TR_0164,93,0.8003831773206056,1,94
BV08TR_0164,94,0.7982529735076669,0,94
BV08TR_0165,0,1.022687034138279,75,75
BV08TR_0165,1,1.0196793039152976,74,75
BV08TR_0165,2,1.0168372218996204,73,75
BV08TR_0165,3,1.013741351981096,72,75
BV08TR_0165,4,1.0107488150820003,71,75
BV08TR_0165,5,1.0078076759002312,70,75
BV08TR_0165,6,1.004720053811614,69,75
BV08TR_0165,7,1.001749037520548,68,75
BV08TR_0165,8,0.9987259958568162,67,75
BV08TR_0165,9,0.9957870579188242,66,75
BV08TR_0165,10,0.9926347282959468,65,75
BV08TR_0165,11,0.989597585076126,64,75
BV08TR_0165,12,0.9867263400923305,63,75
BV08TR_0165,13,0.983787381442012,62,75
BV08TR_0165,14,0.9807610628128824,61,75
BV08TR_0165,15,0.9777619031986188,60,75
BV08TR_0165,16,0.974806828721404,59,75
BV08TR_0165,17,0.971791572066646,58,75
BV08TR_0165,18,0.9687010032356004,57,75
BV08TR_0165,19,0.9657460138225582,56,75
BV08TR_0165,20,0.9626667529986388,55,75
BV08TR_0165,21,0.9596507931379425,54,75
BV08TR_0165,22,0.956572283844294,53,75
BV08TR_0165,23,0.9535944766528652,52,75
BV08TR_0165,24,0.950666006363184,51,75
BV08TR_0165,25,0.9476894653143144,50,75
BV08TR_0165,26,0.944696521740183,49,75
BV08TR_0165,27,0.9416508445287538,48,75
BV08TR_0165,28,0.9386251908058828,47,75
BV08TR_0165,29,0.9356791996250352,46,75
BV08TR_0165,30,0.9326801085481367,45,75
BV08TR_0165,31,0.9298612658428252,44,75
BV08TR_0165,32,0.9271081729408288,43,75
BV08TR_0165,33,0.924164159272491,42,75
BV08TR_0165,34,0.9212139719021782,41,75
BV08TR_0165,35,0.918245418995826,40,75
BV08TR_0165,36,0.91529197326175,39,75
BV08TR_0165,37,0.912421550046176,38,75
BV08TR_0165,38,0.909497674160698,37,75
BV08TR_0165,39,0.9066529629474838,36,75
BV08TR_0165,40,0.903799215333783,35,75
BV08TR_0165,41,0.9009283598449828,34,75
BV08TR_0165,42,0.8979514635250795,33,75
BV08TR_0165,43,0.8950419006232265,32,75
BV08TR_0165,44,0.892179426710691,31,75
BV08TR_0165,45,0.8890366155394177,30,75
BV08TR_0165,46,0.8860502713873099,29,75
BV08TR_0165,47,0.8831679854728216,28,75
BV08TR_0165,48,0.8801684686000725,27,75
BV08TR_0165,49,0.8772873096795345,26,75
BV08TR_0165,50,0.8744268456412032,25,75
BV08TR_0165,51,0.8715347460649479,24,75
BV08TR_0165,52,0.8686266811136384,23,75
BV08TR_0165,53,0.8656912166083852,22,75
BV08TR_0165,54,0.862749507089432,21,75
BV08TR_0165,55,0.859897784622473,20,75
BV08TR_0165,56,0.8569375068781246,19,75
BV08TR_0165,57,0.8539672200514793,18,75
BV08TR_0165,58,0.8508833035129946,17,75
BV08TR_0165,59,0.8478939728749041,16,75
BV08TR_0165,60,0.8450045570976065,15,75
BV08TR_0165,61,0.842010966331653,14,75
BV08TR_0165,62,0.8389014600329152,13,75
BV08TR_0165,63,0.8358374901913265,12,75
BV08TR_0165,64,0.832830643843215,11,75
BV08TR_0165,65,0.8297756303245437,10,75
BV08TR_0165,66,0.8266688075486446,9,75
BV08TR_0165,67,0.8237960588908952,8,75
BV08TR_0165,68,0.820797416853492,7,75
BV08TR_0165,69,0.817763371056332,6,75
BV08TR_0165,70,0.814802986930225,5,75
BV08TR_0165,71,0.8118293022991419,4,75
BV08TR_0165,72,0.8089345922685222,3,75
BV08TR_0165,73,0.8058226752900166,2,75
BV08TR_0165,74,0.8028060909224697,1,75
BV08TR_0165,75,0.7999640137431532,0,75
BV08TR_0166,0,0.9683244991668304,66,66
BV08TR_0166,1,0.965937622469821,65,66
BV08TR_0166,2,0.9635123578608288,64,66
BV08TR_0166,3,0.9609803863289432,63,66
BV08TR_0166,4,0.958448390526712,62,66
BV08TR_0166,5,0.9559042128157362,61,66
BV08TR_0166,6,0.9533975656911312,60,66
BV08TR_0166,7,0.9508898374957092,59,66
BV08TR_0166,8,0.9483570095528615,58,66
BV08TR_0166,9,0.9458335418348423,57,66
BV08TR_0166,10,0.9432648212598468,56,66
BV08TR_0166,11,0.9407485796337574,55,66
BV08TR_0166,12,0.938204672103708,54,66
BV08TR_0166,13,0.9356461848400826,53,66
BV08TR_0166,14,0.9330879045542522,52,66
BV08TR_0166,15,0.9305479798921252,51,66
BV08TR_0166,16,0.9280726391053908,50,66
BV08TR_0166,17,0.925573458949954,49,66
BV08TR_0166,18,0.923113939063428,48,66
BV08TR_0166,19,0.9206110697062128,47,66
BV08TR_0166,20,0.9180119754012852,46,66
BV08TR_0166,21,0.9154294111099246,45,66
BV08TR_0166,22,0.9127898496417065,44,66
BV08TR_0166,23,0.910339531535446,43,66
BV08TR_0166,24,0.907819701803168,42,66
BV08TR_0166,25,0.9053671943737563,41,66
BV08TR_0166,26,0.9028657253029506,40,66
BV08TR_0166,27,0.900184801223734,39,66
BV08TR_0166,28,0.8976095914257566,38,66
BV08TR_0166,29,0.8948996335413798,37,66
BV08TR_0166,30,0.8922230135100204,36,66
BV08TR_0166,31,0.8897797019564178,35,66
BV08TR_0166,32,0.8872645755489351,34,66
BV08TR_0166,33,0.8846638043307604,33,66
BV08TR_0166,34,0.8820555552673512,32,66
BV08TR_0166,35,0.8793795015846805,31,66
BV08TR_0166,36,0.8767476058698968,30,66
BV08TR_0166,37,0.8740422492889768,29,66
BV08TR_0166,38,0.8713880645052762,28,66
BV08TR_0166,39,0.8687724893235634,27,66
BV08TR_0166,40,0.8662159211070678,26,66
BV08TR_0166,41,0.8636263167924668,25,66
BV08TR_0166,42,0.8611412244469546,24,66
BV08TR_0166,43,0.8585518487346004,23,66
BV08TR_0166,44,0.85601318594056,22,66
BV08TR_0166,45,0.8533943134750418,21,66
BV08TR_0166,46,0.850756248951224,20,66
BV08TR_0166,47,0.848168263235593,19,66
BV08TR_0166,48,0.845516656048214,18,66
BV08TR_0166,49,0.8428354632602872,17,66
BV08TR_0166,50,0.8401884407173489,16,66
BV08TR_0166,51,0.837562040961582,15,66
BV08TR_0166,52,0.8350465044188583,14,66
BV08TR_0166,53,0.8325641261250868,13,66
BV08TR_0166,54,0.8299575594613908,12,66
BV08TR_0166,55,0.8273878696503475,11,66
BV08TR_0166,56,0.8247684628489892,10,66
BV08TR_0166,57,0.822202619810179,9,66
BV08TR_0166,58,0.8196154633524801,8,66
BV08TR_0166,59,0.817147222413438,7,66
BV08TR_0166,60,0.8146685435186123,6,66
BV08TR_0166,61,0.8121401236666935,5,66
BV08TR_0166,62,0.8097237031663805,4,66
BV08TR_0166,63,0.807210879435954,3,66
BV08TR_0166,64,0.8046868116569776,2,66
BV08TR_0166,65,0.8022167096612569,1,66
BV08TR_0166,66,0.7996442079548699,0,66
BV08TR_0167,0,1.030445081395799,73,73
BV08TR_0167,1,1.0273810450204695,72,73
BV08TR_0167,2,1.0244312570717884,71,73
BV08TR_0167,3,1.0213903093666359,70,73
BV08TR_0167,4,1.018390172569644,69,73
BV08TR_0167,5,1.015272885676076,68,73
BV08TR_0167,6,1.01240805073129,67,73
BV08TR_0167,7,1.009439042735293,66,73
BV08TR_0167,8,1.0065296771135308,65,73
BV08TR_0167,9,1.003480158310688,64,73
BV08TR_0167,10,1.0004724119358523,63,73
BV08TR_0167,11,0.9973560096054995,62,73
BV08TR_0167,12,0.9944877818016354,61,73
BV08TR_0167,13,0.9915413147353935,60,73
BV08TR_0167,14,0.9885731668805272,59,73
BV08TR_0167,15,0.9856436946419997,58,73
BV08TR_0167,16,0.982735477171096,57,73
BV08TR_0167,17,0.979938540587676,56,73
BV08TR_0167,18,0.9768738345287458,55,73
BV08TR_0167,19,0.9738311005023176,54,73
BV08TR_0167,20,0.970927289363915,53,73
BV08TR_0167,21,0.96789932328245,52,73
BV08TR_0167,22,0.9650389950241104,51,73
BV08TR_0167,23,0.9620422682406864,50,73
BV08TR_0167,24,0.9590318564520726,49,73
BV08TR_0167,25,0.9561304925162948,48,73
BV08TR_0167,26,0.9531843963547948,47,73
BV08TR_0167,27,0.950192479698652,46,73
BV08TR_0167,28,0.9471636306663203,45,73
BV08TR_0167,29,0.9442317311428,44,73
BV08TR_0167,30,0.9413061359470934,43,73
BV08TR_0167,31,0.9382234418963048,42,73
BV08TR_0167,32,0.935257600191514,41,73
BV08TR_0167,33,0.9323766782158665,40,73
BV08TR_0167,34,0.9292919778795518,39,73
BV08TR_0167,35,0.9262712999501835,38,73
BV08TR_0167,36,0.923180821655407,37,73
BV08TR_0167,37,0.9201167634001545,36,73
BV08TR_0167,38,0.9170136678991359,35,73
BV08TR_0167,39,0.9139749302866323,34,73
BV08TR_0167,40,0.9111243111488505,33,73
BV08TR_0167,41,0.90807314420466,32,73
BV08TR_0167,42,0.9051199126287226,31,73
BV08TR_0167,43,0.9020003877388562,30,73
BV08TR_0167,44,0.8990151961985985,29,73
BV08TR_0167,45,0.8958091996943383,28,73
BV08TR_0167,46,0.8926311609084668,27,73
BV08TR_0167,47,0.889631010894837,26,73
BV08TR_0167,48,0.88668435069284,25,73
BV08TR_0167,49,0.8836947229311288,24,73
BV08TR_0167,50,0.8806629202386514,23,73
BV08TR_0167,51,0.8775871093195403,22,73
BV08TR_0167,52,0.8745551386982477,21,73
BV08TR_0167,53,0.871560964954979,20,73
BV08TR_0167,54,0.8685396738003895,19,73
BV08TR_0167,55,0.8655347364421957,18,73
BV08TR_0167,56,0.862361394128966,17,73
BV08TR_0167,57,0.8591563274000446,16,73
BV08TR_0167,58,0.8554347079656589,15,73
BV08TR_0167,59,0.8515382162427944,14,73
BV08TR_0167,60,0.8476342855522874,13,73
BV08TR_0167,61,0.8438386818479454,12,73
BV08TR_0167,62,0.8400579320366806,11,73
BV08TR_0167,63,0.8361695222795571,10,73
BV08TR_0167,64,0.8323325258717315,9,73
BV08TR_0167,65,0.8283165896006812,8,73
BV08TR_0167,66,0.8244298580319006,7,73
BV08TR_0167,67,0.8203458520712654,6,73
BV08TR_0167,68,0.8167126804966903,5,73
BV08TR_0167,69,0.812927990279898,4,73
BV08TR_0167,70,0.8089588102860806,3,73
BV08TR_0167,71,0.8051597433372739,2,73
BV08TR_0167,72,0.801271724068634,1,73
BV08TR_0167,73,0.7974904219669431,0,73
BV08TR_0168,0,0.9631135597321506,57,57
BV08TR_0168,1,0.9603107738406674,56,57
BV08TR_0168,2,0.9574970861832905,55,57
BV08TR_0168,3,0.9546997218527238,54,57
BV08TR_0168,4,0.9519258778130318,53,57
BV08TR_0168,5,0.9491259629606984,52,57
BV08TR_0168,6,0.9461484676499023,51,57
BV08TR_0168,7,0.9434612600935222,50,57
BV08TR_0168,8,0.9405729527822365,49,57
BV08TR_0168,9,0.9377192570756352,48,57
BV08TR_0168,10,0.934903941024218,47,57
BV08TR_0168,11,0.9320946128947059,46,57
BV08TR_0168,12,0.9293854369784678,45,57
BV08TR_0168,13,0.92661619796067,44,57
BV08TR_0168,14,0.923817362426292,43,57
BV08TR_0168,15,0.92088880917957,42,57
BV08TR_0168,16,0.9179629197049268,41,57
BV08TR_0168,17,0.9150161387830364,40,57
BV08TR_0168,18,0.912042648626546,39,57
BV08TR_0168,19,0.9091606071685842,38,57
BV08TR_0168,20,0.9062340790649625,37,57
BV08TR_0168,21,0.9032816169206008,36,57
BV08TR_0168,22,0.9003775816617064,35,57
BV08TR_0168,23,0.8975548821772464,34,57
BV08TR_0168,24,0.8946047751244361,33,57
BV08TR_0168,25,0.891728673878938,32,57
BV08TR_0168,26,0.8887560666468499,31,57
BV08TR_0168,27,0.8858188034988742,30,57
BV08TR_0168,28,0.8828216385397485,29,57
BV08TR_0168,29,0.8798529281065735,28,57
BV08TR_0168,30,0.8768737634623585,27,57
BV08TR_0168,31,0.8738562987134472,26,57
BV08TR_0168,32,0.8709454916203082,25,57
BV08TR_0168,33,0.86798609480767,24,57
BV08TR_0168,34,0.8651144256689779,23,57
BV08TR_0168,35,0.8621881579546936,22,57
BV08TR_0168,36,0.8592818317380193,21,57
BV08TR_0168,37,0.8563910351241393,20,57
BV08TR_0168,38,0.8534200059521267,19,57
BV08TR_0168,39,0.8504667334361318,18,57
BV08TR_0168,40,0.847505250866249,17,57
BV08TR_0168,41,0.8445683352437204,16,57
BV08TR_0168,42,0.8417144422338938,15,57
BV08TR_0168,43,0.8387329325837842,14,57
BV08TR_0168,44,0.8357438707175734,13,57
BV08TR_0168,45,0.8328858928442924,12,57
BV08TR_0168,46,0.829966671885556,11,57
BV08TR_0168,47,0.8271165776790794,10,57
BV08TR_0168,48,0.8242143781174871,9,57
BV08TR_0168,49,0.8212506008277906,8,57
BV08TR_0168,50,0.8183645603873819,7,57
BV08TR_0168,51,0.815507058349714,6,57
BV08TR_0168,52,0.8127023388909406,5,57
BV08TR_0168,53,0.80980207348167,4,57
BV08TR_0168,54,0.8068372323662808,3,57
BV08TR_0168,55,0.8039642978941048,2,57
BV08TR_0168,56,0.801012776318648,1,57
BV08TR_0168,57,0.7982272659164386,0,57
BV08TR_0169,0,0.9551600679874312,49,49
BV08TR_0169,1,0.9520470135875055,48,49
BV08TR_0169,2,0.9487969103863026,47,49
BV08TR_0169,3,0.9457081593547192,46,49
BV08TR_0169,4,0.9427763474923426,45,49
BV08TR_0169,5,0.9398028842720982,44,49
BV08TR_0169,6,0.9367509166977004,43,49
BV08TR_0169,7,0.933588777138421,42,49
BV08TR_0169,8,0.9303169245684695,41,49
BV08TR_0169,9,0.9271699377249994,40,49
BV08TR_0169,10,0.9239047057345948,39,49
BV08TR_0169,11,0.9206225923148276,38,49
BV08TR_0169,12,0.9174246026200712,37,49
BV08TR_0169,13,0.9142722488170723,36,49
BV08TR_0169,14,0.9111638858957558,35,49
BV08TR_0169,15,0.9079844250316474,34,49
BV08TR_0169,16,0.904883569714336,33,49
BV08TR_0169,17,0.9016349895439506,32,49
BV08TR_0169,18,0.8983742636216928,31,49
BV08TR_0169,19,0.8952525680037199,30,49
BV08TR_0169,20,0.8921409161360058,29,49
BV08TR_0169,21,0.8888549003620168,28,49
BV08TR_0169,22,0.8857231695708327,27,49
BV08TR_0169,23,0.882483704234046,26,49
BV08TR_0169,24,0.8790901982686073,25,49
BV08TR_0169,25,0.8758321665328057,24,49
BV08TR_0169,26,0.8725746251590233,23,49
BV08TR_0169,27,0.8692906019817312,22,49
BV08TR_0169,28,0.865998027061804,21,49
BV08TR_0169,29,0.8626739886983157,20,49
BV08TR_0169,30,0.8594918414501668,19,49
BV08TR_0169,31,0.8562762137885932,18,49
BV08TR_0169,32,0.8529821762541703,17,49
BV08TR_0169,33,0.8496958592630953,16,49
BV08TR_0169,34,0.846281599098727,15,49
BV08TR_0169,35,0.8429823615310446,14,49
BV08TR_0169,36,0.8395661665355135,13,49
BV08TR_0169,37,0.8363712938122959,12,49
BV08TR_0169,38,0.8331580584347325,11,49
BV08TR_0169,39,0.8297718199696402,10,49
BV08TR_0169,40,0.8265684492424132,9,49
BV08TR_0169,41,0.8231324711119201,8,49
BV08TR_0169,42,0.819740431114741,7,49
BV08TR_0169,43,0.8165097116754887,6,49
BV08TR_0169,44,0.8132123698278577,5,49
BV08TR_0169,45,0.8099218491356251,4,49
BV08TR_0169,46,0.8067744267846135,3,49
BV08TR_0169,47,0.8034045089351856,2,49
BV08TR_0169,48,0.8002170318671715,1,49
BV08TR_0169,49,0.7970190522496249,0,49
BV08TR_0170,0,1.0368476303341212,100,100
BV08TR_0170,1,1.034551928236091,99,100
BV08TR_0170,2,1.032209537784496,98,100
BV08TR_0170,3,1.0298771260432467,97,100
BV08TR_0170,4,1.0276082666114914,96,100
BV08TR_0170,5,1.0252541080340727,95,100
BV08TR_0170,6,1.0228566359640971,94,100
BV08TR_0170,7,1.0205189243523929,93,100
BV08TR_0170,8,1.0181786575181782,92,100
BV08TR_0170,9,1.015876925114808,91,100
BV08TR_0170,10,1.0135058396422445,90,100
BV08TR_0170,11,1.0110348709092745,89,100
BV08TR_0170,12,1.0086750862605445,88,100
BV08TR_0170,13,1.0062902174020185,87,100
BV08TR_0170,14,1.003937269231007,86,100
BV08TR_0170,15,1.0014739366136376,85,100
BV08TR_0170,16,0.9992020569221772,84,100
BV08TR_0170,17,0.996793119227394,83,100
BV08TR_0170,18,0.9943699628333792,82,100
BV08TR_0170,19,0.9919374354876066,81,100
BV08TR_0170,20,0.9896271419758138,80,100
BV08TR_0170,21,0.987225610422296,79,100
BV08TR_0170,22,0.9848389142065745,78,100
BV08TR_0170,23,0.9823216787515489,77,100
BV08TR_0170,24,0.9798658716792294,76,100
BV08TR_0170,25,0.9773506002028515,75,100
BV08TR_0170,26,0.9749211467827108,74,100
BV08TR_0170,27,0.972544750153157,73,100
BV08TR_0170,28,0.9701007132508738,72,100
BV08TR_0170,29,0.9676025767736708,71,100
BV08TR_0170,30,0.9651431445782352,70,100
BV08TR_0170,31,0.9627324634315848,69,100
BV08TR_0170,32,0.9602484380616007,68,100
BV08TR_0170,33,0.9576968189315596,67,100
BV08TR_0170,34,0.9552474475683946,66,100
BV08TR_0170,35,0.9528132956978606,65,100
BV08TR_0170,36,0.950433696566628,64,100
BV08TR_0170,37,0.947860517024508,63,100
BV08TR_0170,38,0.9455063870562874,62,100
BV08TR_0170,39,0.9430662436292335,61,100
BV08TR_0170,40,0.9406337433036194,60,100
BV08TR_0170,41,0.9383165049429422,59,100
BV08TR_0170,42,0.93597900863636,58,100
BV08TR_0170,43,0.9334708633405904,57,100
BV08TR_0170,44,0.9310285227263264,56,100
BV08TR_0170,45,0.928577879233924,55,100
BV08TR_0170,46,0.926099389417102,54,100
BV08TR_0170,47,0.9237031806099304,53,100
BV08TR_0170,48,0.9212984383964766,52,100
BV08TR_0170,49,0.9188737890133272,51,100
BV08TR_0170,50,0.9164718281703508,50,100
BV08TR_0170,51,0.9141360006149842,49,100
BV08TR_0170,52,0.91174326666742,48,100
BV08TR_0170,53,0.909256512169574,47,100
BV08TR_0170,54,0.9069284181652152,46,100
BV08TR_0170,55,0.9046140573782,45,100
BV08TR_0170,56,0.90228660873926,44,100
BV08TR_0170,57,0.900001294493679,43,100
BV08TR_0170,58,0.8976416143981932,42,100
BV08TR_0170,59,0.8953101023301101,41,100
BV08TR_0170,60,0.8929504994363202,40,100
BV08TR_0170,61,0.8906184480869307,39,100
BV08TR_0170,62,0.8882108967171525,38,100
BV08TR_0170,63,0.8858790119608883,37,100
BV08TR_0170,64,0.8834403899966136,36,100
BV08TR_0170,65,0.8810666767432486,35,100
BV08TR_0170,66,0.8787165290522797,34,100
BV08TR_0170,67,0.876338251432292,33,100
BV08TR_0170,68,0.8739749783283995,32,100
BV08TR_0170,69,0.8717075285722042,31,100
BV08TR_0170,70,0.8693391127388792,30,100
BV08TR_0170,71,0.8669434860157993,29,100
BV08TR_0170,72,0.8645645656089284,28,100
BV08TR_0170,73,0.8622143832853983,27,100
BV08TR_0170,74,0.859888326819528,26,100
BV08TR_0170,75,0.8575390387968539,25,100
BV08TR_0170,76,0.8551598344303447,24,100
BV08TR_0170,77,0.8528231510528888,23,100
BV08TR_0170,78,0.8505546939791956,22,100
BV08TR_0170,79,0.8482102359995749,21,100
BV08TR_0170,80,0.8460068205401666,20,100
BV08TR_0170,81,0.8436053645278696,19,100
BV08TR_0170,82,0.8412505429871481,18,100
BV08TR_0170,83,0.8388896951983944,17,100
BV08TR_0170,84,0.8365218398129713,16,100
BV08TR_0170,85,0.8340584035752752,15,100
BV08TR_0170,86,0.8316929384866868,14,100
BV08TR_0170,87,0.829226997286675,13,100
BV08TR_0170,88,0.8267390182271874,12,100
BV08TR_0170,89,0.8243407503884087,11,100
BV08TR_0170,90,0.8219937390502076,10,100
BV08TR_0170,91,0.8197173132927974,9,100
BV08TR_0170,92,0.8172665546236229,8,100
BV08TR_0170,93,0.8148692506523866,7,100
BV08TR_0170,94,0.8123572442669806,6,100
BV08TR_0170,95,0.8099503057530899,5,100
BV08TR_0170,96,0.8075492036978152,4,100
BV08TR_0170,97,0.8051787718309648,3,100
BV08TR_0170,98,0.8026673490522785,2,100
BV08TR_0170,99,0.8002541693870285,1,100
BV08TR_0170,100,0.7977524419716558,0,100
BV08TR_0171,0,0.966166458320472,80,80
BV08TR_0171,1,0.9640574753857214,79,80
BV08TR_0171,2,0.9619751661915598,78,80
BV08TR_0171,3,0.9598790287418582,77,80
BV08TR_0171,4,0.9578842342014964,76,80
BV08TR_0171,5,0.95578103381287,75,80
BV08TR_0171,6,0.9537170562738816,74,80
BV08TR_0171,7,0.9516856269019085,73,80
BV08TR_0171,8,0.9496513052242515,72,80
BV08TR_0171,9,0.947646138963956,71,80
BV08TR_0171,10,0.9455703400969182,70,80
BV08TR_0171,11,0.9434715840733712,69,80
BV08TR_0171,12,0.9413919018197467,68,80
BV08TR_0171,13,0.9392926108255873,67,80
BV08TR_0171,14,0.9372349906847512,66,80
BV08TR_0171,15,0.9352446136577288,65,80
BV08TR_0171,16,0.9331909887463515,64,80
BV08TR_0171,17,0.9311990890574922,63,80
BV08TR_0171,18,0.9292247436247532,62,80
BV08TR_0171,19,0.9271885568998808,61,80
BV08TR_0171,20,0.9251199866202258,60,80
BV08TR_0171,21,0.9230247623528075,59,80
BV08TR_0171,22,0.9209765680666716,58,80
BV08TR_0171,23,0.9189812165010504,57,80
BV08TR_0171,24,0.916901185244635,56,80
BV08TR_0171,25,0.9147919936770408,55,80
BV08TR_0171,26,0.9127364820406496,54,80
BV08TR_0171,27,0.9107639629341446,53,80
BV08TR_0171,28,0.9086300094403228,52,80
BV08TR_0171,29,0.9065808924840415,51,80
BV08TR_0171,30,0.904481424584655,50,80
BV08TR_0171,31,0.9023891054945704,49,80
BV08TR_0171,32,0.900241149931335,48,80
BV08TR_0171,33,0.8981741313123022,47,80
BV08TR_0171,34,0.89609775527073,46,80
BV08TR_0171,35,0.8939497182267485,45,80
BV08TR_0171,36,0.891892178269854,44,80
BV08TR_0171,37,0.8897975868392216,43,80
BV08TR_0171,38,0.8876996293913478,42,80
BV08TR_0171,39,0.8855492854952965,41,80
BV08TR_0171,40,0.8834322430420548,40,80
BV08TR_0171,41,0.8813321300638856,39,80
BV08TR_0171,42,0.879332500188808,38,80
BV08TR_0171,43,0.8773408618749208,37,80
BV08TR_0171,44,0.8752177033661674,36,80
BV08TR_0171,45,0.8730525527862959,35,80
BV08TR_0171,46,0.8708993626497676,34,80
BV08TR_0171,47,0.8686952348149036,33,80
BV08TR_0171,48,0.8665848409781653,32,80
BV08TR_0171,49,0.8644110566595362,31,80
BV08TR_0171,50,0.8622521020843503,30,80
BV08TR_0171,51,0.8601223477438404,29,80
BV08TR_0171,52,0.858017793651268,28,80
BV08TR_0171,53,0.8559089011370085,27,80
BV08TR_0171,54,0.8537939589273594,26,80
BV08TR_0171,55,0.8515255581677545,25,80
BV08TR_0171,56,0.8494128818377655,24,80
BV08TR_0171,57,0.847356700014789,23,80
BV08TR_0171,58,0.8452157937001048,22,80
BV08TR_0171,59,0.843074867594953,21,80
BV08TR_0171,60,0.8410352056665172,20,80
BV08TR_0171,61,0.8389867629606198,19,80
BV08TR_0171,62,0.8369028826966781,18,80
BV08TR_0171,63,0.8348464445454716,17,80
BV08TR_0171,64,0.8327539243311228,16,80
BV08TR_0171,65,0.8306208515737356,15,80
BV08TR_0171,66,0.8285494349159865,14,80
BV08TR_0171,67,0.8265024474328523,13,80
BV08TR_0171,68,0.8243969571083782,12,80
BV08TR_0171,69,0.8223352031794936,11,80
BV08TR_0171,70,0.8202737235159737,10,80
BV08TR_0171,71,0.8182064209315028,9,80
BV08TR_0171,72,0.8161192528909774,8,80
BV08TR_0171,73,0.8141465860688002,7,80
BV08TR_0171,74,0.8120742580782152,6,80
BV08TR_0171,75,0.8099684773503225,5,80
BV08TR_0171,76,0.8079019106273319,4,80
BV08TR_0171,77,0.8059021477102817,3,80
BV08TR_0171,78,0.8038157160919961,2,80
BV08TR_0171,79,0.801781267413803,1,80
BV08TR_0171,80,0.799753976541225,0,80
BV08TR_0172,0,1.0489323287147754,103,103
BV08TR_0172,1,1.046566891176477,102,103
BV08TR_0172,2,1.0441432940638111,101,103
BV08TR_0172,3,1.041730380144796,100,103
BV08TR_0172,4,1.0394271703851783,99,103
BV08TR_0172,5,1.0368752267652763,98,103
BV08TR_0172,6,1.034504590328652,97,103
BV08TR_0172,7,1.0321408346760752,96,103
BV08TR_0172,8,1.0297773574676186,95,103
BV08TR_0172,9,1.0272779735931585,94,103
BV08TR_0172,10,1.0249465866888856,93,103
BV08TR_0172,11,1.0223983711044986,92,103
BV08TR_0172,12,1.02002612267761,91,103
BV08TR_0172,13,1.0175835019574757,90,103
BV08TR_0172,14,1.0151241014068413,89,103
BV08TR_0172,15,1.0127063522630009,88,103
BV08TR_0172,16,1.01027281115961,87,103
BV08TR_0172,17,1.0079456236135877,86,103
BV08TR_0172,18,1.005455663271624,85,103
BV08TR_0172,19,1.0030489265997697,84,103
BV08TR_0172,20,1.0006384339978882,83,103
BV08TR_0172,21,0.998164329906785,82,103
BV08TR_0172,22,0.9957314914509932,81,103
BV08TR_0172,23,0.9931941271510285,80,103
BV08TR_0172,24,0.990639467044932,79,103
BV08TR_0172,25,0.9883891449772344,78,103
BV08TR_0172,26,0.9858481035511755,77,103
BV08TR_0172,27,0.9833402575545792,76,103
BV08TR_0172,28,0.9809829914730088,75,103
BV08TR_0172,29,0.9784402960920036,74,103
BV08TR_0172,30,0.9760658752930348,73,103
BV08TR_0172,31,0.973578040252338,72,103
BV08TR_0172,32,0.9711398467544934,71,103
BV08TR_0172,33,0.9686654679739244,70,103
BV08TR_0172,34,0.9662808188086074,69,103
BV08TR_0172,35,0.9637952924880882,68,103
BV08TR_0172,36,0.961366930135809,67,103
BV08TR_0172,37,0.9589950529140656,66,103
BV08TR_0172,38,0.9564916915005712,65,103
BV08TR_0172,39,0.9540433153833064,64,103
BV08TR_0172,40,0.951668359745048,63,103
BV08TR_0172,41,0.9492960638665848,62,103
BV08TR_0172,42,0.9469225398588939,61,103
BV08TR_0172,43,0.9445261825275708,60,103
BV08TR_0172,44,0.9421122487632984,59,103
BV08TR_0172,45,0.9396561696076836,58,103
BV08TR_0172,46,0.9372938804180266,57,103
BV08TR_0172,47,0.9350116895613902,56,103
BV08TR_0172,48,0.932581055940434,55,103
BV08TR_0172,49,0.9302367388154898,54,103
BV08TR_0172,50,0.9277705594758106,53,103
BV08TR_0172,51,0.9254117768208332,52,103
BV08TR_0172,52,0.9230710510920115,51,103
BV08TR_0172,53,0.920759164094614,50,103
BV08TR_0172,54,0.9183502930774804,49,103
BV08TR_0172,55,0.9160146350966774,48,103
BV08TR_0172,56,0.9136322041570472,47,103
BV08TR_0172,57,0.9113109865636192,46,103
BV08TR_0172,58,0.9090094035715987,45,103
BV08TR_0172,59,0.9065840477260902,44,103
BV08TR_0172,60,0.9041366324338866,43,103
BV08TR_0172,61,0.9018234072310224,42,103
BV08TR_0172,62,0.8993683244428019,41,103
BV08TR_0172,63,0.896971709242691,40,103
BV08TR_0172,64,0.8945929633183444,39,103
BV08TR_0172,65,0.8922383815240494,38,103
BV08TR_0172,66,0.8898309968571492,37,103
BV08TR_0172,67,0.8873955665526452,36,103
BV08TR_0172,68,0.8850358619458862,35,103
BV08TR_0172,69,0.882640755618251,34,103
BV08TR_0172,70,0.8803120652839346,33,103
BV08TR_0172,71,0.8778805877818882,32,103
BV08TR_0172,72,0.8754292333661291,31,103
BV08TR_0172,73,0.8729508242717388,30,103
BV08TR_0172,74,0.8705689829500042,29,103
BV08TR_0172,75,0.8681273575462938,28,103
BV08TR_0172,76,0.865813010367504,27,103
BV08TR_0172,77,0.8635027166824428,26,103
BV08TR_0172,78,0.8611491914862809,25,103
BV08TR_0172,79,0.8586779348279884,24,103
BV08TR_0172,80,0.8563190720385868,23,103
BV08TR_0172,81,0.8538478688025112,22,103
BV08TR_0172,82,0.851372724309328,21,103
BV08TR_0172,83,0.8488659264033197,20,103
BV08TR_0172,84,0.8463633499410372,19,103
BV08TR_0172,85,0.8437764494538166,18,103
BV08TR_0172,86,0.8413737171883184,17,103
BV08TR_0172,87,0.8388486217461882,16,103
BV08TR_0172,88,0.8364064863474794,15,103
BV08TR_0172,89,0.8339627869991577,14,103
BV08TR_0172,90,0.8316184889840653,13,103
BV08TR_0172,91,0.8291409254818669,12,103
BV08TR_0172,92,0.8266684936890767,11,103
BV08TR_0172,93,0.8242272777895489,10,103
BV08TR_0172,94,0.8217530853316645,9,103
BV08TR_0172,95,0.819304611672245,8,103
BV08TR_0172,96,0.8169728787176193,7,103
BV08TR_0172,97,0.8146064296173738,6,103
BV08TR_0172,98,0.8121368839028683,5,103
BV08TR_0172,99,0.8097251484534274,4,103
BV08TR_0172,100,0.8072410112522216,3,103
BV08TR_0172,101,0.8047860231338868,2,103
BV08TR_0172,102,0.8022915305405408,1,103
BV08TR_0172,103,0.7999392166840079,0,103
BV08TR_0173,0,0.9575694839587308,58,58
BV08TR_0173,1,0.9548745400535226,57,58
BV08TR_0173,2,0.9522830710043252,56,58
BV08TR_0173,3,0.949649399710527,55,58
BV08TR_0173,4,0.9469818405137418,54,58
BV08TR_0173,5,0.9442773732238264,53,58
BV08TR_0173,6,0.9415882680174215,52,58
BV08TR_0173,7,0.9388131179895984,51,58
BV08TR_0173,8,0.9361501402197184,50,58
BV08TR_0173,9,0.9335949692131746,49,58
BV08TR_0173,10,0.9309962276307244,48,58
BV08TR_0173,11,0.9284307250215658,47,58
BV08TR_0173,12,0.9256666804539008,46,58
BV08TR_0173,13,0.9229539189155772,45,58
BV08TR_0173,14,0.9202821784498592,44,58
BV08TR_0173,15,0.917585242580398,43,58
BV08TR_0173,16,0.914862540588434,42,58
BV08TR_0173,17,0.9122394144735012,41,58
BV08TR_0173,18,0.9095082068306753,40,58
BV08TR_0173,19,0.9068906418197928,39,58
BV08TR_0173,20,0.9042012902937,38,58
BV08TR_0173,21,0.9015101504220722,37,58
BV08TR_0173,22,0.8988244377934508,36,58
BV08TR_0173,23,0.8961940482274436,35,58
BV08TR_0173,24,0.8934430867347014,34,58
BV08TR_0173,25,0.8906254967202839,33,58
BV08TR_0173,26,0.887848199402368,32,58
BV08TR_0173,27,0.8850192807720783,31,58
BV08TR_0173,28,0.8823373237358642,30,58
BV08TR_0173,29,0.8795882553268498,29,58
BV08TR_0173,30,0.8769366705164386,28,58
BV08TR_0173,31,0.8741277052642704,27,58
BV08TR_0173,32,0.871386019541948,26,58
BV08TR_0173,33,0.8685273464062555,25,58
BV08TR_0173,34,0.8658008030012718,24,58
BV08TR_0173,35,0.8629995451950542,23,58
BV08TR_0173,36,0.8603328836010302,22,58
BV08TR_0173,37,0.8575921272664478,21,58
BV08TR_0173,38,0.8546980818516355,20,58
BV08TR_0173,39,0.851975977689822,19,58
BV08TR_0173,40,0.8491224647181391,18,58
BV08TR_0173,41,0.8463141189133907,17,58
BV08TR_0173,42,0.843545611395301,16,58
BV08TR_0173,43,0.8408335078318778,15,58
BV08TR_0173,44,0.8379869645162625,14,58
BV08TR_0173,45,0.8353280181557088,13,58
BV08TR_0173,46,0.8326029072153038,12,58
BV08TR_0173,47,0.8297707996646206,11,58
BV08TR_0173,48,0.826949966694597,10,58
BV08TR_0173,49,0.8241957922307098,9,58
BV08TR_0173,50,0.8213883955213882,8,58
BV08TR_0173,51,0.8186332098309896,7,58
BV08TR_0173,52,0.8159300664794912,6,58
BV08TR_0173,53,0.8131613586321118,5,58
BV08TR_0173,54,0.8104767456245906,4,58
BV08TR_0173,55,0.8077029701827033,3,58
BV08TR_0173,56,0.8049832883730949,2,58
BV08TR_0173,57,0.802209227553733,1,58
BV08TR_0173,58,0.799453343447929,0,58
BV08TR_0174,0,0.9633464276742754,56,56
BV08TR_0174,1,0.9603463443018734,55,56
BV08TR_0174,2,0.9574390766149948,54,56
BV08TR_0174,3,0.9545702169221825,53,56
BV08TR_0174,4,0.9518127338088544,52,56
BV08TR_0174,5,0.9489198519659505,51,56
BV08TR_0174,6,0.9460865853895735,50,56
BV08TR_0174,7,0.9432591057771686,49,56
BV08TR_0174,8,0.9402605402131033,48,56
BV08TR_0174,9,0.9373907890421674,47,56
BV08TR_0174,10,0.9345538854765854,46,56
BV08TR_0174,11,0.9316207844659948,45,56
BV08TR_0174,12,0.9287068983943908,44,56
BV08TR_0174,13,0.9258973474883112,43,56
BV08TR_0174,14,0.9230438285769382,42,56
BV08TR_0174,15,0.920104786253283,41,56
BV08TR_0174,16,0.917257374864,40,56
BV08TR_0174,17,0.9142364958830685,39,56
BV08TR_0174,18,0.9113766205078964,38,56
BV08TR_0174,19,0.9084531667920305,37,56
BV08TR_0174,20,0.9055762229130728,36,56
BV08TR_0174,21,0.9025868913323554,35,56
BV08TR_0174,22,0.8996563239084538,34,56
BV08TR_0174,23,0.8967142506824348,33,56
BV08TR_0174,24,0.893590306217764,32,56
BV08TR_0174,25,0.8905014755206648,31,56
BV08TR_0174,26,0.8874626588308305,30,56
BV08TR_0174,27,0.884464909464502,29,56
BV08TR_0174,28,0.8814119150382931,28,56
BV08TR_0174,29,0.8782854637622415,27,56
BV08TR_0174,30,0.875097484744568,26,56
BV08TR_0174,31,0.872104009008183,25,56
BV08TR_0174,32,0.8691177288535632,24,56
BV08TR_0174,33,0.86602422299023,23,56
BV08TR_0174,34,0.86297190262324,22,56
BV08TR_0174,35,0.8598802604537209,21,56
BV08TR_0174,36,0.8570414372663931,20,56
BV08TR_0174,37,0.8539656629675295,19,56
BV08TR_0174,38,0.8509777006125857,18,56
BV08TR_0174,39,0.847883300321544,17,56
BV08TR_0174,40,0.8448925235008773,16,56
BV08TR_0174,41,0.8419049876791302,15,56
BV08TR_0174,42,0.838897954469136,14,56
BV08TR_0174,43,0.8360090875722692,13,56
BV08TR_0174,44,0.8329718173487387,12,56
BV08TR_0174,45,0.8300061649493703,11,56
BV08TR_0174,46,0.8270462797926303,10,56
BV08TR_0174,47,0.8240884663001432,9,56
BV08TR_0174,48,0.8211854308509225,8,56
BV08TR_0174,49,0.8182668043353541,7,56
BV08TR_0174,50,0.8152385375929232,6,56
BV08TR_0174,51,0.8122571066595587,5,56
BV08TR_0174,52,0.8092932876685668,4,56
BV08TR_0174,53,0.8064687627669345,3,56
BV08TR_0174,54,0.8036525220950133,2,56
BV08TR_0174,55,0.80069159097786,1,56
BV08TR_0174,56,0.7977393843523114,0,56
BV08TR_0175,0,1.001672688918571,88,88
BV08TR_0175,1,0.999549793904815,87,88
BV08TR_0175,2,0.9974652012955935,86,88
BV08TR_0175,3,0.995365897908987,85,88
BV08TR_0175,4,0.9932228915726308,84,88
BV08TR_0175,5,0.991220770825627,83,88
BV08TR_0175,6,0.989060654198484,82,88
BV08TR_0175,7,0.9869715432052172,81,88
BV08TR_0175,8,0.9848300250484985,80,88
BV08TR_0175,9,0.9827136925430598,79,88
BV08TR_0175,10,0.9805474831716452,78,88
BV08TR_0175,11,0.9783749891347469,77,88
BV08TR_0175,12,0.9762061137328436,76,88
BV08TR_0175,13,0.973872602176899,75,88
BV08TR_0175,14,0.9716240686835625,74,88
BV08TR_0175,15,0.9694427609300272,73,88
BV08TR_0175,16,0.9672226483852682,72,88
BV08TR_0175,17,0.9650808664677154,71,88
BV08TR_0175,18,0.9628950094338304,70,88
BV08TR_0175,19,0.9607308360058318,69,88
BV08TR_0175,20,0.9585733459377854,68,88
BV08TR_0175,21,0.9564082897303224,67,88
BV08TR_0175,22,0.9542221610250088,66,88
BV08TR_0175,23,0.9520118615885012,65,88
BV08TR_0175,24,0.9497588741751,64,88
BV08TR_0175,25,0.947516269505977,63,88
BV08TR_0175,26,0.9452355141675663,62,88
BV08TR_0175,27,0.9430419165819368,61,88
BV08TR_0175,28,0.940776871641237,60,88
BV08TR_0175,29,0.9385325365822362,59,88
BV08TR_0175,30,0.936268916348223,58,88
BV08TR_0175,31,0.933984327870634,57,88
BV08TR_0175,32,0.9318020781564924,56,88
BV08TR_0175,33,0.9295424968981636,55,88
BV08TR_0175,34,0.9272856489859652,54,88
BV08TR_0175,35,0.925015369511364,53,88
BV08TR_0175,36,0.9227998222455158,52,88
BV08TR_0175,37,0.9205739598763562,51,88
BV08TR_0175,38,0.918347390961111,50,88
BV08TR_0175,39,0.9161535742080222,49,88
BV08TR_0175,40,0.9139344832073852,48,88
BV08TR_0175,41,0.9117257550539032,47,88
BV08TR_0175,42,0.909463685436854,46,88
BV08TR_0175,43,0.9071945069868774,45,88
BV08TR_0175,44,0.90504313954194,44,88
BV08TR_0175,45,0.902827772529364,43,88
BV08TR_0175,46,0.9006662877249362,42,88
BV08TR_0175,47,0.8985265197687461,41,88
BV08TR_0175,48,0.8962549802607215,40,88
BV08TR_0175,49,0.8940940505816154,39,88
BV08TR_0175,50,0.8918881293413065,38,88
BV08TR_0175,51,0.8897576858000565,37,88
BV08TR_0175,52,0.8876315910291928,36,88
BV08TR_0175,53,0.8854794387567217,35,88
BV08TR_0175,54,0.8833453453014686,34,88
BV08TR_0175,55,0.8811475650595142,33,88
BV08TR_0175,56,0.8789406508178763,32,88
BV08TR_0175,57,0.8768344024672258,31,88
BV08TR_0175,58,0.8746779403068954,30,88
BV08TR_0175,59,0.8725717791263456,29,88
BV08TR_0175,60,0.8704910786723501,28,88
BV08TR_0175,61,0.8683755782767117,27,88
BV08TR_0175,62,0.8662095342792208,26,88
BV08TR_0175,63,0.864085091316005,25,88
BV08TR_0175,64,0.8620034466641968,24,88
BV08TR_0175,65,0.8599099681627353,23,88
BV08TR_0175,66,0.8578262664262043,22,88
BV08TR_0175,67,0.8556588234471095,21,88
BV08TR_0175,68,0.8530918508044877,20,88
BV08TR_0175,69,0.8504191491045071,19,88
BV08TR_0175,70,0.8477225570269376,18,88
BV08TR_0175,71,0.8450978576499909,17,88
BV08TR_0175,72,0.842508583339493,16,88
BV08TR_0175,73,0.8398195291952631,15,88
BV08TR_0175,74,0.8371104317256866,14,88
BV08TR_0175,75,0.8344598786551737,13,88
BV08TR_0175,76,0.8317931910192368,12,88
BV08TR_0175,77,0.8290453061681098,11,88
BV08TR_0175,78,0.8263062189307445,10,88
BV08TR_0175,79,0.8236175321722241,9,88
BV08TR_0175,80,0.8208245644299691,8,88
BV08TR_0175,81,0.8182433497343878,7,88
BV08TR_0175,82,0.8154865913553968,6,88
BV08TR_0175,83,0.8127395260539764,5,88
BV08TR_0175,84,0.8100431590273365,4,88
BV08TR_0175,85,0.807354298498004,3,88
BV08TR_0175,86,0.8046739653640734,2,88
BV08TR_0175,87,0.8019856833782746,1,88
BV08TR_0175,88,0.7991228658384091,0,88
BV08TR_0176,0,0.9864690161626242,85,85
BV08TR_0176,1,0.9842507083357592,84,85
BV08TR_0176,2,0.982171564155532,83,85
BV08TR_0176,3,0.9800762695156632,82,85
BV08TR_0176,4,0.97790383265273,81,85
BV08TR_0176,5,0.9758087843083432,80,85
BV08TR_0176,6,0.9736002135098086,79,85
BV08TR_0176,7,0.9713347530908621,78,85
BV08TR_0176,8,0.9690770455150084,77,85
BV08TR_0176,9,0.9669467298220326,76,85
BV08TR_0176,10,0.9647322311211282,75,85
BV08TR_0176,11,0.962540765746286,74,85
BV08TR_0176,12,0.9602239403069672,73,85
BV08TR_0176,13,0.9579817625589692,72,85
BV08TR_0176,14,0.9558230599258472,71,85
BV08TR_0176,15,0.9537117423364645,70,85
BV08TR_0176,16,0.9515608449174542,69,85
BV08TR_0176,17,0.9493113008714378,68,85
BV08TR_0176,18,0.947103910556391,67,85
BV08TR_0176,19,0.9449426415540488,66,85
BV08TR_0176,20,0.9427068894758792,65,85
BV08TR_0176,21,0.9405149933382398,64,85
BV08TR_0176,22,0.9382927398079655,63,85
BV08TR_0176,23,0.9360640194547126,62,85
BV08TR_0176,24,0.9339589692474044,61,85
BV08TR_0176,25,0.9316915382891675,60,85
BV08TR_0176,26,0.9294885652001422,59,85
BV08TR_0176,27,0.9272875113947746,58,85
BV08TR_0176,28,0.9249977267626794,57,85
BV08TR_0176,29,0.9226523562166694,56,85
BV08TR_0176,30,0.9204588664383065,55,85
BV08TR_0176,31,0.91821211157707,54,85
BV08TR_0176,32,0.9159562401095324,53,85
BV08TR_0176,33,0.9136276085365576,52,85
BV08TR_0176,34,0.9113982920074948,51,85
BV08TR_0176,35,0.9091486284854654,50,85
BV08TR_0176,36,0.906905166023685,49,85
BV08TR_0176,37,0.9046696821861266,48,85
BV08TR_0176,38,0.9024208206493024,47,85
BV08TR_0176,39,0.9001663669492903,46,85
BV08TR_0176,40,0.8979540585550096,45,85
BV08TR_0176,41,0.8957018245688106,44,85
BV08TR_0176,42,0.8933830358178378,43,85
BV08TR_0176,43,0.8910068087649634,42,85
BV08TR_0176,44,0.8887409035481618,41,85
BV08TR_0176,45,0.8865072219431662,40,85
BV08TR_0176,46,0.8843074643965602,39,85
BV08TR_0176,47,0.8821348797623915,38,85
BV08TR_0176,48,0.879908783068923,37,85
BV08TR_0176,49,0.8776238980295029,36,85
BV08TR_0176,50,0.8753255279284525,35,85
BV08TR_0176,51,0.8731307049855715,34,85
BV08TR_0176,52,0.8708501472561985,33,85
BV08TR_0176,53,0.8686025933449747,32,85
BV08TR_0176,54,0.8663416488837548,31,85
BV08TR_0176,55,0.864154643922078,30,85
BV08TR_0176,56,0.861921738263887,29,85
BV08TR_0176,57,0.8596294104407668,28,85
BV08TR_0176,58,0.857337925736026,27,85
BV08TR_0176,59,0.8550806971914418,26,85
BV08TR_0176,60,0.852912676497116,25,85
BV08TR_0176,61,0.8507408479236621,24,85
BV08TR_0176,62,0.848527093404203,23,85
BV08TR_0176,63,0.846239759956337,22,85
BV08TR_0176,64,0.8440988263336024,21,85
BV08TR_0176,65,0.8419932327965298,20,85
BV08TR_0176,66,0.8398162765461288,19,85
BV08TR_0176,67,0.8376402905083942,18,85
BV08TR_0176,68,0.835431477871357,17,85
BV08TR_0176,69,0.8331456777223347,16,85
BV08TR_0176,70,0.8309932691090995,15,85
BV08TR_0176,71,0.8288035488898892,14,85
BV08TR_0176,72,0.8265982926478,13,85
BV08TR_0176,73,0.8245545068429677,12,85
BV08TR_0176,74,0.8224248693184134,11,85
BV08TR_0176,75,0.8203461753306126,10,85
BV08TR_0176,76,0.8180359522497559,9,85
BV08TR_0176,77,0.81588291750785,8,85
BV08TR_0176,78,0.8137464493366492,7,85
BV08TR_0176,79,0.8115203533061245,6,85
BV08TR_0176,80,0.8093392399787595,5,85
BV08TR_0176,81,0.8071957615826612,4,85
BV08TR_0176,82,0.8050971022224263,3,85
BV08TR_0176,83,0.8028767895445277,2,85
BV08TR_0176,84,0.8006994719087918,1,85
BV08TR_0176,85,0.7984453771375561,0,85
BV08TR_0177,0,0.9905973669273495,63,63
BV08TR_0177,1,0.9874657039416822,62,63
BV08TR_0177,2,0.9844608252219252,61,63
BV08TR_0177,3,0.9814727835804175,60,63
BV08TR_0177,4,0.9784081082314114,59,63
BV08TR_0177,5,0.9752558916098605,58,63
BV08TR_0177,6,0.9721318132037238,57,63
BV08TR_0177,7,0.9690566782908012,56,63
BV08TR_0177,8,0.9659813723574415,55,63
BV08TR_0177,9,0.9629860492200724,54,63
BV08TR_0177,10,0.9598573917028514,53,63
BV08TR_0177,11,0.9567378338659248,52,63
BV08TR_0177,12,0.9536351672152458,51,63
BV08TR_0177,13,0.9504843800887465,50,63
BV08TR_0177,14,0.9474623695613692,49,63
BV08TR_0177,15,0.9444685144528704,48,63
BV08TR_0177,16,0.9413626573336112,47,63
BV08TR_0177,17,0.9382820155913115,46,63
BV08TR_0177,18,0.9351853822115554,45,63
BV08TR_0177,19,0.9321761471412175,44,63
BV08TR_0177,20,0.9292257362155796,43,63
BV08TR_0177,21,0.9262027964202155,42,63
BV08TR_0177,22,0.9232365531279364,41,63
BV08TR_0177,23,0.9202401264517046,40,63
BV08TR_0177,24,0.9171335900422543,39,63
BV08TR_0177,25,0.9141319521168912,38,63
BV08TR_0177,26,0.911047571249371,37,63
BV08TR_0177,27,0.9080674544001128,36,63
BV08TR_0177,28,0.9050178673630375,35,63
BV08TR_0177,29,0.9019722875991452,34,63
BV08TR_0177,30,0.8990818157241875,33,63
BV08TR_0177,31,0.8960173923384449,32,63
BV08TR_0177,32,0.8930696416379412,31,63
BV08TR_0177,33,0.8899381586471541,30,63
BV08TR_0177,34,0.8870180848584978,29,63
BV08TR_0177,35,0.8840379950857803,28,63
BV08TR_0177,36,0.8810191992896218,27,63
BV08TR_0177,37,0.8779537106187398,26,63
BV08TR_0177,38,0.8749631699682212,25,63
BV08TR_0177,39,0.8719455053786499,24,63
BV08TR_0177,40,0.8687822421429114,23,63
BV08TR_0177,41,0.865660555396334,22,63
BV08TR_0177,42,0.8625858469270019,21,63
BV08TR_0177,43,0.8595973796682698,20,63
BV08TR_0177,44,0.8564676744062178,19,63
BV08TR_0177,45,0.8534125046865038,18,63
BV08TR_0177,46,0.8503927820335418,17,63
BV08TR_0177,47,0.8473520488563578,16,63
BV08TR_0177,48,0.8443218559429811,15,63
BV08TR_0177,49,0.8411836042803996,14,63
BV08TR_0177,50,0.8381967843193288,13,63
BV08TR_0177,51,0.8350586577777522,12,63
BV08TR_0177,52,0.8318698749449338,11,63
BV08TR_0177,53,0.8286821227397962,10,63
BV08TR_0177,54,0.8256078460452236,9,63
BV08TR_0177,55,0.8225763956759328,8,63
BV08TR_0177,56,0.8194874709004312,7,63
BV08TR_0177,57,0.8164055210924003,6,63
BV08TR_0177,58,0.8132273523806068,5,63
BV08TR_0177,59,0.8101226851878824,4,63
BV08TR_0177,60,0.8070226990641358,3,63
BV08TR_0177,61,0.8038940427386856,2,63
BV08TR_0177,62,0.800801619230252,1,63
BV08TR_0177,63,0.7976156909737762,0,63
BV08TR_0178,0,1.0028720672211429,78,78
BV08TR_0178,1,1.0003409721639154,77,78
BV08TR_0178,2,0.997843580071369,76,78
BV08TR_0178,3,0.9953452939605488,75,78
BV08TR_0178,4,0.99263364485115,74,78
BV08TR_0178,5,0.9898746273131376,73,78
BV08TR_0178,6,0.9872309374298648,72,78
BV08TR_0178,7,0.9846390470906484,71,78
BV08TR_0178,8,0.9821180885564502,70,78
BV08TR_0178,9,0.9795877534231224,69,78
BV08TR_0178,10,0.9770811907085024,68,78
BV08TR_0178,11,0.9744408392367145,67,78
BV08TR_0178,12,0.9718419410598,66,78
BV08TR_0178,13,0.9693115340977324,65,78
BV08TR_0178,14,0.96685338562091,64,78
BV08TR_0178,15,0.96433062341928,63,78
BV08TR_0178,16,0.961858160148246,62,78
BV08TR_0178,17,0.9592941715150072,61,78
BV08TR_0178,18,0.956722305585046,60,78
BV08TR_0178,19,0.9541392583962595,59,78
BV08TR_0178,20,0.951505083227414,58,78
BV08TR_0178,21,0.9490076800521724,57,78
BV08TR_0178,22,0.9464578712400128,56,78
BV08TR_0178,23,0.943906405333642,55,78
BV08TR_0178,24,0.9413040012882978,54,78
BV08TR_0178,25,0.938733255840662,53,78
BV08TR_0178,26,0.936180100475044,52,78
BV08TR_0178,27,0.933659681458742,51,78
BV08TR_0178,28,0.930972913945734,50,78
BV08TR_0178,29,0.9284448160237946,49,78
BV08TR_0178,30,0.925819455138023,48,78
BV08TR_0178,31,0.9232033937653492,47,78
BV08TR_0178,32,0.9205323716469802,46,78
BV08TR_0178,33,0.917901094653713,45,78
BV08TR_0178,34,0.9153663105816044,44,78
BV08TR_0178,35,0.912717687660976,43,78
BV08TR_0178,36,0.9100811549891612,42,78
BV08TR_0178,37,0.9073853571657585,41,78
BV08TR_0178,38,0.9047109770595104,40,78
BV08TR_0178,39,0.9021098127945945,39,78
BV08TR_0178,40,0.8994916979356838,38,78
BV08TR_0178,41,0.8969906607151003,37,78
BV08TR_0178,42,0.8942696321961764,36,78
BV08TR_0178,43,0.8916347999338468,35,78
BV08TR_0178,44,0.8891185831194348,34,78
BV08TR_0178,45,0.8865052882384359,33,78
BV08TR_0178,46,0.8838892417561885,32,78
BV08TR_0178,47,0.8812297949904201,31,78
BV08TR_0178,48,0.8786440491490906,30,78
BV08TR_0178,49,0.8759924184187448,29,78
BV08TR_0178,50,0.8733591045109816,28,78
BV08TR_0178,51,0.8706001156268351,27,78
BV08TR_0178,52,0.8680048117579328,26,78
BV08TR_0178,53,0.8653873187746719,25,78
BV08TR_0178,54,0.8626839250576711,24,78
BV08TR_0178,55,0.8599796672899398,23,78
BV08TR_0178,56,0.8572909083548956,22,78
BV08TR_0178,57,0.85466988855338,21,78
BV08TR_0178,58,0.852028814219721,20,78
BV08TR_0178,59,0.8493960005401753,19,78
BV08TR_0178,60,0.8466793511935485,18,78
BV08TR_0178,61,0.8439907534224771,17,78
BV08TR_0178,62,0.8414129793396045,16,78
BV08TR_0178,63,0.8388838405724262,15,78
BV08TR_0178,64,0.8362491205804026,14,78
BV08TR_0178,65,0.833690568896773,13,78
BV08TR_0178,66,0.8309454772996095,12,78
BV08TR_0178,67,0.8283249078185879,11,78
BV08TR_0178,68,0.8257690237376218,10,78
BV08TR_0178,69,0.8230573613091609,9,78
BV08TR_0178,70,0.8204166094925706,8,78
BV08TR_0178,71,0.8178622862205559,7,78
BV08TR_0178,72,0.8152773258183273,6,78
BV08TR_0178,73,0.8127106471332267,5,78
BV08TR_0178,74,0.8101765984862626,4,78
BV08TR_0178,75,0.8075898524882439,3,78
BV08TR_0178,76,0.804941372274716,2,78
BV08TR_0178,77,0.8023311027491228,1,78
BV08TR_0178,78,0.7997293063005989,0,78
BV08TR_0179,0,0.9884265396150645,77,77
BV08TR_0179,1,0.9861510985311382,76,77
BV08TR_0179,2,0.9838153635745492,75,77
BV08TR_0179,3,0.9815021139823212,74,77
BV08TR_0179,4,0.9791371389284435,73,77
BV08TR_0179,5,0.976803058642709,72,77
BV08TR_0179,6,0.974406057945445,71,77
BV08TR_0179,7,0.9720362804009072,70,77
BV08TR_0179,8,0.9698591829865324,69,77
BV08TR_0179,9,0.967497285495668,68,77
BV08TR_0179,10,0.9651257263385246,67,77
BV08TR_0179,11,0.9627826667154944,66,77
BV08TR_0179,12,0.9603854980522608,65,77
BV08TR_0179,13,0.9580097627232635,64,77
BV08TR_0179,14,0.9557165764398154,63,77
BV08TR_0179,15,0.9532622391491712,62,77
BV08TR_0179,16,0.9507803092908614,61,77
BV08TR_0179,17,0.9485391573142946,60,77
BV08TR_0179,18,0.9461163717980732,59,77
BV08TR_0179,19,0.9437840897940122,58,77
BV08TR_0179,20,0.9414685187764466,57,77
BV08TR_0179,21,0.9390793012453394,56,77
BV08TR_0179,22,0.9367653360269118,55,77
BV08TR_0179,23,0.9343383949839664,54,77
BV08TR_0179,24,0.93196619248735,53,77
BV08TR_0179,25,0.9295522706992618,52,77
BV08TR_0179,26,0.927099426380082,51,77
BV08TR_0179,27,0.924614397479461,50,77
BV08TR_0179,28,0.9220633466272915,49,77
BV08TR_0179,29,0.9196219793834906,48,77
BV08TR_0179,30,0.9172228897976268,47,77
BV08TR_0179,31,0.914874299910868,46,77
BV08TR_0179,32,0.912503488346846,45,77
BV08TR_0179,33,0.9100006392231972,44,77
BV08TR_0179,34,0.907505421980154,43,77
BV08TR_0179,35,0.9050254798296012,42,77
BV08TR_0179,36,0.9026446521388553,41,77
BV08TR_0179,37,0.90023688175081,40,77
BV08TR_0179,38,0.8978296788260522,39,77
BV08TR_0179,39,0.8954295927119983,38,77
BV08TR_0179,40,0.8930283548449669,37,77
BV08TR_0179,41,0.8905851361219681,36,77
BV08TR_0179,42,0.8882019686202145,35,77
BV08TR_0179,43,0.8856668826285403,34,77
BV08TR_0179,44,0.8832466120498284,33,77
BV08TR_0179,45,0.880941626714224,32,77
BV08TR_0179,46,0.8785554997033235,31,77
BV08TR_0179,47,0.8761282942315713,30,77
BV08TR_0179,48,0.8737335766168552,29,77
BV08TR_0179,49,0.8713737680226731,28,77
BV08TR_0179,50,0.8690683726215818,27,77
BV08TR_0179,51,0.8666930944219708,26,77
BV08TR_0179,52,0.8643659846018558,25,77
BV08TR_0179,53,0.8620424383724211,24,77
BV08TR_0179,54,0.8597684246144746,23,77
BV08TR_0179,55,0.8573101365765075,22,77
BV08TR_0179,56,0.8548837736943635,21,77
BV08TR_0179,57,0.8525407803330814,20,77
BV08TR_0179,58,0.8502505959351015,19,77
BV08TR_0179,59,0.8479428174866768,18,77
BV08TR_0179,60,0.845509578065653,17,77
BV08TR_0179,61,0.8432470153016435,16,77
BV08TR_0179,62,0.840874717081382,15,77
BV08TR_0179,63,0.8379306212541976,14,77
BV08TR_0179,64,0.8349909283975463,13,77
BV08TR_0179,65,0.8320877876212537,12,77
BV08TR_0179,66,0.8290459996501282,11,77
BV08TR_0179,67,0.8262583242315682,10,77
BV08TR_0179,68,0.8234299363938401,9,77
BV08TR_0179,69,0.8206010430171508,8,77
BV08TR_0179,70,0.8177031270088424,7,77
BV08TR_0179,71,0.8148020218438299,6,77
BV08TR_0179,72,0.8119146150801032,5,77
BV08TR_0179,73,0.8090659140210684,4,77
BV08TR_0179,74,0.8062981067991285,3,77
BV08TR_0179,75,0.803469741181756,2,77
BV08TR_0179,76,0.8005811335873174,1,77
BV08TR_0179,77,0.7976076357295133,0,77
BV08TR_0180,0,1.046345788731132,99,99
BV08TR_0180,1,1.0438637743216028,98,99
BV08TR_0180,2,1.0413462287067845,97,99
BV08TR_0180,3,1.038751619874502,96,99
BV08TR_0180,4,1.036167260695313,95,99
BV08TR_0180,5,1.0337598343477745,94,99
BV08TR_0180,6,1.0312964377395524,93,99
BV08TR_0180,7,1.0288306895062536,92,99
BV08TR_0180,8,1.0264234726326116,91,99
BV08TR_0180,9,1.024043165105271,90,99
BV08TR_0180,10,1.0215695998793886,89,99
BV08TR_0180,11,1.0191273681366841,88,99
BV08TR_0180,12,1.0166883134646185,87,99
BV08TR_0180,13,1.0142677367563564,86,99
BV08TR_0180,14,1.011828654884539,85,99
BV08TR_0180,15,1.0093795792392286,84,99
BV08TR_0180,16,1.0069457715907546,83,99
BV08TR_0180,17,1.0045266661801362,82,99
BV08TR_0180,18,1.0020900318519002,81,99
BV08TR_0180,19,0.9995280399467312,80,99
BV08TR_0180,20,0.9971054257788842,79,99
BV08TR_0180,21,0.9947080442466762,78,99
BV08TR_0180,22,0.9922653451574875,77,99
BV08TR_0180,23,0.989739288052779,76,99
BV08TR_0180,24,0.98734788036301,75,99
BV08TR_0180,25,0.9848567625853565,74,99
BV08TR_0180,26,0.9823855800857458,73,99
BV08TR_0180,27,0.9799549921671782,72,99
BV08TR_0180,28,0.9774853871416265,71,99
BV08TR_0180,29,0.975002644058712,70,99
BV08TR_0180,30,0.9725387924022665,69,99
BV08TR_0180,31,0.9701377166682192,68,99
BV08TR_0180,32,0.9675835349603956,67,99
BV08TR_0180,33,0.9651018117267784,66,99
BV08TR_0180,34,0.9625884036137464,65,99
BV08TR_0180,35,0.960184455407508,64,99
BV08TR_0180,36,0.9576331390622702,63,99
BV08TR_0180,37,0.9549825300898918,62,99
BV08TR_0180,38,0.9523918361639948,61,99
BV08TR_0180,39,0.9497815839268764,60,99
BV08TR_0180,40,0.947145506000138,59,99
BV08TR_0180,41,0.9445880158715578,58,99
BV08TR_0180,42,0.9420210829473245,57,99
BV08TR_0180,43,0.93940125179444,56,99
BV08TR_0180,44,0.9368095747663525,55,99
BV08TR_0180,45,0.9341710712764192,54,99
BV08TR_0180,46,0.931625437943268,53,99
BV08TR_0180,47,0.9290479022835558,52,99
BV08TR_0180,48,0.9264404756710986,51,99
BV08TR_0180,49,0.923766708123696,50,99
BV08TR_0180,50,0.9211804857414675,49,99
BV08TR_0180,51,0.9184921813401304,48,99
BV08TR_0180,52,0.9158614790795122,47,99
BV08TR_0180,53,0.9132685096403288,46,99
BV08TR_0180,54,0.910733715690314,45,99
BV08TR_0180,55,0.908233582005796,44,99
BV08TR_0180,56,0.9055918615534218,43,99
BV08TR_0180,57,0.9029535321515484,42,99
BV08TR_0180,58,0.9003961100796276,41,99
BV08TR_0180,59,0.897881286773411,40,99
BV08TR_0180,60,0.8951847705331006,39,99
BV08TR_0180,61,0.8925857870134888,38,99
BV08TR_0180,62,0.8900887095539647,37,99
BV08TR_0180,63,0.8876666478253764,36,99
BV08TR_0180,64,0.885055070105508,35,99
BV08TR_0180,65,0.88263466601315,34,99
BV08TR_0180,66,0.8801501890363966,33,99
BV08TR_0180,67,0.8775000646121565,32,99
BV08TR_0180,68,0.8750664883671488,31,99
BV08TR_0180,69,0.8726634897921022,30,99
BV08TR_0180,70,0.8700981502336907,29,99
BV08TR_0180,71,0.8676271203425274,28,99
BV08TR_0180,72,0.8650774535498009,27,99
BV08TR_0180,73,0.8626636225867556,26,99
BV08TR_0180,74,0.860130002790293,25,99
BV08TR_0180,75,0.857659538967996,24,99
BV08TR_0180,76,0.8552032212765805,23,99
BV08TR_0180,77,0.8527435080525296,22,99
BV08TR_0180,78,0.8503010356601128,21,99
BV08TR_0180,79,0.8477776792056315,20,99
BV08TR_0180,80,0.84534849626392,19,99
BV08TR_0180,81,0.8428988696087099,18,99
BV08TR_0180,82,0.8404743321439782,17,99
BV08TR_0180,83,0.8379744446544328,16,99
BV08TR_0180,84,0.8356404637589564,15,99
BV08TR_0180,85,0.833120072383185,14,99
BV08TR_0180,86,0.8307086179256414,13,99
BV08TR_0180,87,0.8282786473646956,12,99
BV08TR_0180,88,0.8257229212395745,11,99
BV08TR_0180,89,0.8233104160843578,10,99
BV08TR_0180,90,0.8208988177561292,9,99
BV08TR_0180,91,0.8184099471522545,8,99
BV08TR_0180,92,0.8158811715934997,7,99
BV08TR_0180,93,0.813356817042145,6,99
BV08TR_0180,94,0.8108396535128821,5,99
BV08TR_0180,95,0.8084295183158695,4,99
BV08TR_0180,96,0.8058862414135981,3,99
BV08TR_0180,97,0.8032777864839163,2,99
BV08TR_0180,98,0.8007626459183395,1,99
BV08TR_0180,99,0.7982917083560881,0,99
BV08TR_0181,0,1.038894721339313,117,117
BV08TR_0181,1,1.036959060310927,116,117
BV08TR_0181,2,1.034991894643894,115,117
BV08TR_0181,3,1.033053595723158,114,117
BV08TR_0181,4,1.0311432598738333,113,117
BV08TR_0181,5,1.029299583851639,112,117
BV08TR_0181,6,1.0273608518992399,111,117
BV08TR_0181,7,1.0254668777909268,110,117
BV08TR_0181,8,1.0235563089799486,109,117
BV08TR_0181,9,1.0216231137740193,108,117
BV08TR_0181,10,1.019774911425876,107,117
BV08TR_0181,11,1.0178722605238528,106,117
BV08TR_0181,12,1.0159374242535615,105,117
BV08TR_0181,13,1.0140815442589102,104,117
BV08TR_0181,14,1.012212285985624,103,117
BV08TR_0181,15,1.010308182132808,102,117
BV08TR_0181,16,1.00835901171347,101,117
BV08TR_0181,17,1.006384900587769,100,117
BV08TR_0181,18,1.00462150958553,99,117
BV08TR_0181,19,1.0027631387596205,98,117
BV08TR_0181,20,1.0009234472275583,97,117
BV08TR_0181,21,0.9989700925183232,96,117
BV08TR_0181,22,0.997025250279712,95,117
BV08TR_0181,23,0.9950819093413013,94,117
BV08TR_0181,24,0.9931932064507828,93,117
BV08TR_0181,25,0.9913031177092765,92,117
BV08TR_0181,26,0.9894046533511536,91,117
BV08TR_0181,27,0.987494640983876,90,117
BV08TR_0181,28,0.9855310634028986,89,117
BV08TR_0181,29,0.9836056262555776,88,117
BV08TR_0181,30,0.9816149145140496,87,117
BV08TR_0181,31,0.9797448531463911,86,117
BV08TR_0181,32,0.977745658724135,85,117
BV08TR_0181,33,0.9757780782592356,84,117
BV08TR_0181,34,0.973922692100964,83,117
BV08TR_0181,35,0.9719621754173088,82,117
BV08TR_0181,36,0.9700494613406327,81,117
BV08TR_0181,37,0.968158298588882,80,117
BV08TR_0181,38,0.966289225362322,79,117
BV08TR_0181,39,0.964372228477258,78,117
BV08TR_0181,40,0.9623636045758185,77,117
BV08TR_0181,41,0.9604218405573912,76,117
BV08TR_0181,42,0.9584596190817282,75,117
BV08TR_0181,43,0.9565096259266314,74,117
BV08TR_0181,44,0.9545663718961463,73,117
BV08TR_0181,45,0.9527369793889162,72,117
BV08TR_0181,46,0.9506916852065807,71,117
BV08TR_0181,47,0.9487295496727055,70,117
BV08TR_0181,48,0.9467907671410364,69,117
BV08TR_0181,49,0.944743794247963,68,117
BV08TR_0181,50,0.94279779044965,67,117
BV08TR_0181,51,0.9407855726007363,66,117
BV08TR_0181,52,0.938811617038744,65,117
BV08TR_0181,53,0.9368214408800108,64,117
BV08TR_0181,54,0.9348167510130575,63,117
BV08TR_0181,55,0.9328702654814676,62,117
BV08TR_0181,56,0.9308955141857145,61,117
BV08TR_0181,57,0.928989424754494,60,117
BV08TR_0181,58,0.926985948863803,59,117
BV08TR_0181,59,0.9250525804267988,58,117
BV08TR_0181,60,0.9230971596518428,57,117
BV08TR_0181,61,0.921200396738382,56,117
BV08TR_0181,62,0.9192313757819927,55,117
BV08TR_0181,63,0.9173341184903056,54,117
BV08TR_0181,64,0.9153502757001588,53,117
BV08TR_0181,65,0.9134252771659972,52,117
BV08TR_0181,66,0.9115459230256328,51,117
BV08TR_0181,67,0.9096690217176395,50,117
BV08TR_0181,68,0.9077820850611654,49,117
BV08TR_0181,69,0.9059394729394672,48,117
BV08TR_0181,70,0.9040168606365582,47,117
BV08TR_0181,71,0.9020429686896426,46,117
BV08TR_0181,72,0.9000674887088332,45,117
BV08TR_0181,73,0.8981846223642295,44,117
BV08TR_0181,74,0.8963177971084926,43,117
BV08TR_0181,75,0.894405276912188,42,117
BV08TR_0181,76,0.8925005250344461,41,117
BV08TR_0181,77,0.8905877379974002,40,117
BV08TR_0181,78,0.888626367177956,39,117
BV08TR_0181,79,0.8867349921064761,38,117
BV08TR_0181,80,0.8849152871177904,37,117
BV08TR_0181,81,0.88300834054381,36,117
BV08TR_0181,82,0.8812293601936192,35,117
BV08TR_0181,83,0.879429368788516,34,117
BV08TR_0181,84,0.8775751592775206,33,117
BV08TR_0181,85,0.8757849819470293,32,117
BV08TR_0181,86,0.8739103991931718,31,117
BV08TR_0181,87,0.8720603835165395,30,117
BV08TR_0181,88,0.8701858784832484,29,117
BV08TR_0181,89,0.8682436880511502,28,117
BV08TR_0181,90,0.866321225010788,27,117
BV08TR_0181,91,0.864468291613723,26,117
BV08TR_0181,92,0.8626456294424258,25,117
BV08TR_0181,93,0.8607829308112795,24,117
BV08TR_0181,94,0.8588824160894635,23,117
BV08TR_0181,95,0.8568759327457508,22,117
BV08TR_0181,96,0.8549925616469034,21,117
BV08TR_0181,97,0.8524137296753156,20,117
BV08TR_0181,98,0.8497525780481642,19,117
BV08TR_0181,99,0.8471257165552462,18,117
BV08TR_0181,100,0.8445628525527406,17,117
BV08TR_0181,101,0.8418642937709364,16,117
BV08TR_0181,102,0.8392322951801708,15,117
BV08TR_0181,103,0.8367812325485802,14,117
BV08TR_0181,104,0.834148347321489,13,117
BV08TR_0181,105,0.8315382677204254,12,117
BV08TR_0181,106,0.8289701168491491,11,117
BV08TR_0181,107,0.826279517203759,10,117
BV08TR_0181,108,0.8236427229012847,9,117
BV08TR_0181,109,0.8209317781961598,8,117
BV08TR_0181,110,0.818353204994482,7,117
BV08TR_0181,111,0.8157422964214164,6,117
BV08TR_0181,112,0.8131749816627682,5,117
BV08TR_0181,113,0.810636396060204,4,117
BV08TR_0181,114,0.807912129393732,3,117
BV08TR_0181,115,0.8051328072467145,2,117
BV08TR_0181,116,0.8025262653548496,1,117
BV08TR_0181,117,0.7998469798375517,0,117
BV08TR_0182,0,1.0415399638176732,70,70
BV08TR_0182,1,1.038171350344309,69,70
BV08TR_0182,2,1.0348373355270748,68,70
BV08TR_0182,3,1.0315608522008932,67,70
BV08TR_0182,4,1.0284061465600884,66,70
BV08TR_0182,5,1.0251871209387637,65,70
BV08TR_0182,6,1.021970709065322,64,70
BV08TR_0182,7,1.0187430564202096,63,70
BV08TR_0182,8,1.015629380835925,62,70
BV08TR_0182,9,1.012307208088727,61,70
BV08TR_0182,10,1.0090506834387185,60,70
BV08TR_0182,11,1.006006865340372,59,70
BV08TR_0182,12,1.0027839666889495,58,70
BV08TR_0182,13,0.9994398716932165,57,70
BV08TR_0182,14,0.9962684665143,56,70
BV08TR_0182,15,0.9930149120494988,55,70
BV08TR_0182,16,0.9898313789510353,54,70
BV08TR_0182,17,0.9866003958010165,53,70
BV08TR_0182,18,0.9833130840817064,52,70
BV08TR_0182,19,0.9802433173779868,51,70
BV08TR_0182,20,0.976970524464919,50,70
BV08TR_0182,21,0.9736866200392612,49,70
BV08TR_0182,22,0.9706619638585122,48,70
BV08TR_0182,23,0.9674624681089722,47,70
BV08TR_0182,24,0.9642461653715274,46,70
BV08TR_0182,25,0.9610580434883212,45,70
BV08TR_0182,26,0.9579655959940192,44,70
BV08TR_0182,27,0.954805786855857,43,70
BV08TR_0182,28,0.9516130496033433,42,70
BV08TR_0182,29,0.9483994832909798,41,70
BV08TR_0182,30,0.9452594340193557,40,70
BV08TR_0182,31,0.9420407105141572,39,70
BV08TR_0182,32,0.9388131227201504,38,70
BV08TR_0182,33,0.9356047795043794,37,70
BV08TR_0182,34,0.9324849338112045,36,70
BV08TR_0182,35,0.9292496667799935,35,70
BV08TR_0182,36,0.9259916637454197,34,70
BV08TR_0182,37,0.9227279754531972,33,70
BV08TR_0182,38,0.9195859435408394,32,70
BV08TR_0182,39,0.9164260401651804,31,70
BV08TR_0182,40,0.9132695488601308,30,70
BV08TR_0182,41,0.9101544126665264,29,70
BV08TR_0182,42,0.9067945075896908,28,70
BV08TR_0182,43,0.903643788859004,27,70
BV08TR_0182,44,0.9003239217100673,26,70
BV08TR_0182,45,0.8970625408961589,25,70
BV08TR_0182,46,0.8937470081867344,24,70
BV08TR_0182,47,0.8904367002981237,23,70
BV08TR_0182,48,0.8871850683381441,22,70
BV08TR_0182,49,0.8838682375762104,21,70
BV08TR_0182,50,0.8804234882032801,20,70
BV08TR_0182,51,0.8772029933583322,19,70
BV08TR_0182,52,0.8738216392028835,18,70
BV08TR_0182,53,0.8705226847858225,17,70
BV08TR_0182,54,0.8671028102509607,16,70
BV08TR_0182,55,0.8638043740083458,15,70
BV08TR_0182,56,0.8604665041220697,14,70
BV08TR_0182,57,0.8557467186177324,13,70
BV08TR_0182,58,0.8511997752796578,12,70
BV08TR_0182,59,0.8466126267462432,11,70
BV08TR_0182,60,0.8422138219480543,10,70
BV08TR_0182,61,0.8375809861760736,9,70
BV08TR_0182,62,0.8329829549456552,8,70
BV08TR_0182,63,0.8282576189695064,7,70
BV08TR_0182,64,0.8235411263365906,6,70
BV08TR_0182,65,0.8190479654763646,5,70
BV08TR_0182,66,0.8142991747758107,4,70
BV08TR_0182,67,0.8099017225831368,3,70
BV08TR_0182,68,0.8054871486990935,2,70
BV08TR_0182,69,0.801058172671837,1,70
BV08TR_0182,70,0.7966190369125221,0,70
BV08TR_0183,0,1.0409178857010057,75,75
BV08TR_0183,1,1.037747451509453,74,75
BV08TR_0183,2,1.034523969771788,73,75
BV08TR_0183,3,1.0313745723446184,72,75
BV08TR_0183,4,1.028219530860182,71,75
BV08TR_0183,5,1.0250588668050111,70,75
BV08TR_0183,6,1.0218935700680085,69,75
BV08TR_0183,7,1.018799296989695,68,75
BV08TR_0183,8,1.0156136444389465,67,75
BV08TR_0183,9,1.0123760145632057,66,75
BV08TR_0183,10,1.009206048735108,65,75
BV08TR_0183,11,1.0059586454499656,64,75
BV08TR_0183,12,1.0027558670164913,63,75
BV08TR_0183,13,0.9996280629237748,62,75
BV08TR_0183,14,0.9963744790445616,61,75
BV08TR_0183,15,0.9932160653434944,60,75
BV08TR_0183,16,0.9900971558572905,59,75
BV08TR_0183,17,0.9869344574165444,58,75
BV08TR_0183,18,0.9837577946704358,57,75
BV08TR_0183,19,0.9804390354842945,56,75
BV08TR_0183,20,0.977322560120272,55,75
BV08TR_0183,21,0.9740296575795386,54,75
BV08TR_0183,22,0.97081385147978,53,75
BV08TR_0183,23,0.96735981523352,52,75
BV08TR_0183,24,0.9640154755727834,51,75
BV08TR_0183,25,0.9606672748464864,50,75
BV08TR_0183,26,0.9573068036099174,49,75
BV08TR_0183,27,0.9539209853111915,48,75
BV08TR_0183,28,0.9505558977682425,47,75
BV08TR_0183,29,0.9472815153636192,46,75
BV08TR_0183,30,0.9439258451951574,45,75
BV08TR_0183,31,0.9405567064699825,44,75
BV08TR_0183,32,0.9373177748540452,43,75
BV08TR_0183,33,0.9340071497269932,42,75
BV08TR_0183,34,0.9308368047989632,41,75
BV08TR_0183,35,0.9274967175355407,40,75
BV08TR_0183,36,0.9242087179858764,39,75
BV08TR_0183,37,0.920974712202697,38,75
BV08TR_0183,38,0.9177323534552936,37,75
BV08TR_0183,39,0.9144823826256964,36,75
BV08TR_0183,40,0.9109573105699857,35,75
BV08TR_0183,41,0.907671219826277,34,75
BV08TR_0183,42,0.904318714900101,33,75
BV08TR_0183,43,0.9009751283884535,32,75
BV08TR_0183,44,0.8976666517272427,31,75
BV08TR_0183,45,0.8943376863432544,30,75
BV08TR_0183,46,0.8910184287259454,29,75
BV08TR_0183,47,0.8879361255813122,28,75
BV08TR_0183,48,0.8846799149889384,27,75
BV08TR_0183,49,0.881412216693991,26,75
BV08TR_0183,50,0.8780765317425764,25,75
BV08TR_0183,51,0.8747376430022236,24,75
BV08TR_0183,52,0.8716182011752222,23,75
BV08TR_0183,53,0.8683207621002946,22,75
BV08TR_0183,54,0.8650424304632527,21,75
BV08TR_0183,55,0.8618640918376216,20,75
BV08TR_0183,56,0.8587619881802291,19,75
BV08TR_0183,57,0.8555152561857515,18,75
BV08TR_0183,58,0.8523465083578537,17,75
BV08TR_0183,59,0.8491928191023185,16,75
BV08TR_0183,60,0.8459850806659799,15,75
BV08TR_0183,61,0.8429085040341094,14,75
BV08TR_0183,62,0.8397951845884832,13,75
BV08TR_0183,63,0.8366490824939282,12,75
BV08TR_0183,64,0.8334375878772544,11,75
BV08TR_0183,65,0.8303930579599671,10,75
BV08TR_0183,66,0.8271170102546169,9,75
BV08TR_0183,67,0.8238387239537988,8,75
BV08TR_0183,68,0.820673080245586,7,75
BV08TR_0183,69,0.817470206191288,6,75
BV08TR_0183,70,0.8141297284929596,5,75
BV08TR_0183,71,0.8110805739848564,4,75
BV08TR_0183,72,0.8080168843680474,3,75
BV08TR_0183,73,0.8050739191618226,2,75
BV08TR_0183,74,0.8018073670939555,1,75
BV08TR_0183,75,0.798533400289082,0,75
BV08TR_0184,0,1.02197021858367,76,76
BV08TR_0184,1,1.0190872065407257,75,76
BV08TR_0184,2,1.016072540302169,74,76
BV08TR_0184,3,1.013149720393182,73,76
BV08TR_0184,4,1.0100850260673793,72,76
BV08TR_0184,5,1.0070271765254495,71,76
BV08TR_0184,6,1.0039346442031325,70,76
BV08TR_0184,7,1.0010152407512043,69,76
BV08TR_0184,8,0.9978992125257825,68,76
BV08TR_0184,9,0.994921336411316,67,76
BV08TR_0184,10,0.9918772322596844,66,76
BV08TR_0184,11,0.9889540670821217,65,76
BV08TR_0184,12,0.985965817661886,64,76
BV08TR_0184,13,0.9828808960488685,63,76
BV08TR_0184,14,0.979909841950216,62,76
BV08TR_0184,15,0.9770006336466698,61,76
BV08TR_0184,16,0.9740360446170515,60,76
BV08TR_0184,17,0.9710376382979204,59,76
BV08TR_0184,18,0.9679989999822828,58,76
BV08TR_0184,19,0.9649706543709728,57,76
BV08TR_0184,20,0.961865644716264,56,76
BV08TR_0184,21,0.9587626412355518,55,76
BV08TR_0184,22,0.9558085270990134,54,76
BV08TR_0184,23,0.9528706832050884,53,76
BV08TR_0184,24,0.9498058924862408,52,76
BV08TR_0184,25,0.94682530993534,51,76
BV08TR_0184,26,0.943885837990397,50,76
BV08TR_0184,27,0.9408455075857446,49,76
BV08TR_0184,28,0.9378451401670288,48,76
BV08TR_0184,29,0.9349093831771508,47,76
BV08TR_0184,30,0.9318220823917672,46,76
BV08TR_0184,31,0.9289016982393472,45,76
BV08TR_0184,32,0.925943703798543,44,76
BV08TR_0184,33,0.922955015080747,43,76
BV08TR_0184,34,0.919978753066906,42,76
BV08TR_0184,35,0.9170731687586875,41,76
BV08TR_0184,36,0.9141956600719352,40,76
BV08TR_0184,37,0.9112410286302572,39,76
BV08TR_0184,38,0.9082831056634296,38,76
BV08TR_0184,39,0.9052685656547812,37,76
BV08TR_0184,40,0.9024374024738384,36,76
BV08TR_0184,41,0.8994830953505872,35,76
BV08TR_0184,42,0.8965175666487736,34,76
BV08TR_0184,43,0.8935822218870241,33,76
BV08TR_0184,44,0.8906144007669361,32,76
BV08TR_0184,45,0.8878075621653122,31,76
BV08TR_0184,46,0.8849933686794377,30,76
BV08TR_0184,47,0.8820118632312457,29,76
BV08TR_0184,48,0.8791505701341309,28,76
BV08TR_0184,49,0.87608294958535,27,76
BV08TR_0184,50,0.8732469555608658,26,76
BV08TR_0184,51,0.8703449681242532,25,76
BV08TR_0184,52,0.8675921590861403,24,76
BV08TR_0184,53,0.8647156495576857,23,76
BV08TR_0184,54,0.8617383407190515,22,76
BV08TR_0184,55,0.858865852349979,21,76
BV08TR_0184,56,0.8560166009514936,20,76
BV08TR_0184,57,0.8531693040078975,19,76
BV08TR_0184,58,0.8503169527221671,18,76
BV08TR_0184,59,0.8473937769480347,17,76
BV08TR_0184,60,0.8445537624779854,16,76
BV08TR_0184,61,0.841735543170405,15,76
BV08TR_0184,62,0.8388389489547775,14,76
BV08TR_0184,63,0.8358521551616516,13,76
BV08TR_0184,64,0.8330147683783462,12,76
BV08TR_0184,65,0.8300171497128735,11,76
BV08TR_0184,66,0.827136760471146,10,76
BV08TR_0184,67,0.8241426275913889,9,76
BV08TR_0184,68,0.8211399160847542,8,76
BV08TR_0184,69,0.8181519192306458,7,76
BV08TR_0184,70,0.8152017499434273,6,76
BV08TR_0184,71,0.8122844030357868,5,76
BV08TR_0184,72,0.8094011990860235,4,76
BV08TR_0184,73,0.80648219914569,3,76
BV08TR_0184,74,0.8034013899730048,2,76
BV08TR_0184,75,0.8004713819130145,1,76
BV08TR_0184,76,0.7976229400214176,0,76
BV08TR_0185,0,0.9520845203641195,45,45
BV08TR_0185,1,0.9487762552194094,44,45
BV08TR_0185,2,0.9454187002324458,43,45
BV08TR_0185,3,0.9419789360507562,42,45
BV08TR_0185,4,0.938818036950112,41,45
BV08TR_0185,5,0.9354465987361654,40,45
BV08TR_0185,6,0.9320579216812696,39,45
BV08TR_0185,7,0.928710860196698,38,45
BV08TR_0185,8,0.9255423884496075,37,45
BV08TR_0185,9,0.9223805567231163,36,45
BV08TR_0185,10,0.919067598687308,35,45
BV08TR_0185,11,0.9157921451935102,34,45
BV08TR_0185,12,0.9124742687619496,33,45
BV08TR_0185,13,0.9092731835983444,32,45
BV08TR_0185,14,0.9058887011215006,31,45
BV08TR_0185,15,0.902435946877512,30,45
BV08TR_0185,16,0.8992225796839441,29,45
BV08TR_0185,17,0.8958998987997276,28,45
BV08TR_0185,18,0.8926026806045929,27,45
BV08TR_0185,19,0.8891856612987464,26,45
BV08TR_0185,20,0.8856577637461112,25,45
BV08TR_0185,21,0.882284637810607,24,45
BV08TR_0185,22,0.878879684159474,23,45
BV08TR_0185,23,0.875610289194576,22,45
BV08TR_0185,24,0.8721238764269139,21,45
BV08TR_0185,25,0.8687283435486016,20,45
BV08TR_0185,26,0.8652344504099624,19,45
BV08TR_0185,27,0.8617045457553927,18,45
BV08TR_0185,28,0.8582547468400585,17,45
BV08TR_0185,29,0.8547284710884337,16,45
BV08TR_0185,30,0.8512839223893844,15,45
BV08TR_0185,31,0.8477884994612634,14,45
BV08TR_0185,32,0.8444399499343639,13,45
BV08TR_0185,33,0.8409990284638705,12,45
BV08TR_0185,34,0.8374629474205424,11,45
BV08TR_0185,35,0.8340211303622478,10,45
BV08TR_0185,36,0.8304362839336155,9,45
BV08TR_0185,37,0.826880209775118,8,45
BV08TR_0185,38,0.8233922543029758,7,45
BV08TR_0185,39,0.8198590431063236,6,45
BV08TR_0185,40,0.8163260277834822,5,45
BV08TR_0185,41,0.8127075269196758,4,45
BV08TR_0185,42,0.8092825952393079,3,45
BV08TR_0185,43,0.8057952566881558,2,45
BV08TR_0185,44,0.8022143882360683,1,45
BV08TR_0185,45,0.7987789918423649,0,45
BV08TR_0186,0,0.9508329153979224,53,53
BV08TR_0186,1,0.9481339521628376,52,53
BV08TR_0186,2,0.9454391195148198,51,53
BV08TR_0186,3,0.9427022360639052,50,53
BV08TR_0186,4,0.9399605559392856,49,53
BV08TR_0186,5,0.9371206794892544,48,53
BV08TR_0186,6,0.9342652765595568,47,53
BV08TR_0186,7,0.9313183893718688,46,53
BV08TR_0186,8,0.92857744537875,45,53
BV08TR_0186,9,0.9258018921161584,44,53
BV08TR_0186,10,0.9230786617191004,43,53
BV08TR_0186,11,0.920246129156568,42,53
BV08TR_0186,12,0.9174781350368246,41,53
BV08TR_0186,13,0.9147502600971225,40,53
BV08TR_0186,14,0.9118293412529146,39,53
BV08TR_0186,15,0.9090654081169718,38,53
BV08TR_0186,16,0.9061875630697138,37,53
BV08TR_0186,17,0.90337981862355,36,53
BV08TR_0186,18,0.9006283806567184,35,53
BV08TR_0186,19,0.8978108025372308,34,53
BV08TR_0186,20,0.895084650581315,33,53
BV08TR_0186,21,0.8921371815392136,32,53
BV08TR_0186,22,0.8893910490976039,31,53
BV08TR_0186,23,0.8867014252167827,30,53
BV08TR_0186,24,0.8839078374293708,29,53
BV08TR_0186,25,0.8809231793398711,28,53
BV08TR_0186,26,0.8780470668203904,27,53
BV08TR_0186,27,0.8751267191429496,26,53
BV08TR_0186,28,0.8723087954431092,25,53
BV08TR_0186,29,0.8694235934619006,24,53
BV08TR_0186,30,0.8665450527378711,23,53
BV08TR_0186,31,0.8636523014439252,22,53
BV08TR_0186,32,0.8607610240308209,21,53
BV08TR_0186,33,0.857951181305791,20,53
BV08TR_0186,34,0.8549329172228095,19,53
BV08TR_0186,35,0.8519676007670137,18,53
BV08TR_0186,36,0.849096137140357,17,53
BV08TR_0186,37,0.8462032335750173,16,53
BV08TR_0186,38,0.8431714977045396,15,53
BV08TR_0186,39,0.8401161240318744,14,53
BV08TR_0186,40,0.8371463486375694,13,53
BV08TR_0186,41,0.8340806882215397,12,53
BV08TR_0186,42,0.831230245425942,11,53
BV08TR_0186,43,0.8282510583848889,10,53
BV08TR_0186,44,0.8253802574579201,9,53
BV08TR_0186,45,0.8225225312856616,8,53
BV08TR_0186,46,0.8196151643230062,7,53
BV08TR_0186,47,0.8166885033040099,6,53
BV08TR_0186,48,0.8136861557392646,5,53
BV08TR_0186,49,0.810692040404978,4,53
BV08TR_0186,50,0.8077577058302586,3,53
BV08TR_0186,51,0.8049375306650016,2,53
BV08TR_0186,52,0.8021298019842025,1,53
BV08TR_0186,53,0.799249527407964,0,53
BV08TR_0187,0,0.9645149395108806,72,72
BV08TR_0187,1,0.9624525838889258,71,72
BV08TR_0187,2,0.9603707644658572,70,72
BV08TR_0187,3,0.9583667623768974,69,72
BV08TR_0187,4,0.9563015497109225,68,72
BV08TR_0187,5,0.9542491535486314,67,72
BV08TR_0187,6,0.9521534074396385,66,72
BV08TR_0187,7,0.9500810714593964,65,72
BV08TR_0187,8,0.9479188538082214,64,72
BV08TR_0187,9,0.9458270098867664,63,72
BV08TR_0187,10,0.9438150729833016,62,72
BV08TR_0187,11,0.9416480528885472,61,72
BV08TR_0187,12,0.9395119723618872,60,72
BV08TR_0187,13,0.9374302509719474,59,72
BV08TR_0187,14,0.9352756837350842,58,72
BV08TR_0187,15,0.933133029375463,57,72
BV08TR_0187,16,0.9309506527764178,56,72
BV08TR_0187,17,0.9288300922559388,55,72
BV08TR_0187,18,0.92677611312743,54,72
BV08TR_0187,19,0.9245649096552385,53,72
BV08TR_0187,20,0.9223808462662305,52,72
BV08TR_0187,21,0.9201856849023982,51,72
BV08TR_0187,22,0.9180461487123526,50,72
BV08TR_0187,23,0.9158660407490844,49,72
BV08TR_0187,24,0.913615904250952,48,72
BV08TR_0187,25,0.9114752361705736,47,72
BV08TR_0187,26,0.9091900270914848,46,72
BV08TR_0187,27,0.9070589494143684,45,72
BV08TR_0187,28,0.9048172413536504,44,72
BV08TR_0187,29,0.9025982108887418,43,72
BV08TR_0187,30,0.9003793745824737,42,72
BV08TR_0187,31,0.898261722616623,41,72
BV08TR_0187,32,0.8960641586782936,40,72
BV08TR_0187,33,0.8938760356634224,39,72
BV08TR_0187,34,0.8917061755918786,38,72
BV08TR_0187,35,0.8895685014149728,37,72
BV08TR_0187,36,0.8873652123562449,36,72
BV08TR_0187,37,0.8852473192810152,35,72
BV08TR_0187,38,0.8830972568377145,34,72
BV08TR_0187,39,0.8809065962647779,33,72
BV08TR_0187,40,0.8787801602819595,32,72
BV08TR_0187,41,0.8765154767507709,31,72
BV08TR_0187,42,0.8744078674790938,30,72
BV08TR_0187,43,0.8722841706931265,29,72
BV08TR_0187,44,0.8701069978836364,28,72
BV08TR_0187,45,0.8679385809221136,27,72
BV08TR_0187,46,0.8657451245418244,26,72
BV08TR_0187,47,0.8635636901414141,25,72
BV08TR_0187,48,0.8613658659762597,24,72
BV08TR_0187,49,0.859262725125358,23,72
BV08TR_0187,50,0.8571777881872944,22,72
BV08TR_0187,51,0.8551244176311366,21,72
BV08TR_0187,52,0.8530556344424252,20,72
BV08TR_0187,53,0.8509287062403024,19,72
BV08TR_0187,54,0.8487625138707678,18,72
BV08TR_0187,55,0.8460154094458686,17,72
BV08TR_0187,56,0.8431333369851919,16,72
BV08TR_0187,57,0.8403824278703018,15,72
BV08TR_0187,58,0.8376262838365424,14,72
BV08TR_0187,59,0.8348940119255842,13,72
BV08TR_0187,60,0.8322049264969326,12,72
BV08TR_0187,61,0.829515248627273,11,72
BV08TR_0187,62,0.8267919682572304,10,72
BV08TR_0187,63,0.8240447333359381,9,72
BV08TR_0187,64,0.821305582919354,8,72
BV08TR_0187,65,0.8185639489408064,7,72
BV08TR_0187,66,0.8158062048180239,6,72
BV08TR_0187,67,0.81304770550221,5,72
BV08TR_0187,68,0.8104636594675507,4,72
BV08TR_0187,69,0.8077338067744017,3,72
BV08TR_0187,70,0.8050105269029734,2,72
BV08TR_0187,71,0.8022991647466095,1,72
BV08TR_0187,72,0.7994889951468488,0,72
BV08TR_0188,0,1.04355729921907,75,75
BV08TR_0188,1,1.0403698055799295,74,75
BV08TR_0188,2,1.0372265493573811,73,75
BV08TR_0188,3,1.0339910009438908,72,75
BV08TR_0188,4,1.0306254721557835,71,75
BV08TR_0188,5,1.0272907981647235,70,75
BV08TR_0188,6,1.024307517283222,69,75
BV08TR_0188,7,1.0209873471092765,68,75
BV08TR_0188,8,1.017843082416261,67,75
BV08TR_0188,9,1.014677111719384,66,75
BV08TR_0188,10,1.011414053615498,65,75
BV08TR_0188,11,1.008210724154413,64,75
BV08TR_0188,12,1.0050829616095311,63,75
BV08TR_0188,13,1.0017475487151728,62,75
BV08TR_0188,14,0.9985892941862974,61,75
BV08TR_0188,15,0.995388273453222,60,75
BV08TR_0188,16,0.9922665204599658,59,75
BV08TR_0188,17,0.989177600437624,58,75
BV08TR_0188,18,0.9860267143268352,57,75
BV08TR_0188,19,0.9828307176897658,56,75
BV08TR_0188,20,0.9796739552833015,55,75
BV08TR_0188,21,0.9764895360268335,54,75
BV08TR_0188,22,0.9732976266306392,53,75
BV08TR_0188,23,0.9699670902573212,52,75
BV08TR_0188,24,0.9666448431004868,51,75
BV08TR_0188,25,0.9633308818972668,50,75
BV08TR_0188,26,0.9601064095131062,49,75
BV08TR_0188,27,0.9568024468381684,48,75
BV08TR_0188,28,0.9537185965042888,47,75
BV08TR_0188,29,0.9504236325461652,46,75
BV08TR_0188,30,0.9470160318505836,45,75
BV08TR_0188,31,0.9437434277837744,44,75
BV08TR_0188,32,0.940396322755878,43,75
BV08TR_0188,33,0.9371957102189726,42,75
BV08TR_0188,34,0.9339159444869215,41,75
BV08TR_0188,35,0.9306748324336616,40,75
BV08TR_0188,36,0.927440767384968,39,75
BV08TR_0188,37,0.924076070799452,38,75
BV08TR_0188,38,0.9206756733238126,37,75
BV08TR_0188,39,0.9173324225004958,36,75
BV08TR_0188,40,0.9140851919749348,35,75
BV08TR_0188,41,0.9107122785711044,34,75
BV08TR_0188,42,0.9075334059128075,33,75
BV08TR_0188,43,0.904111965034002,32,75
BV08TR_0188,44,0.9006221952772687,31,75
BV08TR_0188,45,0.8972795793776878,30,75
BV08TR_0188,46,0.893940659601241,29,75
BV08TR_0188,47,0.8906457617907791,28,75
BV08TR_0188,48,0.8872528132778468,27,75
BV08TR_0188,49,0.8837839543505055,26,75
BV08TR_0188,50,0.8803229127124015,25,75
BV08TR_0188,51,0.8770475019746595,24,75
BV08TR_0188,52,0.8738519308904973,23,75
BV08TR_0188,53,0.8705493626751831,22,75
BV08TR_0188,54,0.867261674934851,21,75
BV08TR_0188,55,0.8639683046810882,20,75
BV08TR_0188,56,0.8605723488802414,19,75
BV08TR_0188,57,0.857209294801367,18,75
BV08TR_0188,58,0.8538158270459354,17,75
BV08TR_0188,59,0.8504587918265654,16,75
BV08TR_0188,60,0.8470776171876933,15,75
BV08TR_0188,61,0.8439222416450426,14,75
BV08TR_0188,62,0.8405573360699936,13,75
BV08TR_0188,63,0.8371838625719272,12,75
BV08TR_0188,64,0.833918807701409,11,75
BV08TR_0188,65,0.8305937873370646,10,75
BV08TR_0188,66,0.82714116548737,9,75
BV08TR_0188,67,0.8238196868940373,8,75
BV08TR_0188,68,0.8205846792165279,7,75
BV08TR_0188,69,0.8172766749219291,6,75
BV08TR_0188,70,0.8141699865357604,5,75
BV08TR_0188,71,0.8109690495965285,4,75
BV08TR_0188,72,0.8077712845600268,3,75
BV08TR_0188,73,0.8045624891074005,2,75
BV08TR_0188,74,0.8013104156994434,1,75
BV08TR_0188,75,0.7981478462317592,0,75
BV08TR_0189,0,0.9542581836982025,58,58
BV08TR_0189,1,0.9516192461329125,57,58
BV08TR_0189,2,0.9490093470177178,56,58
BV08TR_0189,3,0.9463376667733384,55,58
BV08TR_0189,4,0.9437157747522505,54,58
BV08TR_0189,5,0.9409211828800038,53,58
BV08TR_0189,6,0.938232494131449,52,58
BV08TR_0189,7,0.9355587854360266,51,58
BV08TR_0189,8,0.9326911100861575,50,58
BV08TR_0189,9,0.929975886697076,49,58
BV08TR_0189,10,0.927326301163442,48,58
BV08TR_0189,11,0.9245403962420615,47,58
BV08TR_0189,12,0.9219047727082568,46,58
BV08TR_0189,13,0.9190649775133068,45,58
BV08TR_0189,14,0.9163724191037808,44,58
BV08TR_0189,15,0.9135300849668212,43,58
BV08TR_0189,16,0.9107301950280327,42,58
BV08TR_0189,17,0.907943735553694,41,58
BV08TR_0189,18,0.905227208072221,40,58
BV08TR_0189,19,0.9024824680420612,39,58
BV08TR_0189,20,0.899742833396386,38,58
BV08TR_0189,21,0.8969354444734547,37,58
BV08TR_0189,22,0.8942239627035284,36,58
BV08TR_0189,23,0.8913715298696944,35,58
BV08TR_0189,24,0.8885460400933864,34,58
BV08TR_0189,25,0.8856823954755138,33,58
BV08TR_0189,26,0.8828858932574324,32,58
BV08TR_0189,27,0.8802276450034101,31,58
BV08TR_0189,28,0.8774745480824918,30,58
BV08TR_0189,29,0.8747495338737027,29,58
BV08TR_0189,30,0.8719884894880126,28,58
BV08TR_0189,31,0.8693261510794043,27,58
BV08TR_0189,32,0.8666292645612353,26,58
BV08TR_0189,33,0.8639669051815426,25,58
BV08TR_0189,34,0.8611634760853265,24,58
BV08TR_0189,35,0.8583979050386199,23,58
BV08TR_0189,36,0.8556154272899356,22,58
BV08TR_0189,37,0.8528864879371592,21,58
BV08TR_0189,38,0.850258272410946,20,58
BV08TR_0189,39,0.847383253206226,19,58
BV08TR_0189,40,0.8447126467858147,18,58
BV08TR_0189,41,0.8420271509451048,17,58
BV08TR_0189,42,0.8393682720920812,16,58
BV08TR_0189,43,0.8367373186236562,15,58
BV08TR_0189,44,0.8341330221126847,14,58
BV08TR_0189,45,0.831316733114864,13,58
BV08TR_0189,46,0.8285674464085797,12,58
BV08TR_0189,47,0.8259364364154724,11,58
BV08TR_0189,48,0.8233863496800252,10,58
BV08TR_0189,49,0.820828510119396,9,58
BV08TR_0189,50,0.8182061947666869,8,58
BV08TR_0189,51,0.8157059270051359,7,58
BV08TR_0189,52,0.81315558677458,6,58
BV08TR_0189,53,0.8105138593241588,5,58
BV08TR_0189,54,0.8079820446517012,4,58
BV08TR_0189,55,0.8053817128542333,3,58
BV08TR_0189,56,0.8028019331465007,2,58
BV08TR_0189,57,0.8001960715005859,1,58
BV08TR_0189,58,0.7975401531997226,0,58
BV08TR_0190,0,1.0196278077542416,109,109
BV08TR_0190,1,1.0177534426469426,108,109
BV08TR_0190,2,1.0158769629652555,107,109
BV08TR_0190,3,1.014064125819214,106,109
BV08TR_0190,4,1.0121522642513514,105,109
BV08TR_0190,5,1.0102814223314216,104,109
BV08TR_0190,6,1.0083893328217095,103,109
BV08TR_0190,7,1.0064450918048224,102,109
BV08TR_0190,8,1.0045539972640956,101,109
BV08TR_0190,9,1.0026208944971629,100,109
BV08TR_0190,10,1.000677499033602,99,109
BV08TR_0190,11,0.998733638296711,98,109
BV08TR_0190,12,0.9968235592148972,97,109
BV08TR_0190,13,0.994931320069121,96,109
BV08TR_0190,14,0.9929597249159298,95,109
BV08TR_0190,15,0.9910654677586944,94,109
BV08TR_0190,16,0.989177478649184,93,109
BV08TR_0190,17,0.9872511080942565,92,109
BV08TR_0190,18,0.985309680328663,91,109
BV08TR_0190,19,0.983425128729414,90,109
BV08TR_0190,20,0.9815516760114006,89,109
BV08TR_0190,21,0.97957533336455,88,109
BV08TR_0190,22,0.9776037576209134,87,109
BV08TR_0190,23,0.9756780995998262,86,109
BV08TR_0190,24,0.973804596773582,85,109
BV08TR_0190,25,0.9718747802984824,84,109
BV08TR_0190,26,0.970041891539866,83,109
BV08TR_0190,27,0.9681618373812042,82,109
BV08TR_0190,28,0.9663143735688748,81,109
BV08TR_0190,29,0.9644075395513726,80,109
BV08TR_0190,30,0.9624572250325465,79,109
BV08TR_0190,31,0.9605893978051815,78,109
BV08TR_0190,32,0.958632191399755,77,109
BV08TR_0190,33,0.9567235965887914,76,109
BV08TR_0190,34,0.9547962509954995,75,109
BV08TR_0190,35,0.9529639862405648,74,109
BV08TR_0190,36,0.9511023888125624,73,109
BV08TR_0190,37,0.9492502048653465,72,109
BV08TR_0190,38,0.9473934152591088,71,109
BV08TR_0190,39,0.9454100386340006,70,109
BV08TR_0190,40,0.9436307149033245,69,109
BV08TR_0190,41,0.941792027142937,68,109
BV08TR_0190,42,0.9400096730901002,67,109
BV08TR_0190,43,0.9380823938566862,66,109
BV08TR_0190,44,0.936281099470688,65,109
BV08TR_0190,45,0.9344821860297412,64,109
BV08TR_0190,46,0.9326143481444646,63,109
BV08TR_0190,47,0.9307934982573628,62,109
BV08TR_0190,48,0.9289923807284725,61,109
BV08TR_0190,49,0.9272035155268175,60,109
BV08TR_0190,50,0.9253503777982024,59,109
BV08TR_0190,51,0.9234504207778886,58,109
BV08TR_0190,52,0.9216440339084045,57,109
BV08TR_0190,53,0.9198137725336184,56,109
BV08TR_0190,54,0.9179866633726428,55,109
BV08TR_0190,55,0.9162292482923444,54,109
BV08TR_0190,56,0.9143284796457184,53,109
BV08TR_0190,57,0.9123794332390548,52,109
BV08TR_0190,58,0.910589276974079,51,109
BV08TR_0190,59,0.908708212389552,50,109
BV08TR_0190,60,0.906887999028814,49,109
BV08TR_0190,61,0.905021062712855,48,109
BV08TR_0190,62,0.9031976932234215,47,109
BV08TR_0190,63,0.901411976492191,46,109
BV08TR_0190,64,0.8995843941635606,45,109
BV08TR_0190,65,0.8976936437424119,44,109
BV08TR_0190,66,0.8958594404314604,43,109
BV08TR_0190,67,0.8939976314421922,42,109
BV08TR_0190,68,0.892060722206757,41,109
BV08TR_0190,69,0.8902692727438568,40,109
BV08TR_0190,70,0.8883560359580313,39,109
BV08TR_0190,71,0.8864583180414533,38,109
BV08TR_0190,72,0.8845937762591227,37,109
BV08TR_0190,73,0.8827381251518638,36,109
BV08TR_0190,74,0.880780904111722,35,109
BV08TR_0190,75,0.8788896089648403,34,109
BV08TR_0190,76,0.8769140673540119,33,109
BV08TR_0190,77,0.8750551551212433,32,109
BV08TR_0190,78,0.8730417811890722,31,109
BV08TR_0190,79,0.871141096808882,30,109
BV08TR_0190,80,0.8686825408485873,29,109
BV08TR_0190,81,0.8661625530984869,28,109
BV08TR_0190,82,0.8638282001011565,27,109
BV08TR_0190,83,0.8614047997145854,26,109
BV08TR_0190,84,0.8589566469377856,25,109
BV08TR_0190,85,0.8564512804556978,24,109
BV08TR_0190,86,0.8539654120862885,23,109
BV08TR_0190,87,0.8514799013443612,22,109
BV08TR_0190,88,0.8489713840032768,21,109
BV08TR_0190,89,0.8465136390768381,20,109
BV08TR_0190,90,0.8440398575218722,19,109
BV08TR_0190,91,0.8416410503055826,18,109
BV08TR_0190,92,0.8392746103595198,17,109
BV08TR_0190,93,0.8368486625897774,16,109
BV08TR_0190,94,0.8344633358930923,15,109
BV08TR_0190,95,0.832067578161695,14,109
BV08TR_0190,96,0.829675724956964,13,109
BV08TR_0190,97,0.8272589320013687,12,109
BV08TR_0190,98,0.8249018690280867,11,109
BV08TR_0190,99,0.8223904798893296,10,109
BV08TR_0190,100,0.8200336922959734,9,109
BV08TR_0190,101,0.8176556131603016,8,109
BV08TR_0190,102,0.8153190544945454,7,109
BV08TR_0190,103,0.8129684221795801,6,109
BV08TR_0190,104,0.810617651858962,5,109
BV08TR_0190,105,0.8081725558790752,4,109
BV08TR_0190,106,0.8057358910012947,3,109
BV08TR_0190,107,0.8033753994726088,2,109
BV08TR_0190,108,0.800990476532107,1,109
BV08TR_0190,109,0.7986241810516745,0,109
BV08TR_0191,0,1.028266354198283,106,106
BV08TR_0191,1,1.0261546141687592,105,106
BV08TR_0191,2,1.024044819992823,104,106
BV08TR_0191,3,1.0219607544611566,103,106
BV08TR_0191,4,1.0198554008514944,102,106
BV08TR_0191,5,1.0177971834280435,101,106
BV08TR_0191,6,1.0157032611815995,100,106
BV08TR_0191,7,1.01353393415635,99,106
BV08TR_0191,8,1.0114551399653104,98,106
BV08TR_0191,9,1.0092116651404843,97,106
BV08TR_0191,10,1.007114125789145,96,106
BV08TR_0191,11,1.0050287036063048,95,106
BV08TR_0191,12,1.0028378300096845,94,106
BV08TR_0191,13,1.0005956767679325,93,106
BV08TR_0191,14,0.9983736020374165,92,106
BV08TR_0191,15,0.9962533822397852,91,106
BV08TR_0191,16,0.9941593939607436,90,106
BV08TR_0191,17,0.9919831090981795,89,106
BV08TR_0191,18,0.989749101044472,88,106
BV08TR_0191,19,0.9875682852628525,87,106
BV08TR_0191,20,0.9854548432779272,86,106
BV08TR_0191,21,0.9832687762807404,85,106
BV08TR_0191,22,0.9811170614485816,84,106
BV08TR_0191,23,0.9789663112462808,83,106
BV08TR_0191,24,0.976854455543412,82,106
BV08TR_0191,25,0.9746646012151764,81,106
BV08TR_0191,26,0.9723567774471212,80,106
BV08TR_0191,27,0.9701806034396004,79,106
BV08TR_0191,28,0.9680393815583794,78,106
BV08TR_0191,29,0.9659172026278472,77,106
BV08TR_0191,30,0.963780171967638,76,106
BV08TR_0191,31,0.96161245997865,75,106
BV08TR_0191,32,0.9593149319867282,74,106
BV08TR_0191,33,0.9571215635905646,73,106
BV08TR_0191,34,0.9550149721629948,72,106
BV08TR_0191,35,0.9528428411865032,71,106
BV08TR_0191,36,0.9506513296413784,70,106
BV08TR_0191,37,0.9484918247082335,69,106
BV08TR_0191,38,0.9463262060137615,68,106
BV08TR_0191,39,0.9441627182447985,67,106
BV08TR_0191,40,0.9419707449989774,66,106
BV08TR_0191,41,0.93987580028215,65,106
BV08TR_0191,42,0.937758955708319,64,106
BV08TR_0191,43,0.9356256079735846,63,106
BV08TR_0191,44,0.9333504994954624,62,106
BV08TR_0191,45,0.9312380332334468,61,106
BV08TR_0191,46,0.928996821137845,60,106
BV08TR_0191,47,0.9268234671752758,59,106
BV08TR_0191,48,0.9246069518846451,58,106
BV08TR_0191,49,0.9226041824821206,57,106
BV08TR_0191,50,0.920505165025168,56,106
BV08TR_0191,51,0.918404558776948,55,106
BV08TR_0191,52,0.9162645357629606,54,106
BV08TR_0191,53,0.914164838174113,53,106
BV08TR_0191,54,0.9120608770291474,52,106
BV08TR_0191,55,0.91010918258525,51,106
BV08TR_0191,56,0.9080492050165127,50,106
BV08TR_0191,57,0.9059446368221592,49,106
BV08TR_0191,58,0.903847101712206,48,106
BV08TR_0191,59,0.9018159226615948,47,106
BV08TR_0191,60,0.8997510820055166,46,106
BV08TR_0191,61,0.8977411011662817,45,106
BV08TR_0191,62,0.8956548586165108,44,106
BV08TR_0191,63,0.8935326741495373,43,106
BV08TR_0191,64,0.891458285189014,42,106
BV08TR_0191,65,0.889400814255297,41,106
BV08TR_0191,66,0.8873102179495705,40,106
BV08TR_0191,67,0.885140848940458,39,106
BV08TR_0191,68,0.8829182472718982,38,106
BV08TR_0191,69,0.880790993837551,37,106
BV08TR_0191,70,0.8786616809990025,36,106
BV08TR_0191,71,0.876594010001686,35,106
BV08TR_0191,72,0.8745066844651131,34,106
BV08TR_0191,73,0.8724343359702106,33,106
BV08TR_0191,74,0.8703083740195423,32,106
BV08TR_0191,75,0.8681302538195466,31,106
BV08TR_0191,76,0.8659426061759785,30,106
BV08TR_0191,77,0.8637113047525597,29,106
BV08TR_0191,78,0.8615743746440802,28,106
BV08TR_0191,79,0.8594056606099991,27,106
BV08TR_0191,80,0.8571316456735636,26,106
BV08TR_0191,81,0.8549431782898492,25,106
BV08TR_0191,82,0.8527702946706923,24,106
BV08TR_0191,83,0.8505687378081903,23,106
BV08TR_0191,84,0.8484464637400082,22,106
BV08TR_0191,85,0.8462997557731967,21,106
BV08TR_0191,86,0.8441086294317885,20,106
BV08TR_0191,87,0.8419761477554863,19,106
BV08TR_0191,88,0.8398604245095328,18,106
BV08TR_0191,89,0.8377097935852468,17,106
BV08TR_0191,90,0.8354820879478808,16,106
BV08TR_0191,91,0.8332540550375805,15,106
BV08TR_0191,92,0.830996912566685,14,106
BV08TR_0191,93,0.8287978501431346,13,106
BV08TR_0191,94,0.8264066051263292,12,106
BV08TR_0191,95,0.8241696869458668,11,106
BV08TR_0191,96,0.8219702647874212,10,106
BV08TR_0191,97,0.8198021341128333,9,106
BV08TR_0191,98,0.8175947078546872,8,106
BV08TR_0191,99,0.8153975210505079,7,106
BV08TR_0191,100,0.8132724172371562,6,106
BV08TR_0191,101,0.8110529010363862,5,106
BV08TR_0191,102,0.8088629383037047,4,106
BV08TR_0191,103,0.8066061200375259,3,106
BV08TR_0191,104,0.8044104136018874,2,106
BV08TR_0191,105,0.8021030980626204,1,106
BV08TR_0191,106,0.7999248511801342,0,106
BV08TR_0192,0,0.9611217132342865,48,48
BV08TR_0192,1,0.9576491605826448,47,48
BV08TR_0192,2,0.9542853245887815,46,48
BV08TR_0192,3,0.9509647035612874,45,48
BV08TR_0192,4,0.9476219086265025,44,48
BV08TR_0192,5,0.9442340588489584,43,48
BV08TR_0192,6,0.9408143652201943,42,48
BV08TR_0192,7,0.9375275440921143,41,48
BV08TR_0192,8,0.9342513302443944,40,48
BV08TR_0192,9,0.9309840220033903,39,48
BV08TR_0192,10,0.9277095333702092,38,48
BV08TR_0192,11,0.92436675683168,37,48
BV08TR_0192,12,0.9210805600032292,36,48
BV08TR_0192,13,0.9177342209700992,35,48
BV08TR_0192,14,0.914475353837142,34,48
BV08TR_0192,15,0.9110987622347152,33,48
BV08TR_0192,16,0.907877123743129,32,48
BV08TR_0192,17,0.9045635786996996,31,48
BV08TR_0192,18,0.9014013310128225,30,48
BV08TR_0192,19,0.8980924181878378,29,48
BV08TR_0192,20,0.8948412295020856,28,48
BV08TR_0192,21,0.8916630221467242,27,48
BV08TR_0192,22,0.8884409490775843,26,48
BV08TR_0192,23,0.8851689126319582,25,48
BV08TR_0192,24,0.8820262858099944,24,48
BV08TR_0192,25,0.8787756257160404,23,48
BV08TR_0192,26,0.875501906948298,22,48
BV08TR_0192,27,0.87233801579889,21,48
BV08TR_0192,28,0.8689916141297414,20,48
BV08TR_0192,29,0.8657992441441651,19,48
BV08TR_0192,30,0.862624206726233,18,48
BV08TR_0192,31,0.8594839025125929,17,48
BV08TR_0192,32,0.8561736374349924,16,48
BV08TR_0192,33,0.8530050520694789,15,48
BV08TR_0192,34,0.8498241701132416,14,48
BV08TR_0192,35,0.846198904563473,13,48
BV08TR_0192,36,0.8423575875662409,12,48
BV08TR_0192,37,0.8386472098718822,11,48
BV08TR_0192,38,0.8349283586822506,10,48
BV08TR_0192,39,0.8310238210916072,9,48
BV08TR_0192,40,0.8272217663058585,8,48
BV08TR_0192,41,0.8234533811589358,7,48
BV08TR_0192,42,0.8194782249290378,6,48
BV08TR_0192,43,0.8155633463176999,5,48
BV08TR_0192,44,0.8118111612885883,4,48
BV08TR_0192,45,0.8078637478113734,3,48
BV08TR_0192,46,0.8041180165868865,2,48
BV08TR_0192,47,0.8003643739127299,1,48
BV08TR_0192,48,0.7962460579576122,0,48
BV08TR_0193,0,0.9946489608694318,61,61
BV08TR_0193,1,0.9917951665510428,60,61
BV08TR_0193,2,0.9889565359081403,59,61
BV08TR_0193,3,0.9861666676865988,58,61
BV08TR_0193,4,0.9835473051936224,57,61
BV08TR_0193,5,0.9808155937171588,56,61
BV08TR_0193,6,0.9780865255803542,55,61
BV08TR_0193,7,0.975322142053069,54,61
BV08TR_0193,8,0.9726117239142512,53,61
BV08TR_0193,9,0.9698570290414859,52,61
BV08TR_0193,10,0.9670963680252552,51,61
BV08TR_0193,11,0.964417716421798,50,61
BV08TR_0193,12,0.9616494225017792,49,61
BV08TR_0193,13,0.9588849908494415,48,61
BV08TR_0193,14,0.9560485572433355,47,61
BV08TR_0193,15,0.9532276654717698,46,61
BV08TR_0193,16,0.9504555956942824,45,61
BV08TR_0193,17,0.947748893762861,44,61
BV08TR_0193,18,0.9449240235873464,43,61
BV08TR_0193,19,0.942042892092818,42,61
BV08TR_0193,20,0.939216921366982,41,61
BV08TR_0193,21,0.9364722492300002,40,61
BV08TR_0193,22,0.9336782988861378,39,61
BV08TR_0193,23,0.9308729401794638,38,61
BV08TR_0193,24,0.927975429312833,37,61
BV08TR_0193,25,0.9250751347599128,36,61
BV08TR_0193,26,0.9222241141091244,35,61
BV08TR_0193,27,0.919429970307906,34,61
BV08TR_0193,28,0.916552730563327,33,61
BV08TR_0193,29,0.9136486775397779,32,61
BV08TR_0193,30,0.9108026767847065,31,61
BV08TR_0193,31,0.9079186563596904,30,61
BV08TR_0193,32,0.9050375708593588,29,61
BV08TR_0193,33,0.9021944525577695,28,61
BV08TR_0193,34,0.8992390518443004,27,61
BV08TR_0193,35,0.896448807795017,26,61
BV08TR_0193,36,0.8933391537855416,25,61
BV08TR_0193,37,0.8904630118180201,24,61
BV08TR_0193,38,0.8875078624493098,23,61
BV08TR_0193,39,0.8845333857374424,22,61
BV08TR_0193,40,0.881639264655734,21,61
BV08TR_0193,41,0.8787858399302086,20,61
BV08TR_0193,42,0.8747445780356645,19,61
BV08TR_0193,43,0.8705892010179884,18,61
BV08TR_0193,44,0.866217162996697,17,61
BV08TR_0193,45,0.8619722808101365,16,61
BV08TR_0193,46,0.8578787272964925,15,61
BV08TR_0193,47,0.8536717889871598,14,61
BV08TR_0193,48,0.8495067782573711,13,61
BV08TR_0193,49,0.8455417194805532,12,61
BV08TR_0193,50,0.8415353499982099,11,61
BV08TR_0193,51,0.8373657715516936,10,61
BV08TR_0193,52,0.8331934984461933,9,61
BV08TR_0193,53,0.8290205991262752,8,61
BV08TR_0193,54,0.82497771189131,7,61
BV08TR_0193,55,0.820930251371943,6,61
BV08TR_0193,56,0.816682486862974,5,61
BV08TR_0193,57,0.812501085825042,4,61
BV08TR_0193,58,0.808535550622751,3,61
BV08TR_0193,59,0.8044988649354917,2,61
BV08TR_0193,60,0.800461873544896,1,61
BV08TR_0193,61,0.7962964009383441,0,61
BV08TR_0194,0,1.002526432787284,74,74
BV08TR_0194,1,0.999802030287785,73,74
BV08TR_0194,2,0.9970820453375026,72,74
BV08TR_0194,3,0.9945183113368326,71,74
BV08TR_0194,4,0.991830610948402,70,74
BV08TR_0194,5,0.9891154178138571,69,74
BV08TR_0194,6,0.9863452178285078,68,74
BV08TR_0194,7,0.9836258508456354,67,74
BV08TR_0194,8,0.9808409560826442,66,74
BV08TR_0194,9,0.9780423931641545,65,74
BV08TR_0194,10,0.975266369418462,64,74
BV08TR_0194,11,0.9725483663093284,63,74
BV08TR_0194,12,0.9698105524763873,62,74
BV08TR_0194,13,0.966987943215128,61,74
BV08TR_0194,14,0.9642132619504896,60,74
BV08TR_0194,15,0.9613370143127972,59,74
BV08TR_0194,16,0.958542008804678,58,74
BV08TR_0194,17,0.9557219498966943,57,74
BV08TR_0194,18,0.9530288256705524,56,74
BV08TR_0194,19,0.9503168401806872,55,74
BV08TR_0194,20,0.9475324011976513,54,74
BV08TR_0194,21,0.944790794854941,53,74
BV08TR_0194,22,0.9419388865886108,52,74
BV08TR_0194,23,0.9390723095689258,51,74
BV08TR_0194,24,0.9363699222668014,50,74
BV08TR_0194,25,0.9335178659354006,49,74
BV08TR_0194,26,0.9307028937020355,48,74
BV08TR_0194,27,0.9279103921102893,47,74
BV08TR_0194,28,0.9250708592233348,46,74
BV08TR_0194,29,0.9222428297483284,45,74
BV08TR_0194,30,0.9194300378176015,44,74
BV08TR_0194,31,0.9165815600682792,43,74
BV08TR_0194,32,0.9137204129755492,42,74
BV08TR_0194,33,0.9108953974163905,41,74
BV08TR_0194,34,0.9081124216884304,40,74
BV08TR_0194,35,0.9052912084230093,39,74
BV08TR_0194,36,0.902489400059842,38,74
BV08TR_0194,37,0.8996081491845489,37,74
BV08TR_0194,38,0.8967032239233858,36,74
BV08TR_0194,39,0.8940063590484043,35,74
BV08TR_0194,40,0.8912022458364216,34,74
BV08TR_0194,41,0.8882522415252604,33,74
BV08TR_0194,42,0.8854884887450086,32,74
BV08TR_0194,43,0.8826922948475411,31,74
BV08TR_0194,44,0.8799490998936678,30,74
BV08TR_0194,45,0.8770817243476284,29,74
BV08TR_0194,46,0.8743527937929915,28,74
BV08TR_0194,47,0.8715570242750773,27,74
BV08TR_0194,48,0.8689276072388032,26,74
BV08TR_0194,49,0.8661707828173173,25,74
BV08TR_0194,50,0.8634625164686884,24,74
BV08TR_0194,51,0.8607191331468144,23,74
BV08TR_0194,52,0.858018703506447,22,74
BV08TR_0194,53,0.8553550918797586,21,74
BV08TR_0194,54,0.8526394419743168,20,74
BV08TR_0194,55,0.8500359949358526,19,74
BV08TR_0194,56,0.8473734625944292,18,74
BV08TR_0194,57,0.8446087099806132,17,74
BV08TR_0194,58,0.8418817514869162,16,74
BV08TR_0194,59,0.8391403180768603,15,74
BV08TR_0194,60,0.836459315989403,14,74
BV08TR_0194,61,0.8337282579069017,13,74
BV08TR_0194,62,0.8309627488855768,12,74
BV08TR_0194,63,0.8280951834537048,11,74
BV08TR_0194,64,0.8254927227003552,10,74
BV08TR_0194,65,0.8228749185153005,9,74
BV08TR_0194,66,0.8200437224207575,8,74
BV08TR_0194,67,0.8174014369133668,7,74
BV08TR_0194,68,0.8148037349968549,6,74
BV08TR_0194,69,0.812095825105049,5,74
BV08TR_0194,70,0.8094335858633609,4,74
BV08TR_0194,71,0.8067649287410156,3,74
BV08TR_0194,72,0.8040943520517647,2,74
BV08TR_0194,73,0.801417540826262,1,74
BV08TR_0194,74,0.7987075636067879,0,74
BV08TR_0195,0,0.9587384648684018,48,48
BV08TR_0195,1,0.9551538671833002,47,48
BV08TR_0195,2,0.9517008662650552,46,48
BV08TR_0195,3,0.948253398132512,45,48
BV08TR_0195,4,0.944766809348921,44,48
BV08TR_0195,5,0.9412508223704859,43,48
BV08TR_0195,6,0.9379226612108787,42,48
BV08TR_0195,7,0.9344887515898656,41,48
BV08TR_0195,8,0.931110743132667,40,48
BV08TR_0195,9,0.9277360505399672,39,48
BV08TR_0195,10,0.9244963757416952,38,48
BV08TR_0195,11,0.9211088181048108,37,48
BV08TR_0195,12,0.9177296225568427,36,48
BV08TR_0195,13,0.9143120579373176,35,48
BV08TR_0195,14,0.9109528131082478,34,48
BV08TR_0195,15,0.907622224528046,33,48
BV08TR_0195,16,0.9042114167373853,32,48
BV08TR_0195,17,0.9009302056409548,31,48
BV08TR_0195,18,0.8976463937617033,30,48
BV08TR_0195,19,0.8944545792094135,29,48
BV08TR_0195,20,0.8911422117054985,28,48
BV08TR_0195,21,0.8878138131024454,27,48
BV08TR_0195,22,0.8844032364844411,26,48
BV08TR_0195,23,0.8811414375194875,25,48
BV08TR_0195,24,0.8779435146377655,24,48
BV08TR_0195,25,0.8746754311182304,23,48
BV08TR_0195,26,0.8713140995471038,22,48
BV08TR_0195,27,0.867990114210462,21,48
BV08TR_0195,28,0.8646843792921718,20,48
BV08TR_0195,29,0.8615337738773557,19,48
BV08TR_0195,30,0.8581754427142994,18,48
BV08TR_0195,31,0.8549171764877002,17,48
BV08TR_0195,32,0.8516738552675822,16,48
BV08TR_0195,33,0.8483985152313644,15,48
BV08TR_0195,34,0.8450399878445756,14,48
BV08TR_0195,35,0.8415944404668574,13,48
BV08TR_0195,36,0.8382629898869689,12,48
BV08TR_0195,37,0.8348388490164095,11,48
BV08TR_0195,38,0.8315818767660854,10,48
BV08TR_0195,39,0.8283198328402884,9,48
BV08TR_0195,40,0.8250251120522564,8,48
BV08TR_0195,41,0.8216800679239922,7,48
BV08TR_0195,42,0.8183311191541626,6,48
BV08TR_0195,43,0.8149170118121069,5,48
BV08TR_0195,44,0.811723160978986,4,48
BV08TR_0195,45,0.808217676538524,3,48
BV08TR_0195,46,0.8047389911878686,2,48
BV08TR_0195,47,0.8011943562045316,1,48
BV08TR_0195,48,0.7977865497789112,0,48
BV08TR_0196,0,0.9642928160185648,77,77
BV08TR_0196,1,0.9623462795043018,76,77
BV08TR_0196,2,0.960341397351898,75,77
BV08TR_0196,3,0.9584266464562692,74,77
BV08TR_0196,4,0.9564363951681082,73,77
BV08TR_0196,5,0.9545804218601844,72,77
BV08TR_0196,6,0.9526320332432224,71,77
BV08TR_0196,7,0.950731161156265,70,77
BV08TR_0196,8,0.9488518970267336,69,77
BV08TR_0196,9,0.9468813403794172,68,77
BV08TR_0196,10,0.9449571235691326,67,77
BV08TR_0196,11,0.9430488933666102,66,77
BV08TR_0196,12,0.941180450012518,65,77
BV08TR_0196,13,0.9391867109818404,64,77
BV08TR_0196,14,0.93730470726276,63,77
BV08TR_0196,15,0.9354126372206868,62,77
BV08TR_0196,16,0.9336363313508224,61,77
BV08TR_0196,17,0.9317451690681332,60,77
BV08TR_0196,18,0.9299313041571008,59,77
BV08TR_0196,19,0.9279731679919484,58,77
BV08TR_0196,20,0.9260459810684656,57,77
BV08TR_0196,21,0.9241419281536516,56,77
BV08TR_0196,22,0.9222003407936906,55,77
BV08TR_0196,23,0.9203042447343004,54,77
BV08TR_0196,24,0.9184120152164902,53,77
BV08TR_0196,25,0.91651741072642,52,77
BV08TR_0196,26,0.9146042286097122,51,77
BV08TR_0196,27,0.91271075314244,50,77
BV08TR_0196,28,0.9108822191625044,49,77
BV08TR_0196,29,0.908986747087257,48,77
BV08TR_0196,30,0.9070843689465342,47,77
BV08TR_0196,31,0.9051014812195122,46,77
BV08TR_0196,32,0.9032298086012448,45,77
BV08TR_0196,33,0.9013324508119578,44,77
BV08TR_0196,34,0.8994071816049918,43,77
BV08TR_0196,35,0.8974698025844304,42,77
BV08TR_0196,36,0.895463457844527,41,77
BV08TR_0196,37,0.8934930285404755,40,77
BV08TR_0196,38,0.8915539892020933,39,77
BV08TR_0196,39,0.8896090078271782,38,77
BV08TR_0196,40,0.887675053412274,37,77
BV08TR_0196,41,0.8856740298650415,36,77
BV08TR_0196,42,0.8837066505025567,35,77
BV08TR_0196,43,0.8818021276800894,34,77
BV08TR_0196,44,0.8798357977792579,33,77
BV08TR_0196,45,0.8778167336903415,32,77
BV08TR_0196,46,0.8758239607191889,31,77
BV08TR_0196,47,0.8738100486174849,30,77
BV08TR_0196,48,0.8718396015918682,29,77
BV08TR_0196,49,0.8699177158174565,28,77
BV08TR_0196,50,0.8679145018254548,27,77
BV08TR_0196,51,0.8659877826508665,26,77
BV08TR_0196,52,0.8639768781600026,25,77
BV08TR_0196,53,0.8620402105554648,24,77
BV08TR_0196,54,0.8601237730162349,23,77
BV08TR_0196,55,0.858135763703656,22,77
BV08TR_0196,56,0.8561452132429453,21,77
BV08TR_0196,57,0.8541563420055585,20,77
BV08TR_0196,58,0.852178452698893,19,77
BV08TR_0196,59,0.8501979825924063,18,77
BV08TR_0196,60,0.8474833669583539,17,77
BV08TR_0196,61,0.8446866879247615,16,77
BV08TR_0196,62,0.8418237630594548,15,77
BV08TR_0196,63,0.8389910458704567,14,77
BV08TR_0196,64,0.8360829144190134,13,77
BV08TR_0196,65,0.8333421423730432,12,77
BV08TR_0196,66,0.8303373380180082,11,77
BV08TR_0196,67,0.8274287386400222,10,77
BV08TR_0196,68,0.8246013217169721,9,77
BV08TR_0196,69,0.8217969704757814,8,77
BV08TR_0196,70,0.8190146362994228,7,77
BV08TR_0196,71,0.8160953106816577,6,77
BV08TR_0196,72,0.8132934998362598,5,77
BV08TR_0196,73,0.8104324511676781,4,77
BV08TR_0196,74,0.8076927384245929,3,77
BV08TR_0196,75,0.804937906673687,2,77
BV08TR_0196,76,0.8022074490520875,1,77
BV08TR_0196,77,0.7994303223152912,0,77
BV08TR_0197,0,1.0328968781099779,104,104
BV08TR_0197,1,1.0308250765602998,103,104
BV08TR_0197,2,1.0287157420470103,102,104
BV08TR_0197,3,1.0266705266586995,101,104
BV08TR_0197,4,1.024621712722225,100,104
BV08TR_0197,5,1.0226269848037712,99,104
BV08TR_0197,6,1.0205832484131705,98,104
BV08TR_0197,7,1.0184803405556067,97,104
BV08TR_0197,8,1.016414244489399,96,104
BV08TR_0197,9,1.014440120049012,95,104
BV08TR_0197,10,1.012382601959526,94,104
BV08TR_0197,11,1.0102846421165097,93,104
BV08TR_0197,12,1.0081122905049906,92,104
BV08TR_0197,13,1.0060118338457105,91,104
BV08TR_0197,14,1.0039210888870351,90,104
BV08TR_0197,15,1.0017952939030128,89,104
BV08TR_0197,16,0.9996251295965168,88,104
BV08TR_0197,17,0.9974809763066566,87,104
BV08TR_0197,18,0.9954112986590198,86,104
BV08TR_0197,19,0.9932939940431392,85,104
BV08TR_0197,20,0.991194070329372,84,104
BV08TR_0197,21,0.989063915439484,83,104
BV08TR_0197,22,0.9870189537722924,82,104
BV08TR_0197,23,0.9848173337438972,81,104
BV08TR_0197,24,0.982599413797596,80,104
BV08TR_0197,25,0.980408407516486,79,104
BV08TR_0197,26,0.9782967922610805,78,104
BV08TR_0197,27,0.9761050532437996,77,104
BV08TR_0197,28,0.9740118855972199,76,104
BV08TR_0197,29,0.9718062178881202,75,104
BV08TR_0197,30,0.969746167138983,74,104
BV08TR_0197,31,0.9676239550531858,73,104
BV08TR_0197,32,0.9654597164351575,72,104
BV08TR_0197,33,0.963333538110646,71,104
BV08TR_0197,34,0.9612089333832792,70,104
BV08TR_0197,35,0.959047785754456,69,104
BV08TR_0197,36,0.9568492156914724,68,104
BV08TR_0197,37,0.954609027706654,67,104
BV08TR_0197,38,0.952452791040428,66,104
BV08TR_0197,39,0.9502371657577694,65,104
BV08TR_0197,40,0.9481825181364012,64,104
BV08TR_0197,41,0.9460183623465072,63,104
BV08TR_0197,42,0.9437966997651186,62,104
BV08TR_0197,43,0.9416052568884148,61,104
BV08TR_0197,44,0.9394510414614254,60,104
BV08TR_0197,45,0.937278325348328,59,104
BV08TR_0197,46,0.9350608063168152,58,104
BV08TR_0197,47,0.932848298526642,57,104
BV08TR_0197,48,0.930707837369457,56,104
BV08TR_0197,49,0.9284799915366222,55,104
BV08TR_0197,50,0.926274504208332,54,104
BV08TR_0197,51,0.9240742015172482,53,104
BV08TR_0197,52,0.9218819162052035,52,104
BV08TR_0197,53,0.919807638780442,51,104
BV08TR_0197,54,0.9176437921396922,50,104
BV08TR_0197,55,0.915533857642752,49,104
BV08TR_0197,56,0.9134686664584244,48,104
BV08TR_0197,57,0.9113558156463002,47,104
BV08TR_0197,58,0.909229238427794,46,104
BV08TR_0197,59,0.9070919835580834,45,104
BV08TR_0197,60,0.9049996696069406,44,104
BV08TR_0197,61,0.9028665407246494,43,104
BV08TR_0197,62,0.9007945466453595,42,104
BV08TR_0197,63,0.8986779662983855,41,104
BV08TR_0197,64,0.896572336079618,40,104
BV08TR_0197,65,0.8944809335966575,39,104
BV08TR_0197,66,0.8923715943703634,38,104
BV08TR_0197,67,0.890210437758946,37,104
BV08TR_0197,68,0.8881939582041886,36,104
BV08TR_0197,69,0.8860433066729363,35,104
BV08TR_0197,70,0.8839795814132303,34,104
BV08TR_0197,71,0.8819238638310228,33,104
BV08TR_0197,72,0.8797674017495752,32,104
BV08TR_0197,73,0.8777704669566178,31,104
BV08TR_0197,74,0.8752434018907292,30,104
BV08TR_0197,75,0.872652556876564,29,104
BV08TR_0197,76,0.8700629352207366,28,104
BV08TR_0197,77,0.8675905159764998,27,104
BV08TR_0197,78,0.8648821212265412,26,104
BV08TR_0197,79,0.8624098507191684,25,104
BV08TR_0197,80,0.8598160121343404,24,104
BV08TR_0197,81,0.8573189669232123,23,104
BV08TR_0197,82,0.854833325705587,22,104
BV08TR_0197,83,0.8522237031931765,21,104
BV08TR_0197,84,0.8497977833935846,20,104
BV08TR_0197,85,0.8472753511795539,19,104
BV08TR_0197,86,0.8447499219085144,18,104
BV08TR_0197,87,0.8422566014155991,17,104
BV08TR_0197,88,0.8396844357076048,16,104
BV08TR_0197,89,0.8371364074873303,15,104
BV08TR_0197,90,0.834583326756781,14,104
BV08TR_0197,91,0.8320255743253455,13,104
BV08TR_0197,92,0.8295544443640739,12,104
BV08TR_0197,93,0.8269257134487763,11,104
BV08TR_0197,94,0.8242991084633152,10,104
BV08TR_0197,95,0.8217337006876784,9,104
BV08TR_0197,96,0.8192123708317307,8,104
BV08TR_0197,97,0.8166160767795048,7,104
BV08TR_0197,98,0.8139693717292898,6,104
BV08TR_0197,99,0.8114137364050285,5,104
BV08TR_0197,100,0.8087175580508704,4,104
BV08TR_0197,101,0.8061267897997595,3,104
BV08TR_0197,102,0.8036129434967886,2,104
BV08TR_0197,103,0.8010198195746865,1,104
BV08TR_0197,104,0.798308831058117,0,104
BV08TR_0198,0,1.039975436253159,73,73
BV08TR_0198,1,1.0367275800469766,72,73
BV08TR_0198,2,1.0335533513990411,71,73
BV08TR_0198,3,1.0302905336148733,70,73
BV08TR_0198,4,1.026890302917362,69,73
BV08TR_0198,5,1.0234572468325083,68,73
BV08TR_0198,6,1.0202289773181041,67,73
BV08TR_0198,7,1.0168597690873693,66,73
BV08TR_0198,8,1.0135871299719041,65,73
BV08TR_0198,9,1.010188465994948,64,73
BV08TR_0198,10,1.006777299964348,63,73
BV08TR_0198,11,1.0034973853606535,62,73
BV08TR_0198,12,1.0000992446585066,61,73
BV08TR_0198,13,0.9965231566474202,60,73
BV08TR_0198,14,0.9932686911263472,59,73
BV08TR_0198,15,0.9899133527121432,58,73
BV08TR_0198,16,0.986581171347654,57,73
BV08TR_0198,17,0.9831203590659194,56,73
BV08TR_0198,18,0.979640394640198,55,73
BV08TR_0198,19,0.9762810074484084,54,73
BV08TR_0198,20,0.972927984366444,53,73
BV08TR_0198,21,0.9695862094910056,52,73
BV08TR_0198,22,0.966270446536278,51,73
BV08TR_0198,23,0.9628835419529864,50,73
BV08TR_0198,24,0.9594419558490502,49,73
BV08TR_0198,25,0.9559072543737368,48,73
BV08TR_0198,26,0.9525812214013685,47,73
BV08TR_0198,27,0.9491043317400364,46,73
BV08TR_0198,28,0.9457308760977003,45,73
BV08TR_0198,29,0.9423009718932926,44,73
BV08TR_0198,30,0.9390183888147692,43,73
BV08TR_0198,31,0.935673880115848,42,73
BV08TR_0198,32,0.932380157796726,41,73
BV08TR_0198,33,0.9289853360887664,40,73
BV08TR_0198,34,0.9255072536433655,39,73
BV08TR_0198,35,0.9222115714343958,38,73
BV08TR_0198,36,0.9188609837525356,37,73
BV08TR_0198,37,0.9156456675269595,36,73
BV08TR_0198,38,0.9122619699552672,35,73
BV08TR_0198,39,0.9089938201462802,34,73
BV08TR_0198,40,0.9056333429968746,33,73
BV08TR_0198,41,0.9024297732876445,32,73
BV08TR_0198,42,0.8991801143627906,31,73
BV08TR_0198,43,0.8959474043092241,30,73
BV08TR_0198,44,0.8925410093678882,29,73
BV08TR_0198,45,0.889233381187885,28,73
BV08TR_0198,46,0.8859933698197203,27,73
BV08TR_0198,47,0.882683587371295,26,73
BV08TR_0198,48,0.8794029545512216,25,73
BV08TR_0198,49,0.8759935422767363,24,73
BV08TR_0198,50,0.8729583363493434,23,73
BV08TR_0198,51,0.8696747637649934,22,73
BV08TR_0198,52,0.8664047357389776,21,73
BV08TR_0198,53,0.8630487307134238,20,73
BV08TR_0198,54,0.8598179769340797,19,73
BV08TR_0198,55,0.8566978052152925,18,73
BV08TR_0198,56,0.8535002319763834,17,73
BV08TR_0198,57,0.8502474037182987,16,73
BV08TR_0198,58,0.8470370561770783,15,73
BV08TR_0198,59,0.8438454797255478,14,73
BV08TR_0198,60,0.8404987786039737,13,73
BV08TR_0198,61,0.8370550004617454,12,73
BV08TR_0198,62,0.8338603112303093,11,73
BV08TR_0198,63,0.8307187609529213,10,73
BV08TR_0198,64,0.827309035466537,9,73
BV08TR_0198,65,0.8239535229534716,8,73
BV08TR_0198,66,0.8206375574168074,7,73
BV08TR_0198,67,0.817348180831083,6,73
BV08TR_0198,68,0.8140687371650815,5,73
BV08TR_0198,69,0.8107765283188438,4,73
BV08TR_0198,70,0.8075289801229468,3,73
BV08TR_0198,71,0.8041840654522706,2,73
BV08TR_0198,72,0.80080502966186,1,73
BV08TR_0198,73,0.7973961370270822,0,73
BV08TR_0199,0,0.9790795999918652,60,60
BV08TR_0199,1,0.9761178573509294,59,60
BV08TR_0199,2,0.9731829948612786,58,60
BV08TR_0199,3,0.97014376017378,57,60
BV08TR_0199,4,0.967018627399296,56,60
BV08TR_0199,5,0.9639113174023884,55,60
BV08TR_0199,6,0.9607955104469313,54,60
BV08TR_0199,7,0.9577801248578995,53,60
BV08TR_0199,8,0.9546983019532902,52,60
BV08TR_0199,9,0.9517099010323692,51,60
BV08TR_0199,10,0.9485630318421544,50,60
BV08TR_0199,11,0.945494468759505,49,60
BV08TR_0199,12,0.9424044989303795,48,60
BV08TR_0199,13,0.939377888192351,47,60
BV08TR_0199,14,0.936270369609517,46,60
BV08TR_0199,15,0.9332769433916995,45,60
BV08TR_0199,16,0.9303010149735212,44,60
BV08TR_0199,17,0.92737999035578,43,60
BV08TR_0199,18,0.9243448803490244,42,60
BV08TR_0199,19,0.9213059787186092,41,60
BV08TR_0199,20,0.9183186205042292,40,60
BV08TR_0199,21,0.9151718922383194,39,60
BV08TR_0199,22,0.9121596867672745,38,60
BV08TR_0199,23,0.9090774936826264,37,60
BV08TR_0199,24,0.906012420317076,36,60
BV08TR_0199,25,0.9029812102488104,35,60
BV08TR_0199,26,0.8999561790318112,34,60
BV08TR_0199,27,0.8969653602380958,33,60
BV08TR_0199,28,0.8939101501702488,32,60
BV08TR_0199,29,0.8909754533155074,31,60
BV08TR_0199,30,0.8879126088007238,30,60
BV08TR_0199,31,0.8849432762992271,29,60
BV08TR_0199,32,0.8819325289988657,28,60
BV08TR_0199,33,0.8789557791330066,27,60
BV08TR_0199,34,0.8759483343280308,26,60
BV08TR_0199,35,0.873176217041235,25,60
BV08TR_0199,36,0.8703692164252914,24,60
BV08TR_0199,37,0.8674627846267388,23,60
BV08TR_0199,38,0.8646055537105805,22,60
BV08TR_0199,39,0.8615896600129344,21,60
BV08TR_0199,40,0.8587108393243972,20,60
BV08TR_0199,41,0.855762066242583,19,60
BV08TR_0199,42,0.8527781801899732,18,60
BV08TR_0199,43,0.849773057190816,17,60
BV08TR_0199,44,0.8465242583416719,16,60
BV08TR_0199,45,0.8435992900848154,15,60
BV08TR_0199,46,0.8406563710672301,14,60
BV08TR_0199,47,0.8377822616697512,13,60
BV08TR_0199,48,0.8349212110667464,12,60
BV08TR_0199,49,0.831957087870298,11,60
BV08TR_0199,50,0.8290202238220165,10,60
BV08TR_0199,51,0.8260672732408215,9,60
BV08TR_0199,52,0.8231547930871145,8,60
BV08TR_0199,53,0.8201183250456586,7,60
BV08TR_0199,54,0.8170599050420095,6,60
BV08TR_0199,55,0.8141431506000527,5,60
BV08TR_0199,56,0.8113117530378892,4,60
BV08TR_0199,57,0.8084231388814007,3,60
BV08TR_0199,58,0.8054921002581205,2,60
BV08TR_0199,59,0.802582623156712,1,60
BV08TR_0199,60,0.799706344100209,0,60
BV08TR_0200,0,0.952542030196584,48,48
BV08TR_0200,1,0.9491623175299948,47,48
BV08TR_0200,2,0.9459130355653375,46,48
BV08TR_0200,3,0.9427691203345,45,48
BV08TR_0200,4,0.939546798028838,44,48
BV08TR_0200,5,0.936387869492383,43,48
BV08TR_0200,6,0.9329934002416975,42,48
BV08TR_0200,7,0.9298010876378958,41,48
BV08TR_0200,8,0.9266970429462512,40,48
BV08TR_0200,9,0.923488484853982,39,48
BV08TR_0200,10,0.9202519856471006,38,48
BV08TR_0200,11,0.9169828047076588,37,48
BV08TR_0200,12,0.9137253561794516,36,48
BV08TR_0200,13,0.9104775142380265,35,48
BV08TR_0200,14,0.907246547256506,34,48
BV08TR_0200,15,0.9039738805176623,33,48
BV08TR_0200,16,0.9007675945478072,32,48
BV08TR_0200,17,0.8975212031213166,31,48
BV08TR_0200,18,0.8944169561720084,30,48
BV08TR_0200,19,0.8912475994880592,29,48
BV08TR_0200,20,0.8880968049157026,28,48
BV08TR_0200,21,0.8849393081875612,27,48
BV08TR_0200,22,0.8817804781754369,26,48
BV08TR_0200,23,0.8787405439515441,25,48
BV08TR_0200,24,0.8754885753697776,24,48
BV08TR_0200,25,0.8721596332848721,23,48
BV08TR_0200,26,0.8688954996408877,22,48
BV08TR_0200,27,0.8657252609894635,21,48
BV08TR_0200,28,0.8625084388994133,20,48
BV08TR_0200,29,0.8593232203262814,19,48
BV08TR_0200,30,0.8561224649814442,18,48
BV08TR_0200,31,0.852692286185669,17,48
BV08TR_0200,32,0.8495144659357604,16,48
BV08TR_0200,33,0.8463376773713515,15,48
BV08TR_0200,34,0.8431597839334032,14,48
BV08TR_0200,35,0.8398390072244878,13,48
BV08TR_0200,36,0.8365549904573414,12,48
BV08TR_0200,37,0.833338283081025,11,48
BV08TR_0200,38,0.8299482354113087,10,48
BV08TR_0200,39,0.8266223604533655,9,48
BV08TR_0200,40,0.8233521545228432,8,48
BV08TR_0200,41,0.8200972557783889,7,48
BV08TR_0200,42,0.8167326977343968,6,48
BV08TR_0200,43,0.8132538531209735,5,48
BV08TR_0200,44,0.8100738789135143,4,48
BV08TR_0200,45,0.8067808505388293,3,48
BV08TR_0200,46,0.8034639375900144,2,48
BV08TR_0200,47,0.8003360760925098,1,48
BV08TR_0200,48,0.7970213036743145,0,48
BV08TR_0201,0,1.015319805018339,67,67
BV08TR_0201,1,1.0120850988884624,66,67
BV08TR_0201,2,1.0089127826250344,65,67
BV08TR_0201,3,1.0057064089972847,64,67
BV08TR_0201,4,1.002415816871305,63,67
BV08TR_0201,5,0.999333662498522,62,67
BV08TR_0201,6,0.9961102987152244,61,67
BV08TR_0201,7,0.9929958772940455,60,67
BV08TR_0201,8,0.989756382228402,59,67
BV08TR_0201,9,0.9865957762447728,58,67
BV08TR_0201,10,0.9833802594520265,57,67
BV08TR_0201,11,0.9803110337650484,56,67
BV08TR_0201,12,0.9772055049112884,55,67
BV08TR_0201,13,0.9739061788434412,54,67
BV08TR_0201,14,0.9706492746077782,53,67
BV08TR_0201,15,0.967569292537203,52,67
BV08TR_0201,16,0.9644664023852728,51,67
BV08TR_0201,17,0.9614502780907316,50,67
BV08TR_0201,18,0.958279051742511,49,67
BV08TR_0201,19,0.9549926001009478,48,67
BV08TR_0201,20,0.951866519121907,47,67
BV08TR_0201,21,0.9487140746460124,46,67
BV08TR_0201,22,0.9454986121384125,45,67
BV08TR_0201,23,0.9422876114063765,44,67
BV08TR_0201,24,0.9390882858934968,43,67
BV08TR_0201,25,0.9360170504915618,42,67
BV08TR_0201,26,0.9327853836943815,41,67
BV08TR_0201,27,0.9295005655518142,40,67
BV08TR_0201,28,0.9262321366388762,39,67
BV08TR_0201,29,0.9230286645948585,38,67
BV08TR_0201,30,0.919834979768342,37,67
BV08TR_0201,31,0.9165118151595236,36,67
BV08TR_0201,32,0.9131697546155192,35,67
BV08TR_0201,33,0.90970881379444,34,67
BV08TR_0201,34,0.9063996601289048,33,67
BV08TR_0201,35,0.903089716737618,32,67
BV08TR_0201,36,0.8997810984821611,31,67
BV08TR_0201,37,0.8963177984252597,30,67
BV08TR_0201,38,0.8931481335974051,29,67
BV08TR_0201,39,0.8897465638267391,28,67
BV08TR_0201,40,0.8864624118935406,27,67
BV08TR_0201,41,0.8831135337972622,26,67
BV08TR_0201,42,0.8797477352533346,25,67
BV08TR_0201,43,0.876361959274409,24,67
BV08TR_0201,44,0.8731109211676163,23,67
BV08TR_0201,45,0.8698243763789228,22,67
BV08TR_0201,46,0.8664851347763003,21,67
BV08TR_0201,47,0.8632994506872149,20,67
BV08TR_0201,48,0.8600143443374052,19,67
BV08TR_0201,49,0.8568327745678403,18,67
BV08TR_0201,50,0.8535674917769174,17,67
BV08TR_0201,51,0.8503014095123207,16,67
BV08TR_0201,52,0.8471952759621315,15,67
BV08TR_0201,53,0.843975676081817,14,67
BV08TR_0201,54,0.8407549987794797,13,67
BV08TR_0201,55,0.8374287748670372,12,67
BV08TR_0201,56,0.8341276769982956,11,67
BV08TR_0201,57,0.8309869060083078,10,67
BV08TR_0201,58,0.8278165363177012,9,67
BV08TR_0201,59,0.8245850257376792,8,67
BV08TR_0201,60,0.8213773600604178,7,67
BV08TR_0201,61,0.8180715458968012,6,67
BV08TR_0201,62,0.8147640229886103,5,67
BV08TR_0201,63,0.8115783170686234,4,67
BV08TR_0201,64,0.8084079300159988,3,67
BV08TR_0201,65,0.8053675617241234,2,67
BV08TR_0201,66,0.8021523502005461,1,67
BV08TR_0201,67,0.7990358093470786,0,67
BV08TR_0202,0,1.0005035774132998,81,81
BV08TR_0202,1,0.9980395679827342,80,81
BV08TR_0202,2,0.9955193178902872,79,81
BV08TR_0202,3,0.9930116998643954,78,81
BV08TR_0202,4,0.9905787130016206,77,81
BV08TR_0202,5,0.9881267083291198,76,81
BV08TR_0202,6,0.9855937039089484,75,81
BV08TR_0202,7,0.9831784788627024,74,81
BV08TR_0202,8,0.9807097966528884,73,81
BV08TR_0202,9,0.9782600248512417,72,81
BV08TR_0202,10,0.975740960189194,71,81
BV08TR_0202,11,0.9731280630101585,70,81
BV08TR_0202,12,0.9705780909336355,69,81
BV08TR_0202,13,0.9680624939880854,68,81
BV08TR_0202,14,0.9655546192907948,67,81
BV08TR_0202,15,0.9629705509424988,66,81
BV08TR_0202,16,0.9604425507910486,65,81
BV08TR_0202,17,0.9579209303327652,64,81
BV08TR_0202,18,0.9554249030293475,63,81
BV08TR_0202,19,0.9529416355231495,62,81
BV08TR_0202,20,0.9503570156431465,61,81
BV08TR_0202,21,0.9478608588304704,60,81
BV08TR_0202,22,0.9452687981139994,59,81
BV08TR_0202,23,0.9428858924424348,58,81
BV08TR_0202,24,0.9403863735845575,57,81
BV08TR_0202,25,0.937907578966536,56,81
BV08TR_0202,26,0.9354792539614964,55,81
BV08TR_0202,27,0.9329875679077946,54,81
BV08TR_0202,28,0.9305891415675682,53,81
BV08TR_0202,29,0.9280622004413075,52,81
BV08TR_0202,30,0.9255861633418805,51,81
BV08TR_0202,31,0.9230343847506421,50,81
BV08TR_0202,32,0.9204936702749626,49,81
BV08TR_0202,33,0.9179847339864285,48,81
BV08TR_0202,34,0.915521411247377,47,81
BV08TR_0202,35,0.913100458839413,46,81
BV08TR_0202,36,0.9106402885711484,45,81
BV08TR_0202,37,0.9081804022492236,44,81
BV08TR_0202,38,0.9057068692721754,43,81
BV08TR_0202,39,0.9033124143456974,42,81
BV08TR_0202,40,0.900838571099519,41,81
BV08TR_0202,41,0.8983602129515899,40,81
BV08TR_0202,42,0.8959261481103231,39,81
BV08TR_0202,43,0.8935326316325108,38,81
BV08TR_0202,44,0.8911235006475563,37,81
BV08TR_0202,45,0.8886236464488864,36,81
BV08TR_0202,46,0.886254262089033,35,81
BV08TR_0202,47,0.8838831097208634,34,81
BV08TR_0202,48,0.881408711701357,33,81
BV08TR_0202,49,0.878919382843857,32,81
BV08TR_0202,50,0.876450401950042,31,81
BV08TR_0202,51,0.8739672324581205,30,81
BV08TR_0202,52,0.8715182066747308,29,81
BV08TR_0202,53,0.8690223822688368,28,81
BV08TR_0202,54,0.8664949274045364,27,81
BV08TR_0202,55,0.8640958135708718,26,81
BV08TR_0202,56,0.8617875740956191,25,81
BV08TR_0202,57,0.859413602566318,24,81
BV08TR_0202,58,0.8569060491328939,23,81
BV08TR_0202,59,0.8544351267619127,22,81
BV08TR_0202,60,0.852009876300974,21,81
BV08TR_0202,61,0.8494999694484825,20,81
BV08TR_0202,62,0.8470738469899959,19,81
BV08TR_0202,63,0.8446923136324392,18,81
BV08TR_0202,64,0.8423258960460629,17,81
BV08TR_0202,65,0.8397897681895788,16,81
BV08TR_0202,66,0.8372535883596,15,81
BV08TR_0202,67,0.8347940714872376,14,81
BV08TR_0202,68,0.8322904415760961,13,81
BV08TR_0202,69,0.829916815353267,12,81
BV08TR_0202,70,0.8273275420064626,11,81
BV08TR_0202,71,0.8249292292339983,10,81
BV08TR_0202,72,0.8224135800009273,9,81
BV08TR_0202,73,0.8197956400979338,8,81
BV08TR_0202,74,0.8173278023896161,7,81
BV08TR_0202,75,0.8148631130067826,6,81
BV08TR_0202,76,0.8122694946220606,5,81
BV08TR_0202,77,0.8097929693944927,4,81
BV08TR_0202,78,0.8072075650237814,3,81
BV08TR_0202,79,0.8047025393833038,2,81
BV08TR_0202,80,0.8021159529615127,1,81
BV08TR_0202,81,0.7996695991237479,0,81
BV08TR_0203,0,0.967636021327891,50,50
BV08TR_0203,1,0.9643875377908424,49,50
BV08TR_0203,2,0.961181905759658,48,50
BV08TR_0203,3,0.9579809392227905,47,50
BV08TR_0203,4,0.9547012098146442,46,50
BV08TR_0203,5,0.9514920985646348,45,50
BV08TR_0203,6,0.9481334376950104,44,50
BV08TR_0203,7,0.9448031971176324,43,50
BV08TR_0203,8,0.9417246035228315,42,50
BV08TR_0203,9,0.938618818617442,41,50
BV08TR_0203,10,0.9353744338787457,40,50
BV08TR_0203,11,0.9322739029600287,39,50
BV08TR_0203,12,0.9290207258214453,38,50
BV08TR_0203,13,0.9258384508269007,37,50
BV08TR_0203,14,0.922670727700356,36,50
BV08TR_0203,15,0.9195035832616058,35,50
BV08TR_0203,16,0.9163218278037324,34,50
BV08TR_0203,17,0.913246474199428,33,50
BV08TR_0203,18,0.909949140624012,32,50
BV08TR_0203,19,0.9067558162130608,31,50
BV08TR_0203,20,0.9037975385535894,30,50
BV08TR_0203,21,0.9006761854919085,29,50
BV08TR_0203,22,0.897432261254198,28,50
BV08TR_0203,23,0.8943262755058332,27,50
BV08TR_0203,24,0.8912063896684586,26,50
BV08TR_0203,25,0.8881380811374735,25,50
BV08TR_0203,26,0.8851349857380922,24,50
BV08TR_0203,27,0.8821201363164979,23,50
BV08TR_0203,28,0.8790193237319862,22,50
BV08TR_0203,29,0.8758973610858583,21,50
BV08TR_0203,30,0.8728008352452264,20,50
BV08TR_0203,31,0.8697816399110608,19,50
BV08TR_0203,32,0.8667417026593692,18,50
BV08TR_0203,33,0.8636068256507863,17,50
BV08TR_0203,34,0.8606064299260254,16,50
BV08TR_0203,35,0.857517333951942,15,50
BV08TR_0203,36,0.8544087053661898,14,50
BV08TR_0203,37,0.8513487830701755,13,50
BV08TR_0203,38,0.8483511406590032,12,50
BV08TR_0203,39,0.8444018917795418,11,50
BV08TR_0203,40,0.8403142604802833,10,50
BV08TR_0203,41,0.8362097753767876,9,50
BV08TR_0203,42,0.832108101850283,8,50
BV08TR_0203,43,0.8281518484204792,7,50
BV08TR_0203,44,0.8239283455965324,6,50
BV08TR_0203,45,0.8199032046301903,5,50
BV08TR_0203,46,0.8159730944270978,4,50
BV08TR_0203,47,0.8118592075239724,3,50
BV08TR_0203,48,0.8077785629187547,2,50
BV08TR_0203,49,0.8035489664257055,1,50
BV08TR_0203,50,0.7992928737403958,0,50
BV08TR_0204,0,0.971157888025354,71,71
BV08TR_0204,1,0.9688048685656832,70,71
BV08TR_0204,2,0.9663951293730055,69,71
BV08TR_0204,3,0.9640144076059696,68,71
BV08TR_0204,4,0.9616643217195854,67,71
BV08TR_0204,5,0.9592927880953154,66,71
BV08TR_0204,6,0.956905365336772,65,71
BV08TR_0204,7,0.954499361634016,64,71
BV08TR_0204,8,0.952086203508873,63,71
BV08TR_0204,9,0.9496470739607444,62,71
BV08TR_0204,10,0.947275850388046,61,71
BV08TR_0204,11,0.9448534534844132,60,71
BV08TR_0204,12,0.9424182926677915,59,71
BV08TR_0204,13,0.9399713675882425,58,71
BV08TR_0204,14,0.9374867586540006,57,71
BV08TR_0204,15,0.9349486579133306,56,71
BV08TR_0204,16,0.9325449700719404,55,71
BV08TR_0204,17,0.9301066094841098,54,71
BV08TR_0204,18,0.9276420245762105,53,71
BV08TR_0204,19,0.92518163365229,52,71
BV08TR_0204,20,0.922628419360098,51,71
BV08TR_0204,21,0.920153065658608,50,71
BV08TR_0204,22,0.9176454596390325,49,71
BV08TR_0204,23,0.91509600560929,48,71
BV08TR_0204,24,0.9125972385467345,47,71
BV08TR_0204,25,0.910082382626384,46,71
BV08TR_0204,26,0.9076275338489175,45,71
BV08TR_0204,27,0.9050995420260904,44,71
BV08TR_0204,28,0.9025630754171178,43,71
BV08TR_0204,29,0.9000551381233994,42,71
BV08TR_0204,30,0.8974355754656985,41,71
BV08TR_0204,31,0.8949596202618525,40,71
BV08TR_0204,32,0.8925797270776661,39,71
BV08TR_0204,33,0.8900741538182336,38,71
BV08TR_0204,34,0.8875863843410333,37,71
BV08TR_0204,35,0.8851130676154292,36,71
BV08TR_0204,36,0.8827057869886703,35,71
BV08TR_0204,37,0.8802919581906355,34,71
BV08TR_0204,38,0.8778025884423715,33,71
BV08TR_0204,39,0.8752908388121033,32,71
BV08TR_0204,40,0.8728352472262806,31,71
BV08TR_0204,41,0.8703003834237185,30,71
BV08TR_0204,42,0.8678834766877467,29,71
BV08TR_0204,43,0.8654506790577196,28,71
BV08TR_0204,44,0.8630397543349095,27,71
BV08TR_0204,45,0.8605330445078546,26,71
BV08TR_0204,46,0.858169920703634,25,71
BV08TR_0204,47,0.8557793962649525,24,71
BV08TR_0204,48,0.853415699124435,23,71
BV08TR_0204,49,0.851083933174766,22,71
BV08TR_0204,50,0.8486408616345232,21,71
BV08TR_0204,51,0.8462302470042238,20,71
BV08TR_0204,52,0.843942947552648,19,71
BV08TR_0204,53,0.841612955267287,18,71
BV08TR_0204,54,0.8392600514182336,17,71
BV08TR_0204,55,0.8368614053711158,16,71
BV08TR_0204,56,0.8343776979640944,15,71
BV08TR_0204,57,0.8319135730152585,14,71
BV08TR_0204,58,0.829462077844816,13,71
BV08TR_0204,59,0.8270126461078098,12,71
BV08TR_0204,60,0.824637731589758,11,71
BV08TR_0204,61,0.8222148167413996,10,71
BV08TR_0204,62,0.8197034289333582,9,71
BV08TR_0204,63,0.817362657491381,8,71
BV08TR_0204,64,0.8150103949387192,7,71
BV08TR_0204,65,0.8126639357536477,6,71
BV08TR_0204,66,0.8102765825641016,5,71
BV08TR_0204,67,0.8078614618980416,4,71
BV08TR_0204,68,0.8053903732982575,3,71
BV08TR_0204,69,0.802941263130881,2,71
BV08TR_0204,70,0.800509262076108,1,71
BV08TR_0204,71,0.7980673389833638,0,71
BV08TR_0205,0,1.0022765825107702,58,58
BV08TR_0205,1,0.9987186389296238,57,58
BV08TR_0205,2,0.9951241688797794,56,58
BV08TR_0205,3,0.9913836949298145,55,58
BV08TR_0205,4,0.9879193304353648,54,58
BV08TR_0205,5,0.984309565655464,53,58
BV08TR_0205,6,0.980753063394304,52,58
BV08TR_0205,7,0.9771755609471166,51,58
BV08TR_0205,8,0.9735023213825786,50,58
BV08TR_0205,9,0.969833043273386,49,58
BV08TR_0205,10,0.966174215818004,48,58
BV08TR_0205,11,0.9625052291430122,47,58
BV08TR_0205,12,0.958911748852316,46,58
BV08TR_0205,13,0.9555083500211035,45,58
BV08TR_0205,14,0.9519899698545458,44,58
BV08TR_0205,15,0.9484166020101426,43,58
BV08TR_0205,16,0.9449971535025739,42,58
BV08TR_0205,17,0.9414387681118174,41,58
BV08TR_0205,18,0.9378894747484506,40,58
BV08TR_0205,19,0.9343138950714543,39,58
BV08TR_0205,20,0.9309208926846624,38,58
BV08TR_0205,21,0.9273693314839825,37,58
BV08TR_0205,22,0.923884089607662,36,58
BV08TR_0205,23,0.9204187550683964,35,58
BV08TR_0205,24,0.9168878637608472,34,58
BV08TR_0205,25,0.9134454684289676,33,58
BV08TR_0205,26,0.9100500524385894,32,58
BV08TR_0205,27,0.906592154104914,31,58
BV08TR_0205,28,0.9030204104188206,30,58
BV08TR_0205,29,0.8997023335675443,29,58
BV08TR_0205,30,0.8961775656942027,28,58
BV08TR_0205,31,0.8928080934330836,27,58
BV08TR_0205,32,0.889274440873759,26,58
BV08TR_0205,33,0.8858845073804344,25,58
BV08TR_0205,34,0.882552697386286,24,58
BV08TR_0205,35,0.8792071091134634,23,58
BV08TR_0205,36,0.8757085760730289,22,58
BV08TR_0205,37,0.8722448432192648,21,58
BV08TR_0205,38,0.8687519880011628,20,58
BV08TR_0205,39,0.865422677274098,19,58
BV08TR_0205,40,0.8621304360985025,18,58
BV08TR_0205,41,0.8586212790484316,17,58
BV08TR_0205,42,0.855226250729134,16,58
BV08TR_0205,43,0.851830307401431,15,58
BV08TR_0205,44,0.8485153907417713,14,58
BV08TR_0205,45,0.8450252603255886,13,58
BV08TR_0205,46,0.8414862691430522,12,58
BV08TR_0205,47,0.8380834690910983,11,58
BV08TR_0205,48,0.8345862149667556,10,58
BV08TR_0205,49,0.8312786442487035,9,58
BV08TR_0205,50,0.827810267697831,8,58
BV08TR_0205,51,0.8244633399420705,7,58
BV08TR_0205,52,0.8209578863156546,6,58
BV08TR_0205,53,0.8173701500358803,5,58
BV08TR_0205,54,0.8139222254116198,4,58
BV08TR_0205,55,0.8103829148139071,3,58
BV08TR_0205,56,0.8067892388812674,2,58
BV08TR_0205,57,0.8031794394956495,1,58
BV08TR_0205,58,0.7995780688901971,0,58
BV08TR_0206,0,1.0426088234510538,71,71
BV08TR_0206,1,1.0394686435247453,70,71
BV08TR_0206,2,1.0362319176972634,69,71
BV08TR_0206,3,1.0330672345008827,68,71
BV08TR_0206,4,1.029886293344449,67,71
BV08TR_0206,5,1.026731588662944,66,71
BV08TR_0206,6,1.0236241978144394,65,71
BV08TR_0206,7,1.0203436739107439,64,71
BV08TR_0206,8,1.0169205850525052,63,71
BV08TR_0206,9,1.0137362423078367,62,71
BV08TR_0206,10,1.0103803226661785,61,71
BV08TR_0206,11,1.0071941270567162,60,71
BV08TR_0206,12,1.003692307395736,59,71
BV08TR_0206,13,1.0005125248879,58,71
BV08TR_0206,14,0.9973106633337152,57,71
BV08TR_0206,15,0.9939308055196052,56,71
BV08TR_0206,16,0.990720727762049,55,71
BV08TR_0206,17,0.987487807064705,54,71
BV08TR_0206,18,0.9841896349287994,53,71
BV08TR_0206,19,0.9809249345774462,52,71
BV08TR_0206,20,0.9776075926403252,51,71
BV08TR_0206,21,0.9743875930255788,50,71
BV08TR_0206,22,0.9709990569259672,49,71
BV08TR_0206,23,0.967554049312298,48,71
BV08TR_0206,24,0.9642048718424082,47,71
BV08TR_0206,25,0.960778646634691,46,71
BV08TR_0206,26,0.9573633954358165,45,71
BV08TR_0206,27,0.9541251104874338,44,71
BV08TR_0206,28,0.950690058852514,43,71
BV08TR_0206,29,0.9472574686318235,42,71
BV08TR_0206,30,0.9439944051361946,41,71
BV08TR_0206,31,0.9405933517550412,40,71
BV08TR_0206,32,0.9373783908945666,39,71
BV08TR_0206,33,0.9341623922416984,38,71
BV08TR_0206,34,0.9308354433287152,37,71
BV08TR_0206,35,0.9276687771605504,36,71
BV08TR_0206,36,0.9244546254728379,35,71
BV08TR_0206,37,0.9210974805270206,34,71
BV08TR_0206,38,0.917699954035602,33,71
BV08TR_0206,39,0.9142304969710028,32,71
BV08TR_0206,40,0.9109734884197838,31,71
BV08TR_0206,41,0.9077699885821132,30,71
BV08TR_0206,42,0.904513765650121,29,71
BV08TR_0206,43,0.9012291491444946,28,71
BV08TR_0206,44,0.8979373884654328,27,71
BV08TR_0206,45,0.8946066057445444,26,71
BV08TR_0206,46,0.8914707307750082,25,71
BV08TR_0206,47,0.8882971898510618,24,71
BV08TR_0206,48,0.884920110203202,23,71
BV08TR_0206,49,0.8816139565376401,22,71
BV08TR_0206,50,0.878357346238177,21,71
BV08TR_0206,51,0.8750392133364536,20,71
BV08TR_0206,52,0.87129515210332,19,71
BV08TR_0206,53,0.8674810503282148,18,71
BV08TR_0206,54,0.8637348529778394,17,71
BV08TR_0206,55,0.8600328742212475,16,71
BV08TR_0206,56,0.8559123362472004,15,71
BV08TR_0206,57,0.8521105906485686,14,71
BV08TR_0206,58,0.84815602446791,13,71
BV08TR_0206,59,0.844272999907574,12,71
BV08TR_0206,60,0.8402483684666787,11,71
BV08TR_0206,61,0.8363836523794568,10,71
BV08TR_0206,62,0.832731014233861,9,71
BV08TR_0206,63,0.8288176261049406,8,71
BV08TR_0206,64,0.8249282812652062,7,71
BV08TR_0206,65,0.8209685431613452,6,71
BV08TR_0206,66,0.8171013326041616,5,71
BV08TR_0206,67,0.8133778744994994,4,71
BV08TR_0206,68,0.8095933218019439,3,71
BV08TR_0206,69,0.8057919456897372,2,71
BV08TR_0206,70,0.8018974725809419,1,71
BV08TR_0206,71,0.7980660868260444,0,71
BV08TR_0207,0,0.951654749249341,49,49
BV08TR_0207,1,0.9484744439062358,48,49
BV08TR_0207,2,0.9453971824820386,47,49
BV08TR_0207,3,0.942269888414292,46,49
BV08TR_0207,4,0.9390318610419012,45,49
BV08TR_0207,5,0.9357650970214548,44,49
BV08TR_0207,6,0.932607405422618,43,49
BV08TR_0207,7,0.9293377045122815,42,49
BV08TR_0207,8,0.9261347673810784,41,49
BV08TR_0207,9,0.9228856398035112,40,49
BV08TR_0207,10,0.919648037132726,39,49
BV08TR_0207,11,0.9163646329636002,38,49
BV08TR_0207,12,0.9130877934074615,37,49
BV08TR_0207,13,0.909874783928643,36,49
BV08TR_0207,14,0.9066312486675352,35,49
BV08TR_0207,15,0.903252694833519,34,49
BV08TR_0207,16,0.900048018985692,33,49
BV08TR_0207,17,0.8968475562527148,32,49
BV08TR_0207,18,0.8936475954672158,31,49
BV08TR_0207,19,0.8903731877295844,30,49
BV08TR_0207,20,0.887195435312666,29,49
BV08TR_0207,21,0.8841746788425743,28,49
BV08TR_0207,22,0.8811207664382807,27,49
BV08TR_0207,23,0.8778942114183108,26,49
BV08TR_0207,24,0.8750120412220591,25,49
BV08TR_0207,25,0.8717803522243288,24,49
BV08TR_0207,26,0.8686074163022215,23,49
BV08TR_0207,27,0.865548669627656,22,49
BV08TR_0207,28,0.8625029255648342,21,49
BV08TR_0207,29,0.8594774894681664,20,49
BV08TR_0207,30,0.8563919939529061,19,49
BV08TR_0207,31,0.8532663580815083,18,49
BV08TR_0207,32,0.8501270499565132,17,49
BV08TR_0207,33,0.8470818235488254,16,49
BV08TR_0207,34,0.8441254826768115,15,49
BV08TR_0207,35,0.84112516450019,14,49
BV08TR_0207,36,0.8378836100916609,13,49
BV08TR_0207,37,0.8347322122812872,12,49
BV08TR_0207,38,0.8316086806189167,11,49
BV08TR_0207,39,0.8284561362422719,10,49
BV08TR_0207,40,0.8254110644357116,9,49
BV08TR_0207,41,0.8224247381274845,8,49
BV08TR_0207,42,0.8193828534982105,7,49
BV08TR_0207,43,0.816251790425924,6,49
BV08TR_0207,44,0.8130504609115835,5,49
BV08TR_0207,45,0.8099418713729022,4,49
BV08TR_0207,46,0.8070173843023494,3,49
BV08TR_0207,47,0.8039287757937439,2,49
BV08TR_0207,48,0.8008212671036125,1,49
BV08TR_0207,49,0.797737503692535,0,49
BV08TR_0208,0,1.0409650790580371,102,102
BV08TR_0208,1,1.0387694155707325,101,102
BV08TR_0208,2,1.0364949776777739,100,102
BV08TR_0208,3,1.0342579549824322,99,102
BV08TR_0208,4,1.0319372112802656,98,102
BV08TR_0208,5,1.0297271360773474,97,102
BV08TR_0208,6,1.0275644416547285,96,102
BV08TR_0208,7,1.0253916866243504,95,102
BV08TR_0208,8,1.0230907452645348,94,102
BV08TR_0208,9,1.0209053440190685,93,102
BV08TR_0208,10,1.018579117590778,92,102
BV08TR_0208,11,1.0163570513113414,91,102
BV08TR_0208,12,1.014224830127748,90,102
BV08TR_0208,13,1.0120308954436903,89,102
BV08TR_0208,14,1.0097721046347419,88,102
BV08TR_0208,15,1.0075765582095515,87,102
BV08TR_0208,16,1.0053887764745755,86,102
BV08TR_0208,17,1.0030337785643169,85,102
BV08TR_0208,18,1.0007805405116983,84,102
BV08TR_0208,19,0.9986020015268549,83,102
BV08TR_0208,20,0.9964092775984136,82,102
BV08TR_0208,21,0.9942020139770804,81,102
BV08TR_0208,22,0.9919643670733042,80,102
BV08TR_0208,23,0.989624802967496,79,102
BV08TR_0208,24,0.9874784168352564,78,102
BV08TR_0208,25,0.9853031733098008,77,102
BV08TR_0208,26,0.9830197943910598,76,102
BV08TR_0208,27,0.9807931865058815,75,102
BV08TR_0208,28,0.9785480975254502,74,102
BV08TR_0208,29,0.9763323640486228,73,102
BV08TR_0208,30,0.974111028570949,72,102
BV08TR_0208,31,0.9719973262098855,71,102
BV08TR_0208,32,0.9698907468589848,70,102
BV08TR_0208,33,0.9677447253223325,69,102
BV08TR_0208,34,0.9655396418481166,68,102
BV08TR_0208,35,0.9632663772687446,67,102
BV08TR_0208,36,0.9611603132582665,66,102
BV08TR_0208,37,0.958951155015832,65,102
BV08TR_0208,38,0.95685948376054,64,102
BV08TR_0208,39,0.9546684456607434,63,102
BV08TR_0208,40,0.9525134343943392,62,102
BV08TR_0208,41,0.9503394067841267,61,102
BV08TR_0208,42,0.9482024243502551,60,102
BV08TR_0208,43,0.945989302607468,59,102
BV08TR_0208,44,0.9438525156802088,58,102
BV08TR_0208,45,0.9416322595070044,57,102
BV08TR_0208,46,0.9394379323009104,56,102
BV08TR_0208,47,0.9373091092097545,55,102
BV08TR_0208,48,0.935020276647058,54,102
BV08TR_0208,49,0.9329050976528336,53,102
BV08TR_0208,50,0.9307576987727818,52,102
BV08TR_0208,51,0.9286480923343364,51,102
BV08TR_0208,52,0.9264539612779945,50,102
BV08TR_0208,53,0.924346190018541,49,102
BV08TR_0208,54,0.9221501396752508,48,102
BV08TR_0208,55,0.9199851140174352,47,102
BV08TR_0208,56,0.917830925103493,46,102
BV08TR_0208,57,0.9155965229501304,45,102
BV08TR_0208,58,0.913366081240135,44,102
BV08TR_0208,59,0.9111903595609862,43,102
BV08TR_0208,60,0.9090431314484784,42,102
BV08TR_0208,61,0.9068457772926448,41,102
BV08TR_0208,62,0.9045841392865892,40,102
BV08TR_0208,63,0.902443200477438,39,102
BV08TR_0208,64,0.9002203700052809,38,102
BV08TR_0208,65,0.898016494485277,37,102
BV08TR_0208,66,0.8957451839547212,36,102
BV08TR_0208,67,0.8935319082847158,35,102
BV08TR_0208,68,0.8911409544801436,34,102
BV08TR_0208,69,0.8888785011495722,33,102
BV08TR_0208,70,0.8866546582751614,32,102
BV08TR_0208,71,0.8844296328761656,31,102
BV08TR_0208,72,0.8821524643248863,30,102
BV08TR_0208,73,0.8798185869385347,29,102
BV08TR_0208,74,0.8768517781241288,28,102
BV08TR_0208,75,0.8740015181722297,27,102
BV08TR_0208,76,0.8709725977742675,26,102
BV08TR_0208,77,0.868015922739175,25,102
BV08TR_0208,78,0.865069965621124,24,102
BV08TR_0208,79,0.862246494500035,23,102
BV08TR_0208,80,0.8593787866305957,22,102
BV08TR_0208,81,0.8566323336251269,21,102
BV08TR_0208,82,0.8538257701013221,20,102
BV08TR_0208,83,0.8509263567702646,19,102
BV08TR_0208,84,0.8481306388122765,18,102
BV08TR_0208,85,0.8452358429271015,17,102
BV08TR_0208,86,0.8423751527480522,16,102
BV08TR_0208,87,0.8394433486418074,15,102
BV08TR_0208,88,0.8367421800794768,14,102
BV08TR_0208,89,0.8339690260376124,13,102
BV08TR_0208,90,0.8311097983686332,12,102
BV08TR_0208,91,0.8282675635732204,11,102
BV08TR_0208,92,0.82549349563489,10,102
BV08TR_0208,93,0.8225783039901174,9,102
BV08TR_0208,94,0.8196885947700857,8,102
BV08TR_0208,95,0.8169925142288561,7,102
BV08TR_0208,96,0.814226170915808,6,102
BV08TR_0208,97,0.8115146458205326,5,102
BV08TR_0208,98,0.808757996782289,4,102
BV08TR_0208,99,0.8059962136553352,3,102
BV08TR_0208,100,0.8032903655816744,2,102
BV08TR_0208,101,0.800481583098068,1,102
BV08TR_0208,102,0.7976120277437608,0,102
BV08TR_0209,0,0.9745971965609458,54,54
BV08TR_0209,1,0.9716378427934959,53,54
BV08TR_0209,2,0.96870968713826,52,54
BV08TR_0209,3,0.965848307729665,51,54
BV08TR_0209,4,0.9628913798530025,50,54
BV08TR_0209,5,0.9599415954869588,49,54
BV08TR_0209,6,0.9570646410731355,48,54
BV08TR_0209,7,0.9541794101601252,47,54
BV08TR_0209,8,0.951297462191264,46,54
BV08TR_0209,9,0.948427511733457,45,54
BV08TR_0209,10,0.9454996295674045,44,54
BV08TR_0209,11,0.9425307505918398,43,54
BV08TR_0209,12,0.9396611856315128,42,54
BV08TR_0209,13,0.93682529688272,41,54
BV08TR_0209,14,0.9339622876511084,40,54
BV08TR_0209,15,0.9311373302432655,39,54
BV08TR_0209,16,0.928220671789421,38,54
BV08TR_0209,17,0.9252466441084225,37,54
BV08TR_0209,18,0.9223329362064904,36,54
BV08TR_0209,19,0.9194160516129204,35,54
BV08TR_0209,20,0.9165134751306936,34,54
BV08TR_0209,21,0.9135814838826316,33,54
BV08TR_0209,22,0.9105728487767965,32,54
BV08TR_0209,23,0.9076207437146968,31,54
BV08TR_0209,24,0.90477193473753,30,54
BV08TR_0209,25,0.9017953730717512,29,54
BV08TR_0209,26,0.8988439964133108,28,54
BV08TR_0209,27,0.895956826676993,27,54
BV08TR_0209,28,0.8928590589457978,26,54
BV08TR_0209,29,0.8898066019112182,25,54
BV08TR_0209,30,0.8868138966407819,24,54
BV08TR_0209,31,0.8837809000780974,23,54
BV08TR_0209,32,0.8806342447092678,22,54
BV08TR_0209,33,0.8775548716263355,21,54
BV08TR_0209,34,0.8744823106718961,20,54
BV08TR_0209,35,0.8714765774810288,19,54
BV08TR_0209,36,0.868294835862029,18,54
BV08TR_0209,37,0.8652600917496581,17,54
BV08TR_0209,38,0.8622347317494842,16,54
BV08TR_0209,39,0.8591697390029438,15,54
BV08TR_0209,40,0.8561864564028405,14,54
BV08TR_0209,41,0.8531022343156617,13,54
BV08TR_0209,42,0.8500675174336338,12,54
BV08TR_0209,43,0.8469518929884982,11,54
BV08TR_0209,44,0.8439513156977684,10,54
BV08TR_0209,45,0.8407385788677865,9,54
BV08TR_0209,46,0.8361643859529927,8,54
BV08TR_0209,47,0.8315699898364312,7,54
BV08TR_0209,48,0.827033423933833,6,54
BV08TR_0209,49,0.822289745920272,5,54
BV08TR_0209,50,0.8176539427684866,4,54
BV08TR_0209,51,0.8131026116745405,3,54
BV08TR_0209,52,0.8084327691850202,2,54
BV08TR_0209,53,0.8034819844733194,1,54
BV08TR_0209,54,0.7985828967253819,0,54
BV08TR_0210,0,1.0197403950911106,64,64
BV08TR_0210,1,1.0161215185507666,63,64
BV08TR_0210,2,1.0127860070157864,62,64
BV08TR_0210,3,1.009523561815252,61,64
BV08TR_0210,4,1.0060521151406916,60,64
BV08TR_0210,5,1.0026228116019464,59,64
BV08TR_0210,6,0.9991475390096225,58,64
BV08TR_0210,7,0.9958249099269788,57,64
BV08TR_0210,8,0.9923641434361378,56,64
BV08TR_0210,9,0.9891106335943525,55,64
BV08TR_0210,10,0.9857284891128884,54,64
BV08TR_0210,11,0.9822907951125674,53,64
BV08TR_0210,12,0.978940629948494,52,64
BV08TR_0210,13,0.9754176866807271,51,64
BV08TR_0210,14,0.9719424171509634,50,64
BV08TR_0210,15,0.968620397399284,49,64
BV08TR_0210,16,0.9652443449198704,48,64
BV08TR_0210,17,0.961876718512152,47,64
BV08TR_0210,18,0.9585067685986172,46,64
BV08TR_0210,19,0.9551200303677138,45,64
BV08TR_0210,20,0.951662614293338,44,64
BV08TR_0210,21,0.9482250686781732,43,64
BV08TR_0210,22,0.9448022319473938,42,64
BV08TR_0210,23,0.9413576640569244,41,64
BV08TR_0210,24,0.9380072029009768,40,64
BV08TR_0210,25,0.9347567762443232,39,64
BV08TR_0210,26,0.9315163114616531,38,64
BV08TR_0210,27,0.9280768579312674,37,64
BV08TR_0210,28,0.9247833789247134,36,64
BV08TR_0210,29,0.92132688135733,35,64
BV08TR_0210,30,0.9178890957160422,34,64
BV08TR_0210,31,0.9143774212351494,33,64
BV08TR_0210,32,0.9109110899436145,32,64
BV08TR_0210,33,0.9074824281268532,31,64
BV08TR_0210,34,0.903903047034144,30,64
BV08TR_0210,35,0.9006405470990319,29,64
BV08TR_0210,36,0.8970215300498742,28,64
BV08TR_0210,37,0.8935734302595494,27,64
BV08TR_0210,38,0.8900900482165885,26,64
BV08TR_0210,39,0.8865739434314722,25,64
BV08TR_0210,40,0.883036389050984,24,64
BV08TR_0210,41,0.8796180220304286,23,64
BV08TR_0210,42,0.876023204467239,22,64
BV08TR_0210,43,0.8725534762066894,21,64
BV08TR_0210,44,0.8690195030885811,20,64
BV08TR_0210,45,0.865468219297119,19,64
BV08TR_0210,46,0.8618635873094622,18,64
BV08TR_0210,47,0.8582864691440734,17,64
BV08TR_0210,48,0.8547563096681571,16,64
BV08TR_0210,49,0.8512836987130386,15,64
BV08TR_0210,50,0.8476876773816672,14,64
BV08TR_0210,51,0.8443616898763942,13,64
BV08TR_0210,52,0.8407091948781208,12,64
BV08TR_0210,53,0.8373128016323256,11,64
BV08TR_0210,54,0.8338240643727775,10,64
BV08TR_0210,55,0.8304980172748977,9,64
BV08TR_0210,56,0.8269833184985391,8,64
BV08TR_0210,57,0.8235451000222944,7,64
BV08TR_0210,58,0.8199878420981864,6,64
BV08TR_0210,59,0.8164524200681401,5,64
BV08TR_0210,60,0.8130007269216566,4,64
BV08TR_0210,61,0.8097158844776837,3,64
BV08TR_0210,62,0.8062647984777908,2,64
BV08TR_0210,63,0.8027571276829355,1,64
BV08TR_0210,64,0.799164262890367,0,64
BV08TR_0211,0,0.9789239134884508,62,62
BV08TR_0211,1,0.9759625557150584,61,62
BV08TR_0211,2,0.9731293858938012,60,62
BV08TR_0211,3,0.970208241068406,59,62
BV08TR_0211,4,0.9673842183495924,58,62
BV08TR_0211,5,0.9645098207746886,57,62
BV08TR_0211,6,0.961562402291725,56,62
BV08TR_0211,7,0.9587534893451722,55,62
BV08TR_0211,8,0.955865362487966,54,62
BV08TR_0211,9,0.953107758148894,53,62
BV08TR_0211,10,0.9501969383702552,52,62
BV08TR_0211,11,0.9473015611496874,51,62
BV08TR_0211,12,0.9445394924132212,50,62
BV08TR_0211,13,0.941596332577914,49,62
BV08TR_0211,14,0.9387604574855593,48,62
BV08TR_0211,15,0.9359837452187325,47,62
BV08TR_0211,16,0.9331602404421294,46,62
BV08TR_0211,17,0.93020925797179,45,62
BV08TR_0211,18,0.92737143316963,44,62
BV08TR_0211,19,0.924558812295584,43,62
BV08TR_0211,20,0.921499524559892,42,62
BV08TR_0211,21,0.9187124709998779,41,62
BV08TR_0211,22,0.9159622714289029,40,62
BV08TR_0211,23,0.9132084156417484,39,62
BV08TR_0211,24,0.9104943953211118,38,62
BV08TR_0211,25,0.9075914706018692,37,62
BV08TR_0211,26,0.9047520760288734,36,62
BV08TR_0211,27,0.90206583583307,35,62
BV08TR_0211,28,0.8994222480617837,34,62
BV08TR_0211,29,0.8966767186758124,33,62
BV08TR_0211,30,0.8939061207412652,32,62
BV08TR_0211,31,0.8911278656374468,31,62
BV08TR_0211,32,0.8883517421109489,30,62
BV08TR_0211,33,0.8855715399027244,29,62
BV08TR_0211,34,0.8828253794674966,28,62
BV08TR_0211,35,0.8800221313942824,27,62
BV08TR_0211,36,0.8772070435884955,26,62
BV08TR_0211,37,0.8745363676965496,25,62
BV08TR_0211,38,0.871787867228988,24,62
BV08TR_0211,39,0.8690642547323407,23,62
BV08TR_0211,40,0.8663486299297019,22,62
BV08TR_0211,41,0.8636473696770036,21,62
BV08TR_0211,42,0.8608696385799443,20,62
BV08TR_0211,43,0.858152632407725,19,62
BV08TR_0211,44,0.8550261700369954,18,62
BV08TR_0211,45,0.8518150667852108,17,62
BV08TR_0211,46,0.8487791296815845,16,62
BV08TR_0211,47,0.845607889766247,15,62
BV08TR_0211,48,0.8425370857831466,14,62
BV08TR_0211,49,0.8394078126898727,13,62
BV08TR_0211,50,0.836350401484604,12,62
BV08TR_0211,51,0.833152415409379,11,62
BV08TR_0211,52,0.829950858757086,10,62
BV08TR_0211,53,0.8266678179040857,9,62
BV08TR_0211,54,0.8233172157141448,8,62
BV08TR_0211,55,0.8201363221606458,7,62
BV08TR_0211,56,0.816915398095047,6,62
BV08TR_0211,57,0.8136934509456516,5,62
BV08TR_0211,58,0.8105501408064476,4,62
BV08TR_0211,59,0.8073569139258936,3,62
BV08TR_0211,60,0.8041652711810168,2,62
BV08TR_0211,61,0.8008959282388614,1,62
BV08TR_0211,62,0.7976546962865867,0,62
BV08TR_0212,0,0.982095461913256,76,76
BV08TR_0212,1,0.9797520912815458,75,76
BV08TR_0212,2,0.977405925391752,74,76
BV08TR_0212,3,0.9751181736043475,73,76
BV08TR_0212,4,0.9727961399089412,72,76
BV08TR_0212,5,0.9704333927734512,71,76
BV08TR_0212,6,0.9681149205920174,70,76
BV08TR_0212,7,0.9657941737482344,69,76
BV08TR_0212,8,0.9633227812979346,68,76
BV08TR_0212,9,0.960938435195906,67,76
BV08TR_0212,10,0.9586212709252352,66,76
BV08TR_0212,11,0.9563305007315754,65,76
BV08TR_0212,12,0.9539565014754915,64,76
BV08TR_0212,13,0.9515190177580448,63,76
BV08TR_0212,14,0.949258415133046,62,76
BV08TR_0212,15,0.9468328735634504,61,76
BV08TR_0212,16,0.9445870786983692,60,76
BV08TR_0212,17,0.9421574166439962,59,76
BV08TR_0212,18,0.9397962300631314,58,76
BV08TR_0212,19,0.9374249225336724,57,76
BV08TR_0212,20,0.9350992943686774,56,76
BV08TR_0212,21,0.9327082179858482,55,76
BV08TR_0212,22,0.9302916532734404,54,76
BV08TR_0212,23,0.928001918457503,53,76
BV08TR_0212,24,0.9255803140046864,52,76
BV08TR_0212,25,0.9231200266116698,51,76
BV08TR_0212,26,0.9206273553748,50,76
BV08TR_0212,27,0.9181900975047456,49,76
BV08TR_0212,28,0.9157015470013184,48,76
BV08TR_0212,29,0.913266822252564,47,76
BV08TR_0212,30,0.9107633044303072,46,76
BV08TR_0212,31,0.9084032928275824,45,76
BV08TR_0212,32,0.9059523862969961,44,76
BV08TR_0212,33,0.903364123156833,43,76
BV08TR_0212,34,0.900859512608564,42,76
BV08TR_0212,35,0.8983615990748848,41,76
BV08TR_0212,36,0.8959486411312285,40,76
BV08TR_0212,37,0.8935364825369206,39,76
BV08TR_0212,38,0.891070452865219,38,76
BV08TR_0212,39,0.8885842180888318,37,76
BV08TR_0212,40,0.8862673683961554,36,76
BV08TR_0212,41,0.8838265787662276,35,76
BV08TR_0212,42,0.8813709363965478,34,76
BV08TR_0212,43,0.8788348994714037,33,76
BV08TR_0212,44,0.876334639241881,32,76
BV08TR_0212,45,0.8738669362248735,31,76
BV08TR_0212,46,0.8713794411027525,30,76
BV08TR_0212,47,0.8689154841892925,29,76
BV08TR_0212,48,0.8664419121170528,28,76
BV08TR_0212,49,0.8640485591855448,27,76
BV08TR_0212,50,0.861519687908728,26,76
BV08TR_0212,51,0.8590590110743953,25,76
BV08TR_0212,52,0.8566787802569913,24,76
BV08TR_0212,53,0.8541457957593738,23,76
BV08TR_0212,54,0.8517536377722267,22,76
BV08TR_0212,55,0.8493476717139415,21,76
BV08TR_0212,56,0.8469113854732986,20,76
BV08TR_0212,57,0.8444367772492744,19,76
BV08TR_0212,58,0.8419491693503142,18,76
BV08TR_0212,59,0.8396161916439518,17,76
BV08TR_0212,60,0.8372266452028011,16,76
BV08TR_0212,61,0.8347956064647607,15,76
BV08TR_0212,62,0.8323728780622741,14,76
BV08TR_0212,63,0.8299851469289463,13,76
BV08TR_0212,64,0.8275923248037549,12,76
BV08TR_0212,65,0.8251743145986749,11,76
BV08TR_0212,66,0.8226910021582837,10,76
BV08TR_0212,67,0.8203008546711335,9,76
BV08TR_0212,68,0.817907637056953,8,76
BV08TR_0212,69,0.8155213780266282,7,76
BV08TR_0212,70,0.8131973237931177,6,76
BV08TR_0212,71,0.8108641198638207,5,76
BV08TR_0212,72,0.8084814668109535,4,76
BV08TR_0212,73,0.8061106429519498,3,76
BV08TR_0212,74,0.803811203253043,2,76
BV08TR_0212,75,0.8014249714926749,1,76
BV08TR_0212,76,0.7991611933744615,0,76
BV08TR_0213,0,0.96468801471127,44,44
BV08TR_0213,1,0.9613738606023066,43,44
BV08TR_0213,2,0.958015881600484,42,44
BV08TR_0213,3,0.9549154795074468,41,44
BV08TR_0213,4,0.9516517308815036,40,44
BV08TR_0213,5,0.9483356849988875,39,44
BV08TR_0213,6,0.9451263132988272,38,44
BV08TR_0213,7,0.9417997225783732,37,44
BV08TR_0213,8,0.9384819434360174,36,44
BV08TR_0213,9,0.9352550117067584,35,44
BV08TR_0213,10,0.9319449831620558,34,44
BV08TR_0213,11,0.9287402291504,33,44
BV08TR_0213,12,0.925387932517884,32,44
BV08TR_0213,13,0.9219844568608884,31,44
BV08TR_0213,14,0.9186903684605982,30,44
BV08TR_0213,15,0.9152714409190272,29,44
BV08TR_0213,16,0.9118265539001708,28,44
BV08TR_0213,17,0.9085646408231328,27,44
BV08TR_0213,18,0.9053081516360258,26,44
BV08TR_0213,19,0.9020561582322164,25,44
BV08TR_0213,20,0.8988424160924485,24,44
BV08TR_0213,21,0.895604028735369,23,44
BV08TR_0213,22,0.8921482781560701,22,44
BV08TR_0213,23,0.8887715037916478,21,44
BV08TR_0213,24,0.8852642102547745,20,44
BV08TR_0213,25,0.881983647572737,19,44
BV08TR_0213,26,0.8785733785900228,18,44
BV08TR_0213,27,0.8752618890541832,17,44
BV08TR_0213,28,0.8718566807786062,16,44
BV08TR_0213,29,0.8685706451361452,15,44
BV08TR_0213,30,0.8653188597573807,14,44
BV08TR_0213,31,0.8619144265090976,13,44
BV08TR_0213,32,0.858426036798338,12,44
BV08TR_0213,33,0.8550691965079479,11,44
BV08TR_0213,34,0.8498331906002154,10,44
BV08TR_0213,35,0.8445217443126464,9,44
BV08TR_0213,36,0.8391154172951946,8,44
BV08TR_0213,37,0.833919423186771,7,44
BV08TR_0213,38,0.8288164596262418,6,44
BV08TR_0213,39,0.8236472837394974,5,44
BV08TR_0213,40,0.8184552626172772,4,44
BV08TR_0213,41,0.8135108954769324,3,44
BV08TR_0213,42,0.8081599559682747,2,44
BV08TR_0213,43,0.802884194733078,1,44
BV08TR_0213,44,0.7975992005295975,0,44
BV08TR_0214,0,1.04529419384526,69,69
BV08TR_0214,1,1.0420929660438831,68,69
BV08TR_0214,2,1.038897620589898,67,69
BV08TR_0214,3,1.0357859771559639,66,69
BV08TR_0214,4,1.0325994025956176,65,69
BV08TR_0214,5,1.029401266523108,64,69
BV08TR_0214,6,1.0260759856304955,63,69
BV08TR_0214,7,1.0228550786270183,62,69
BV08TR_0214,8,1.0197991644836149,61,69
BV08TR_0214,9,1.0166290166374095,60,69
BV08TR_0214,10,1.013440279360574,59,69
BV08TR_0214,11,1.0102849908411,58,69
BV08TR_0214,12,1.007087273993856,57,69
BV08TR_0214,13,1.0038229525020672,56,69
BV08TR_0214,14,1.0007572091748609,55,69
BV08TR_0214,15,0.997597645124646,54,69
BV08TR_0214,16,0.9943844076857637,53,69
BV08TR_0214,17,0.991122552248537,52,69
BV08TR_0214,18,0.9879232305344267,51,69
BV08TR_0214,19,0.984720260824033,50,69
BV08TR_0214,20,0.9814952761962225,49,69
BV08TR_0214,21,0.9782573778044096,48,69
BV08TR_0214,22,0.975033413261792,47,69
BV08TR_0214,23,0.971881830900786,46,69
BV08TR_0214,24,0.9686398026278644,45,69
BV08TR_0214,25,0.9653199959768672,44,69
BV08TR_0214,26,0.96218008624333,43,69
BV08TR_0214,27,0.9588822792551785,42,69
BV08TR_0214,28,0.9557914402131794,41,69
BV08TR_0214,29,0.9525236304567155,40,69
BV08TR_0214,30,0.9491837857702852,39,69
BV08TR_0214,31,0.945810466744097,38,69
BV08TR_0214,32,0.9424419187603945,37,69
BV08TR_0214,33,0.9392642963820328,36,69
BV08TR_0214,34,0.9359362744603528,35,69
BV08TR_0214,35,0.9326859041706584,34,69
BV08TR_0214,36,0.9294548850776504,33,69
BV08TR_0214,37,0.9261416296931628,32,69
BV08TR_0214,38,0.922764620463848,31,69
BV08TR_0214,39,0.9195169809931624,30,69
BV08TR_0214,40,0.9160780030563886,29,69
BV08TR_0214,41,0.912636770531234,28,69
BV08TR_0214,42,0.9093235399168046,27,69
BV08TR_0214,43,0.906016250249467,26,69
BV08TR_0214,44,0.9028177140877278,25,69
BV08TR_0214,45,0.8994240996873566,24,69
BV08TR_0214,46,0.896094238506593,23,69
BV08TR_0214,47,0.892690421780222,22,69
BV08TR_0214,48,0.8894167573079153,21,69
BV08TR_0214,49,0.886203796135908,20,69
BV08TR_0214,50,0.8828726547167844,19,69
BV08TR_0214,51,0.8796342865614633,18,69
BV08TR_0214,52,0.8763757114518564,17,69
BV08TR_0214,53,0.8729191518703493,16,69
BV08TR_0214,54,0.8695758926799825,15,69
BV08TR_0214,55,0.8662435299316308,14,69
BV08TR_0214,56,0.8615192890166016,13,69
BV08TR_0214,57,0.8564849099493287,12,69
BV08TR_0214,58,0.8516152459922816,11,69
BV08TR_0214,59,0.84673438776392,10,69
BV08TR_0214,60,0.8416601089419758,9,69
BV08TR_0214,61,0.8367151713111284,8,69
BV08TR_0214,62,0.8317449627907868,7,69
BV08TR_0214,63,0.8266830855836932,6,69
BV08TR_0214,64,0.8217897587675147,5,69
BV08TR_0214,65,0.8172503997810736,4,69
BV08TR_0214,66,0.8125143482533596,3,69
BV08TR_0214,67,0.8077436349740817,2,69
BV08TR_0214,68,0.8030340078531931,1,69
BV08TR_0214,69,0.7982127425001716,0,69
BV08TR_0215,0,0.997022871887164,86,86
BV08TR_0215,1,0.9947139372554605,85,86
BV08TR_0215,2,0.9924687685000604,84,86
BV08TR_0215,3,0.9902944149918782,83,86
BV08TR_0215,4,0.9880047221372292,82,86
BV08TR_0215,5,0.9858152931404224,81,86
BV08TR_0215,6,0.9835407425917542,80,86
BV08TR_0215,7,0.9813439486411015,79,86
BV08TR_0215,8,0.9790676539132044,78,86
BV08TR_0215,9,0.9768511181573512,77,86
BV08TR_0215,10,0.9745714012869545,76,86
BV08TR_0215,11,0.9722606343871988,75,86
BV08TR_0215,12,0.9699417492264526,74,86
BV08TR_0215,13,0.967551207464208,73,86
BV08TR_0215,14,0.9651682702557725,72,86
BV08TR_0215,15,0.962894408227634,71,86
BV08TR_0215,16,0.9605546739738888,70,86
BV08TR_0215,17,0.9582258770955192,69,86
BV08TR_0215,18,0.95599617147632,68,86
BV08TR_0215,19,0.9537000934222868,67,86
BV08TR_0215,20,0.9513388505641605,66,86
BV08TR_0215,21,0.948983563293329,65,86
BV08TR_0215,22,0.946659385167906,64,86
BV08TR_0215,23,0.9442871051914044,63,86
BV08TR_0215,24,0.9419219683384524,62,86
BV08TR_0215,25,0.9395316356990518,61,86
BV08TR_0215,26,0.9371719596854812,60,86
BV08TR_0215,27,0.9348268904762348,59,86
BV08TR_0215,28,0.9325468262202824,58,86
BV08TR_0215,29,0.930159594424882,57,86
BV08TR_0215,30,0.9277923889633286,56,86
BV08TR_0215,31,0.9254035273213135,55,86
BV08TR_0215,32,0.923050121000038,54,86
BV08TR_0215,33,0.9207680346185162,53,86
BV08TR_0215,34,0.9183966233432328,52,86
BV08TR_0215,35,0.916089590155726,51,86
BV08TR_0215,36,0.9137124104294067,50,86
BV08TR_0215,37,0.91147775225329,49,86
BV08TR_0215,38,0.90913652113995,48,86
BV08TR_0215,39,0.9066841025572425,47,86
BV08TR_0215,40,0.9043074477433244,46,86
BV08TR_0215,41,0.9020065239520348,45,86
BV08TR_0215,42,0.8997277069613904,44,86
BV08TR_0215,43,0.8974656245876667,43,86
BV08TR_0215,44,0.8952158465585492,42,86
BV08TR_0215,45,0.8930194916829025,41,86
BV08TR_0215,46,0.8907258980647309,40,86
BV08TR_0215,47,0.8884164957204805,39,86
BV08TR_0215,48,0.8861093245168108,38,86
BV08TR_0215,49,0.8836896016812466,37,86
BV08TR_0215,50,0.8813572015626223,36,86
BV08TR_0215,51,0.879081277241674,35,86
BV08TR_0215,52,0.8767934842084326,34,86
BV08TR_0215,53,0.874365941230142,33,86
BV08TR_0215,54,0.8721106551106115,32,86
BV08TR_0215,55,0.8698433540454173,31,86
BV08TR_0215,56,0.8675260640135304,30,86
BV08TR_0215,57,0.8653099746160956,29,86
BV08TR_0215,58,0.8630807798415215,28,86
BV08TR_0215,59,0.8608038919341467,27,86
BV08TR_0215,60,0.8585467378541926,26,86
BV08TR_0215,61,0.8562075559849436,25,86
BV08TR_0215,62,0.8539767911052905,24,86
BV08TR_0215,63,0.8516463087296289,23,86
BV08TR_0215,64,0.8494347635449737,22,86
BV08TR_0215,65,0.8471466824656103,21,86
BV08TR_0215,66,0.8449216140285606,20,86
BV08TR_0215,67,0.842685528812939,19,86
BV08TR_0215,68,0.8404457277267252,18,86
BV08TR_0215,69,0.8382050328002498,17,86
BV08TR_0215,70,0.8358989392632986,16,86
BV08TR_0215,71,0.8336560147010086,15,86
BV08TR_0215,72,0.8313970548680958,14,86
BV08TR_0215,73,0.8290763578609728,13,86
BV08TR_0215,74,0.8267899653457399,12,86
BV08TR_0215,75,0.8245226471214075,11,86
BV08TR_0215,76,0.8222431134173624,10,86
BV08TR_0215,77,0.8198670853005738,9,86
BV08TR_0215,78,0.8176214784255232,8,86
BV08TR_0215,79,0.8154629340971385,7,86
BV08TR_0215,80,0.813263866679129,6,86
BV08TR_0215,81,0.8108902991006158,5,86
BV08TR_0215,82,0.8085567874507402,4,86
BV08TR_0215,83,0.806243367175689,3,86
BV08TR_0215,84,0.8039070454429154,2,86
BV08TR_0215,85,0.8015094599455744,1,86
BV08TR_0215,86,0.7991551638122258,0,86
BV08TR_0216,0,1.0134610037316543,73,73
BV08TR_0216,1,1.0104801546295392,72,73
BV08TR_0216,2,1.007523658236294,71,73
BV08TR_0216,3,1.0045704250276242,70,73
BV08TR_0216,4,1.001611342599913,69,73
BV08TR_0216,5,0.9985841478193814,68,73
BV08TR_0216,6,0.9957559565216278,67,73
BV08TR_0216,7,0.9927414143878152,66,73
BV08TR_0216,8,0.989738186054702,65,73
BV08TR_0216,9,0.9867516900492752,64,73
BV08TR_0216,10,0.9837608867993052,63,73
BV08TR_0216,11,0.9808352360901266,62,73
BV08TR_0216,12,0.9778138023926928,61,73
BV08TR_0216,13,0.974769567131264,60,73
BV08TR_0216,14,0.9718613917425644,59,73
BV08TR_0216,15,0.9688034911623552,58,73
BV08TR_0216,16,0.965704741893926,57,73
BV08TR_0216,17,0.9626594217052974,56,73
BV08TR_0216,18,0.959547473168463,55,73
BV08TR_0216,19,0.9566201699615584,54,73
BV08TR_0216,20,0.9536314307487161,53,73
BV08TR_0216,21,0.950595181043766,52,73
BV08TR_0216,22,0.9474056620560892,51,73
BV08TR_0216,23,0.9443609186275692,50,73
BV08TR_0216,24,0.9412571509153672,49,73
BV08TR_0216,25,0.9381051727752696,48,73
BV08TR_0216,26,0.9349566246648664,47,73
BV08TR_0216,27,0.9319753433388468,46,73
BV08TR_0216,28,0.9291104707284038,45,73
BV08TR_0216,29,0.9260742435204115,44,73
BV08TR_0216,30,0.9231280463323298,43,73
BV08TR_0216,31,0.920216710325028,42,73
BV08TR_0216,32,0.9171734860233485,41,73
BV08TR_0216,33,0.9140856144367936,40,73
BV08TR_0216,34,0.9111456093983146,39,73
BV08TR_0216,35,0.9081917940437505,38,73
BV08TR_0216,36,0.9052981785843246,37,73
BV08TR_0216,37,0.9024148390971336,36,73
BV08TR_0216,38,0.8995799118754414,35,73
BV08TR_0216,39,0.89662177454301,34,73
BV08TR_0216,40,0.893762802042474,33,73
BV08TR_0216,41,0.8907790039414824,32,73
BV08TR_0216,42,0.8878974431107113,31,73
BV08TR_0216,43,0.8848869723224967,30,73
BV08TR_0216,44,0.8819325180188611,29,73
BV08TR_0216,45,0.879039777361485,28,73
BV08TR_0216,46,0.8760321555344177,27,73
BV08TR_0216,47,0.8730251956076271,26,73
BV08TR_0216,48,0.87012337583249,25,73
BV08TR_0216,49,0.8673059622756881,24,73
BV08TR_0216,50,0.8642139877070556,23,73
BV08TR_0216,51,0.8613202627081354,22,73
BV08TR_0216,52,0.8583158340115201,21,73
BV08TR_0216,53,0.8555495568738946,20,73
BV08TR_0216,54,0.8525744802747361,19,73
BV08TR_0216,55,0.8498235541787993,18,73
BV08TR_0216,56,0.8469589009616108,17,73
BV08TR_0216,57,0.844059026272481,16,73
BV08TR_0216,58,0.8411043965746527,15,73
BV08TR_0216,59,0.8382754111866236,14,73
BV08TR_0216,60,0.8353540945692963,13,73
BV08TR_0216,61,0.8323432345721326,12,73
BV08TR_0216,62,0.8294592852357966,11,73
BV08TR_0216,63,0.8266602642176462,10,73
BV08TR_0216,64,0.8236650820572538,9,73
BV08TR_0216,65,0.8207733393061885,8,73
BV08TR_0216,66,0.8178479257847014,7,73
BV08TR_0216,67,0.8149725476273575,6,73
BV08TR_0216,68,0.8122211520449829,5,73
BV08TR_0216,69,0.8093174806559202,4,73
BV08TR_0216,70,0.8064636156965916,3,73
BV08TR_0216,71,0.8034328750562909,2,73
BV08TR_0216,72,0.8005374072855392,1,73
BV08TR_0216,73,0.7975197520370088,0,73
BV08TR_0217,0,1.0053587395436279,74,74
BV08TR_0217,1,1.0025921233951502,73,74
BV08TR_0217,2,0.9998745035858206,72,74
BV08TR_0217,3,0.9970405354652612,71,74
BV08TR_0217,4,0.9941506919010072,70,74
BV08TR_0217,5,0.9914103387217766,69,74
BV08TR_0217,6,0.988629752127669,68,74
BV08TR_0217,7,0.9859435237655806,67,74
BV08TR_0217,8,0.9830268767073362,66,74
BV08TR_0217,9,0.9801965104835386,65,74
BV08TR_0217,10,0.9772944771314995,64,74
BV08TR_0217,11,0.9745456578574024,63,74
BV08TR_0217,12,0.971809933933214,62,74
BV08TR_0217,13,0.9689839137984942,61,74
BV08TR_0217,14,0.9662522644028178,60,74
BV08TR_0217,15,0.9635269834508972,59,74
BV08TR_0217,16,0.960738374990039,58,74
BV08TR_0217,17,0.9580540909232405,57,74
BV08TR_0217,18,0.9552926581634452,56,74
BV08TR_0217,19,0.952493301280749,55,74
BV08TR_0217,20,0.9498439280851684,54,74
BV08TR_0217,21,0.9471096843931814,53,74
BV08TR_0217,22,0.9443390441037735,52,74
BV08TR_0217,23,0.9416557370679158,51,74
BV08TR_0217,24,0.9389971471618275,50,74
BV08TR_0217,25,0.9363394232097232,49,74
BV08TR_0217,26,0.9335874259608108,48,74
BV08TR_0217,27,0.9307800264604328,47,74
BV08TR_0217,28,0.9281141199983594,46,74
BV08TR_0217,29,0.9253330672817038,45,74
BV08TR_0217,30,0.9227096358524978,44,74
BV08TR_0217,31,0.9200698305088438,43,74
BV08TR_0217,32,0.9173075578715238,42,74
BV08TR_0217,33,0.914532449865793,41,74
BV08TR_0217,34,0.911773104899781,40,74
BV08TR_0217,35,0.9089884870875546,39,74
BV08TR_0217,36,0.9061756272164724,38,74
BV08TR_0217,37,0.9035270827755438,37,74
BV08TR_0217,38,0.9008101557125984,36,74
BV08TR_0217,39,0.8980674366408022,35,74
BV08TR_0217,40,0.8953153924226515,34,74
BV08TR_0217,41,0.8925533109486111,33,74
BV08TR_0217,42,0.8897071991181112,32,74
BV08TR_0217,43,0.8867331870822917,31,74
BV08TR_0217,44,0.8839445005834512,30,74
BV08TR_0217,45,0.8811867935753251,29,74
BV08TR_0217,46,0.8783318263108582,28,74
BV08TR_0217,47,0.8755360231157678,27,74
BV08TR_0217,48,0.8726100627556082,26,74
BV08TR_0217,49,0.8699155161856906,25,74
BV08TR_0217,50,0.8670702397564916,24,74
BV08TR_0217,51,0.864174950711509,23,74
BV08TR_0217,52,0.8613001005044729,22,74
BV08TR_0217,53,0.8584268510901476,21,74
BV08TR_0217,54,0.8555628939140767,20,74
BV08TR_0217,55,0.8526981694242038,19,74
BV08TR_0217,56,0.849822652473881,18,74
BV08TR_0217,57,0.8468969282071246,17,74
BV08TR_0217,58,0.8440634142567206,16,74
BV08TR_0217,59,0.8409737466211908,15,74
BV08TR_0217,60,0.8380389953880832,14,74
BV08TR_0217,61,0.835182516201276,13,74
BV08TR_0217,62,0.8321489448493082,12,74
BV08TR_0217,63,0.8294017366835499,11,74
BV08TR_0217,64,0.8264690149952638,10,74
BV08TR_0217,65,0.8236398394523924,9,74
BV08TR_0217,66,0.8207943454710216,8,74
BV08TR_0217,67,0.8179059301159537,7,74
BV08TR_0217,68,0.8150147844344006,6,74
BV08TR_0217,69,0.8121429375880652,5,74
BV08TR_0217,70,0.8093736501490865,4,74
BV08TR_0217,71,0.8064847189773432,3,74
BV08TR_0217,72,0.8037327661551346,2,74
BV08TR_0217,73,0.800830035722142,1,74
BV08TR_0217,74,0.7979732041997404,0,74
BV08TR_0218,0,0.9695557388342302,75,75
BV08TR_0218,1,0.9672800022748915,74,75
BV08TR_0218,2,0.9649049964835136,73,75
BV08TR_0218,3,0.9625644393790725,72,75
BV08TR_0218,4,0.96034579888895,71,75
BV08TR_0218,5,0.9580642306341314,70,75
BV08TR_0218,6,0.9557267016724607,69,75
BV08TR_0218,7,0.9533098879089844,68,75
BV08TR_0218,8,0.9510747625488456,67,75
BV08TR_0218,9,0.9487306734884422,66,75
BV08TR_0218,10,0.9463446900520566,65,75
BV08TR_0218,11,0.9440226535306399,64,75
BV08TR_0218,12,0.941684309656643,63,75
BV08TR_0218,13,0.939396247258566,62,75
BV08TR_0218,14,0.9370227109931324,61,75
BV08TR_0218,15,0.934640179423453,60,75
BV08TR_0218,16,0.9323246908800567,59,75
BV08TR_0218,17,0.9300935820814775,58,75
BV08TR_0218,18,0.9277862714187946,57,75
BV08TR_0218,19,0.9254945148983804,56,75
BV08TR_0218,20,0.9230151240713604,55,75
BV08TR_0218,21,0.9206540550423598,54,75
BV08TR_0218,22,0.9182899497793252,53,75
BV08TR_0218,23,0.915968570232772,52,75
BV08TR_0218,24,0.913725848574526,51,75
BV08TR_0218,25,0.9113183709123935,50,75
BV08TR_0218,26,0.9091167289561648,49,75
BV08TR_0218,27,0.906874333185477,48,75
BV08TR_0218,28,0.9044764504595485,47,75
BV08TR_0218,29,0.902164613122424,46,75
BV08TR_0218,30,0.8998851440287488,45,75
BV08TR_0218,31,0.897612431977051,44,75
BV08TR_0218,32,0.8953919071303162,43,75
BV08TR_0218,33,0.8931581063568579,42,75
BV08TR_0218,34,0.8908128184471934,41,75
BV08TR_0218,35,0.8884886156545315,40,75
BV08TR_0218,36,0.8861739171034319,39,75
BV08TR_0218,37,0.8839610463547168,38,75
BV08TR_0218,38,0.8817346569813536,37,75
BV08TR_0218,39,0.8794651208497755,36,75
BV08TR_0218,40,0.8771317432195355,35,75
BV08TR_0218,41,0.87475960757904,34,75
BV08TR_0218,42,0.8725440950314202,33,75
BV08TR_0218,43,0.8702917042928066,32,75
BV08TR_0218,44,0.8680415165903934,31,75
BV08TR_0218,45,0.8657845710961064,30,75
BV08TR_0218,46,0.8635754014733658,29,75
BV08TR_0218,47,0.8613357432742946,28,75
BV08TR_0218,48,0.8590995886572438,27,75
BV08TR_0218,49,0.8569170462891884,26,75
BV08TR_0218,50,0.8547028152065419,25,75
BV08TR_0218,51,0.8524221931388356,24,75
BV08TR_0218,52,0.8501732691217228,23,75
BV08TR_0218,53,0.8478777979445113,22,75
BV08TR_0218,54,0.8456402007271449,21,75
BV08TR_0218,55,0.8433058799068845,20,75
BV08TR_0218,56,0.8410231470168488,19,75
BV08TR_0218,57,0.8387976801983281,18,75
BV08TR_0218,58,0.8365417658376312,17,75
BV08TR_0218,59,0.8342433928596913,16,75
BV08TR_0218,60,0.8320411837225441,15,75
BV08TR_0218,61,0.8298104719424239,14,75
BV08TR_0218,62,0.8276803396350855,13,75
BV08TR_0218,63,0.8253397835015941,12,75
BV08TR_0218,64,0.8230411944578562,11,75
BV08TR_0218,65,0.820733047655084,10,75
BV08TR_0218,66,0.8185036235444408,9,75
BV08TR_0218,67,0.8162704305360758,8,75
BV08TR_0218,68,0.8138765815802375,7,75
BV08TR_0218,69,0.8115682742324712,6,75
BV08TR_0218,70,0.809284677761022,5,75
BV08TR_0218,71,0.8070332557859743,4,75
BV08TR_0218,72,0.8046703154073319,3,75
BV08TR_0218,73,0.8023400235095884,2,75
BV08TR_0218,74,0.8000253225355765,1,75
BV08TR_0218,75,0.7975952791681514,0,75
BV08TR_0219,0,1.008784041904945,71,71
BV08TR_0219,1,1.005844014355448,70,71
BV08TR_0219,2,1.0027599926756794,69,71
BV08TR_0219,3,0.9999283138879054,68,71
BV08TR_0219,4,0.9971020414285292,67,71
BV08TR_0219,5,0.9941794540532254,66,71
BV08TR_0219,6,0.9913248928691352,65,71
BV08TR_0219,7,0.9884520243818468,64,71
BV08TR_0219,8,0.9855478578533206,63,71
BV08TR_0219,9,0.9826753719848782,62,71
BV08TR_0219,10,0.9797408605704664,61,71
BV08TR_0219,11,0.9768898362696508,60,71
BV08TR_0219,12,0.974091256635658,59,71
BV08TR_0219,13,0.9710916399114974,58,71
BV08TR_0219,14,0.9682498349484868,57,71
BV08TR_0219,15,0.9654183132426435,56,71
BV08TR_0219,16,0.962491165009208,55,71
BV08TR_0219,17,0.9595611168465378,54,71
BV08TR_0219,18,0.9567628382205752,53,71
BV08TR_0219,19,0.9539997067920578,52,71
BV08TR_0219,20,0.9511173265815728,51,71
BV08TR_0219,21,0.9482101205131652,50,71
BV08TR_0219,22,0.94526749151708,49,71
BV08TR_0219,23,0.9423021330013666,48,71
BV08TR_0219,24,0.9393959769005418,47,71
BV08TR_0219,25,0.9365880896024595,46,71
BV08TR_0219,26,0.9336595001833992,45,71
BV08TR_0219,27,0.9308043307449648,44,71
BV08TR_0219,28,0.9279052160310076,43,71
BV08TR_0219,29,0.9249937105118619,42,71
BV08TR_0219,30,0.9220599273061804,41,71
BV08TR_0219,31,0.9191180173662838,40,71
BV08TR_0219,32,0.9163254127634956,39,71
BV08TR_0219,33,0.9133125972127932,38,71
BV08TR_0219,34,0.9103667016721564,37,71
BV08TR_0219,35,0.9074741330719126,36,71
BV08TR_0219,36,0.9045803229724672,35,71
BV08TR_0219,37,0.9015706359103104,34,71
BV08TR_0219,38,0.8987535454656042,33,71
BV08TR_0219,39,0.8957143494309254,32,71
BV08TR_0219,40,0.8925746631174033,31,71
BV08TR_0219,41,0.8895216131581214,30,71
BV08TR_0219,42,0.8865309688150302,29,71
BV08TR_0219,43,0.8835438555129176,28,71
BV08TR_0219,44,0.8805248840574371,27,71
BV08TR_0219,45,0.8773501055972479,26,71
BV08TR_0219,46,0.8743270792497019,25,71
BV08TR_0219,47,0.871395821468332,24,71
BV08TR_0219,48,0.8684724510321964,23,71
BV08TR_0219,49,0.8655602137640284,22,71
BV08TR_0219,50,0.8625688627223682,21,71
BV08TR_0219,51,0.8594858503539662,20,71
BV08TR_0219,52,0.8563934180677868,19,71
BV08TR_0219,53,0.8534734270716835,18,71
BV08TR_0219,54,0.8506168604188269,17,71
BV08TR_0219,55,0.8476439156370185,16,71
BV08TR_0219,56,0.8447544129488821,15,71
BV08TR_0219,57,0.8418073392064132,14,71
BV08TR_0219,58,0.8387747570848062,13,71
BV08TR_0219,59,0.8358188237542536,12,71
BV08TR_0219,60,0.8327614291859441,11,71
BV08TR_0219,61,0.8298097213280029,10,71
BV08TR_0219,62,0.8267740055726494,9,71
BV08TR_0219,63,0.8238035243455462,8,71
BV08TR_0219,64,0.8207813366435274,7,71
BV08TR_0219,65,0.8177526231508736,6,71
BV08TR_0219,66,0.8148131161663605,5,71
BV08TR_0219,67,0.8117466767852344,4,71
BV08TR_0219,68,0.8088073486925801,3,71
BV08TR_0219,69,0.8058636348271542,2,71
BV08TR_0219,70,0.8029343193340654,1,71
BV08TR_0219,71,0.7998274055741276,0,71
BV08TR_0220,0,0.9511102593377664,42,42
BV08TR_0220,1,0.9474989842287918,41,42
BV08TR_0220,2,0.9438868291123125,40,42
BV08TR_0220,3,0.940490546909713,39,42
BV08TR_0220,4,0.9370526133634094,38,42
BV08TR_0220,5,0.9334653196628365,37,42
BV08TR_0220,6,0.9299289513793224,36,42
BV08TR_0220,7,0.9264138505044838,35,42
BV08TR_0220,8,0.9230278262917226,34,42
BV08TR_0220,9,0.9194634395776266,33,42
BV08TR_0220,10,0.9158936198404288,32,42
BV08TR_0220,11,0.9124914518573732,31,42
BV08TR_0220,12,0.9090049164441152,30,42
BV08TR_0220,13,0.905656533939692,29,42
BV08TR_0220,14,0.9020232880220644,28,42
BV08TR_0220,15,0.8985603079044134,27,42
BV08TR_0220,16,0.8951191269716497,26,42
BV08TR_0220,17,0.8918012345570892,25,42
BV08TR_0220,18,0.8884093628233599,24,42
BV08TR_0220,19,0.8847946345007618,23,42
BV08TR_0220,20,0.881451346501013,22,42
BV08TR_0220,21,0.8780133500103307,21,42
BV08TR_0220,22,0.8746034527407516,20,42
BV08TR_0220,23,0.8710855899485938,19,42
BV08TR_0220,24,0.8675594065384622,18,42
BV08TR_0220,25,0.8640575998373013,17,42
BV08TR_0220,26,0.8606433178263954,16,42
BV08TR_0220,27,0.85716746831677,15,42
BV08TR_0220,28,0.8536043952027037,14,42
BV08TR_0220,29,0.8501677451103375,13,42
BV08TR_0220,30,0.8468547107767144,12,42
BV08TR_0220,31,0.8433965262443978,11,42
BV08TR_0220,32,0.8399219209594091,10,42
BV08TR_0220,33,0.8364075507929098,9,42
BV08TR_0220,34,0.8328998895081288,8,42
BV08TR_0220,35,0.8284957344165876,7,42
BV08TR_0220,36,0.8240218762479384,6,42
BV08TR_0220,37,0.8195810489235356,5,42
BV08TR_0220,38,0.8151768205458555,4,42
BV08TR_0220,39,0.8107544320756385,3,42
BV08TR_0220,40,0.8063054582790582,2,42
BV08TR_0220,41,0.8020221655535663,1,42
BV08TR_0220,42,0.7978861993905054,0,42
BV08TR_0221,0,0.9912966202795576,71,71
BV08TR_0221,1,0.9886824002084484,70,71
BV08TR_0221,2,0.986000465091454,69,71
BV08TR_0221,3,0.98333873846082,68,71
BV08TR_0221,4,0.9806577897416182,67,71
BV08TR_0221,5,0.978071599741784,66,71
BV08TR_0221,6,0.975399359778858,65,71
BV08TR_0221,7,0.9727548597638004,64,71
BV08TR_0221,8,0.9700350978523754,63,71
BV08TR_0221,9,0.9673754512148092,62,71
BV08TR_0221,10,0.9648012823227387,61,71
BV08TR_0221,11,0.9621009877163578,60,71
BV08TR_0221,12,0.9594549106289532,59,71
BV08TR_0221,13,0.9568037739250734,58,71
BV08TR_0221,14,0.9541743358497824,57,71
BV08TR_0221,15,0.951486023833644,56,71
BV08TR_0221,16,0.9488860583180464,55,71
BV08TR_0221,17,0.9462847453397568,54,71
BV08TR_0221,18,0.9436868668122228,53,71
BV08TR_0221,19,0.9410446798390502,52,71
BV08TR_0221,20,0.9383601457879664,51,71
BV08TR_0221,21,0.9357052261243815,50,71
BV08TR_0221,22,0.932923996424072,49,71
BV08TR_0221,23,0.9301362088741912,48,71
BV08TR_0221,24,0.9275223700730426,47,71
BV08TR_0221,25,0.924783938341826,46,71
BV08TR_0221,26,0.9220001544381498,45,71
BV08TR_0221,27,0.9193111557246088,44,71
BV08TR_0221,28,0.9166592177965271,43,71
BV08TR_0221,29,0.9138319826052924,42,71
BV08TR_0221,30,0.911216549787232,41,71
BV08TR_0221,31,0.908506192976315,40,71
BV08TR_0221,32,0.9057971919069066,39,71
BV08TR_0221,33,0.9028648417641532,38,71
BV08TR_0221,34,0.9001825892232888,37,71
BV08TR_0221,35,0.8974300047302284,36,71
BV08TR_0221,36,0.8946858972426607,35,71
BV08TR_0221,37,0.8917954845893504,34,71
BV08TR_0221,38,0.8890465346832194,33,71
BV08TR_0221,39,0.886267666263032,32,71
BV08TR_0221,40,0.8835594042423665,31,71
BV08TR_0221,41,0.8808012898789891,30,71
BV08TR_0221,42,0.8780991007018278,29,71
BV08TR_0221,43,0.87541811185984,28,71
BV08TR_0221,44,0.872686802727036,27,71
BV08TR_0221,45,0.8700060798854328,26,71
BV08TR_0221,46,0.867180944247942,25,71
BV08TR_0221,47,0.8643426176983658,24,71
BV08TR_0221,48,0.8616421065570902,23,71
BV08TR_0221,49,0.8590037962215186,22,71
BV08TR_0221,50,0.8561198885023183,21,71
BV08TR_0221,51,0.8533464990104389,20,71
BV08TR_0221,52,0.8505926614106155,19,71
BV08TR_0221,53,0.8477457750395935,18,71
BV08TR_0221,54,0.8449984724498631,17,71
BV08TR_0221,55,0.8423510156887544,16,71
BV08TR_0221,56,0.8396170369426036,15,71
BV08TR_0221,57,0.8368212935488842,14,71
BV08TR_0221,58,0.8341650590638694,13,71
BV08TR_0221,59,0.831490518762286,12,71
BV08TR_0221,60,0.8289409763633415,11,71
BV08TR_0221,61,0.8262888395883046,10,71
BV08TR_0221,62,0.823636486810635,9,71
BV08TR_0221,63,0.8209886187734065,8,71
BV08TR_0221,64,0.8182789898512227,7,71
BV08TR_0221,65,0.8157206380910675,6,71
BV08TR_0221,66,0.813149775902183,5,71
BV08TR_0221,67,0.8105660701841919,4,71
BV08TR_0221,68,0.8079959735739737,3,71
BV08TR_0221,69,0.805321632224864,2,71
BV08TR_0221,70,0.8027278106139664,1,71
BV08TR_0221,71,0.7999395549547847,0,71
BV08TR_0222,0,0.9884721086229754,72,72
BV08TR_0222,1,0.9859605115326722,71,72
BV08TR_0222,2,0.983505581184377,70,72
BV08TR_0222,3,0.9810462783645404,69,72
BV08TR_0222,4,0.9785416329976835,68,72
BV08TR_0222,5,0.9761693637695806,67,72
BV08TR_0222,6,0.973708357060766,66,72
BV08TR_0222,7,0.9711214900607164,65,72
BV08TR_0222,8,0.9685264247835406,64,72
BV08TR_0222,9,0.9660936296896875,63,72
BV08TR_0222,10,0.9635639853729164,62,72
BV08TR_0222,11,0.9610944273103484,61,72
BV08TR_0222,12,0.958685848299356,60,72
BV08TR_0222,13,0.9562800356228363,59,72
BV08TR_0222,14,0.9538583996544265,58,72
BV08TR_0222,15,0.9512826120003655,57,72
BV08TR_0222,16,0.9487938108820894,56,72
BV08TR_0222,17,0.9463815353369418,55,72
BV08TR_0222,18,0.9439915500504732,54,72
BV08TR_0222,19,0.9416506378708926,53,72
BV08TR_0222,20,0.939265581154746,52,72
BV08TR_0222,21,0.9368251788085507,51,72
BV08TR_0222,22,0.9343468694086975,50,72
BV08TR_0222,23,0.9319307131533028,49,72
BV08TR_0222,24,0.9295575838764025,48,72
BV08TR_0222,25,0.9270821959305314,47,72
BV08TR_0222,26,0.9247056791884986,46,72
BV08TR_0222,27,0.9223927217343865,45,72
BV08TR_0222,28,0.919923173930257,44,72
BV08TR_0222,29,0.9176051074967448,43,72
BV08TR_0222,30,0.91533468810609,42,72
BV08TR_0222,31,0.913042522776757,41,72
BV08TR_0222,32,0.9107042521864992,40,72
BV08TR_0222,33,0.9083359229593562,39,72
BV08TR_0222,34,0.905876959261494,38,72
BV08TR_0222,35,0.9034695194374678,37,72
BV08TR_0222,36,0.901032895691999,36,72
BV08TR_0222,37,0.8987123083112294,35,72
BV08TR_0222,38,0.896433401604793,34,72
BV08TR_0222,39,0.894089832293334,33,72
BV08TR_0222,40,0.8917013606910325,32,72
BV08TR_0222,41,0.8893242287219716,31,72
BV08TR_0222,42,0.8870464898543472,30,72
BV08TR_0222,43,0.8847172056964377,29,72
BV08TR_0222,44,0.882434852028044,28,72
BV08TR_0222,45,0.8800133237287202,27,72
BV08TR_0222,46,0.8775860511386122,26,72
BV08TR_0222,47,0.8753238808109148,25,72
BV08TR_0222,48,0.8728644207881322,24,72
BV08TR_0222,49,0.8704092223421983,23,72
BV08TR_0222,50,0.868024025423005,22,72
BV08TR_0222,51,0.8648426500385177,21,72
BV08TR_0222,52,0.8618303574552121,20,72
BV08TR_0222,53,0.8586424483876147,19,72
BV08TR_0222,54,0.8554882364931651,18,72
BV08TR_0222,55,0.8523220573160728,17,72
BV08TR_0222,56,0.849187975703697,16,72
BV08TR_0222,57,0.8460485225335442,15,72
BV08TR_0222,58,0.8427854935515785,14,72
BV08TR_0222,59,0.8396623984469725,13,72
BV08TR_0222,60,0.8365714744451125,12,72
BV08TR_0222,61,0.8332541754048245,11,72
BV08TR_0222,62,0.8301768046935085,10,72
BV08TR_0222,63,0.8269327490696942,9,72
BV08TR_0222,64,0.8236384889890676,8,72
BV08TR_0222,65,0.8205319752783081,7,72
BV08TR_0222,66,0.8172932109774055,6,72
BV08TR_0222,67,0.8141293957958508,5,72
BV08TR_0222,68,0.8108376739798778,4,72
BV08TR_0222,69,0.8075497541120746,3,72
BV08TR_0222,70,0.8042452379492612,2,72
BV08TR_0222,71,0.8010325553914492,1,72
BV08TR_0222,72,0.7977435959069953,0,72
BV08TR_0223,0,0.9565315742443407,80,80
BV08TR_0223,1,0.9545646701369725,79,80
BV08TR_0223,2,0.9525371909144772,78,80
BV08TR_0223,3,0.950609709355284,77,80
BV08TR_0223,4,0.9486056364452338,76,80
BV08TR_0223,5,0.9466329583177472,75,80
BV08TR_0223,6,0.9447449494579442,74,80
BV08TR_0223,7,0.9427640803894912,73,80
BV08TR_0223,8,0.9408902874393902,72,80
BV08TR_0223,9,0.9389719612050016,71,80
BV08TR_0223,10,0.936974195164317,70,80
BV08TR_0223,11,0.9350480980032924,69,80
BV08TR_0223,12,0.93313097372728,68,80
BV08TR_0223,13,0.93115231406708,67,80
BV08TR_0223,14,0.9292219897857904,66,80
BV08TR_0223,15,0.9272982338596124,65,80
BV08TR_0223,16,0.9253486964692804,64,80
BV08TR_0223,17,0.9234369414783594,63,80
BV08TR_0223,18,0.9215895617904264,62,80
BV08TR_0223,19,0.9196554847273615,61,80
BV08TR_0223,20,0.917748190091021,60,80
BV08TR_0223,21,0.9158205721875088,59,80
BV08TR_0223,22,0.9138920718805034,58,80
BV08TR_0223,23,0.9119692548664344,57,80
BV08TR_0223,24,0.910039891448896,56,80
BV08TR_0223,25,0.9081293962901208,55,80
BV08TR_0223,26,0.9062156969843658,54,80
BV08TR_0223,27,0.9042261313753206,53,80
BV08TR_0223,28,0.9021463366227648,52,80
BV08TR_0223,29,0.9000301789583801,51,80
BV08TR_0223,30,0.8980844361893539,50,80
BV08TR_0223,31,0.8961498818196637,49,80
BV08TR_0223,32,0.8942481953726152,48,80
BV08TR_0223,33,0.8922450853932234,47,80
BV08TR_0223,34,0.890124100296011,46,80
BV08TR_0223,35,0.8881330053749786,45,80
BV08TR_0223,36,0.886174060896916,44,80
BV08TR_0223,37,0.8841689520384934,43,80
BV08TR_0223,38,0.8822137643326062,42,80
BV08TR_0223,39,0.8802288807253665,41,80
BV08TR_0223,40,0.8781913350682631,40,80
BV08TR_0223,41,0.8762002986419066,39,80
BV08TR_0223,42,0.8741247549660874,38,80
BV08TR_0223,43,0.8721972598489478,37,80
BV08TR_0223,44,0.8702884392019862,36,80
BV08TR_0223,45,0.8681791645055426,35,80
BV08TR_0223,46,0.8661923465294835,34,80
BV08TR_0223,47,0.8641337889635938,33,80
BV08TR_0223,48,0.8620674355458583,32,80
BV08TR_0223,49,0.8601015034623175,31,80
BV08TR_0223,50,0.8579955281960265,30,80
BV08TR_0223,51,0.855956539223543,29,80
BV08TR_0223,52,0.8539753770031455,28,80
BV08TR_0223,53,0.8519420907483516,27,80
BV08TR_0223,54,0.8499336000190948,26,80
BV08TR_0223,55,0.8478787896528668,25,80
BV08TR_0223,56,0.8458485145519793,24,80
BV08TR_0223,57,0.843911087307697,23,80
BV08TR_0223,58,0.8418671294772098,22,80
BV08TR_0223,59,0.8398400634473995,21,80
BV08TR_0223,60,0.8378999061587334,20,80
BV08TR_0223,61,0.8359257289464532,19,80
BV08TR_0223,62,0.8340272896707537,18,80
BV08TR_0223,63,0.8320205451204536,17,80
BV08TR_0223,64,0.8301236102620378,16,80
BV08TR_0223,65,0.8281490092940906,15,80
BV08TR_0223,66,0.8261666461756203,14,80
BV08TR_0223,67,0.824232422500556,13,80
BV08TR_0223,68,0.822357958166626,12,80
BV08TR_0223,69,0.8204335635789706,11,80
BV08TR_0223,70,0.8185695654397467,10,80
BV08TR_0223,71,0.816604925169031,9,80
BV08TR_0223,72,0.8145723425739358,8,80
BV08TR_0223,73,0.812670599515806,7,80
BV08TR_0223,74,0.8107664168015541,6,80
BV08TR_0223,75,0.808753143345121,5,80
BV08TR_0223,76,0.8068739657573802,4,80
BV08TR_0223,77,0.8049551103000016,3,80
BV08TR_0223,78,0.8030474107930156,2,80
BV08TR_0223,79,0.8011811313048806,1,80
BV08TR_0223,80,0.7991992479235323,0,80
BV08TR_0224,0,0.9880503361930085,57,57
BV08TR_0224,1,0.9847159343822248,56,57
BV08TR_0224,2,0.9814797850902405,55,57
BV08TR_0224,3,0.9784357569941552,54,57
BV08TR_0224,4,0.9751836853915924,53,57
BV08TR_0224,5,0.9717526105217925,52,57
BV08TR_0224,6,0.9686562182883174,51,57
BV08TR_0224,7,0.9652778386021506,50,57
BV08TR_0224,8,0.9619267894427304,49,57
BV08TR_0224,9,0.9585744100447334,48,57
BV08TR_0224,10,0.9552860503840807,47,57
BV08TR_0224,11,0.9520404008826968,46,57
BV08TR_0224,12,0.9486942846261834,45,57
BV08TR_0224,13,0.9454743232147912,44,57
BV08TR_0224,14,0.9421290835325606,43,57
BV08TR_0224,15,0.938952327572978,42,57
BV08TR_0224,16,0.9357364714175985,41,57
BV08TR_0224,17,0.9324771027105246,40,57
BV08TR_0224,18,0.9292165291780868,39,57
BV08TR_0224,19,0.9258797804053615,38,57
BV08TR_0224,20,0.9225544822825615,37,57
BV08TR_0224,21,0.9192723044906999,36,57
BV08TR_0224,22,0.9160180413199104,35,57
BV08TR_0224,23,0.9128686270013479,34,57
BV08TR_0224,24,0.909650205454662,33,57
BV08TR_0224,25,0.9064212766732171,32,57
BV08TR_0224,26,0.9031572765814674,31,57
BV08TR_0224,27,0.9000231461537885,30,57
BV08TR_0224,28,0.8967578572456975,29,57
BV08TR_0224,29,0.8935091679315139,28,57
BV08TR_0224,30,0.8900645686911123,27,57
BV08TR_0224,31,0.8867805671626011,26,57
BV08TR_0224,32,0.8835532582303859,25,57
BV08TR_0224,33,0.8803252208362643,24,57
BV08TR_0224,34,0.8769111836261222,23,57
BV08TR_0224,35,0.8736678462466598,22,57
BV08TR_0224,36,0.8704062703870304,21,57
BV08TR_0224,37,0.8669642201127464,20,57
BV08TR_0224,38,0.8636490587567403,19,57
BV08TR_0224,39,0.860349926379672,18,57
BV08TR_0224,40,0.8569243772506298,17,57
BV08TR_0224,41,0.853487029741378,16,57
BV08TR_0224,42,0.8502772567354193,15,57
BV08TR_0224,43,0.8469741814397771,14,57
BV08TR_0224,44,0.8435356040675295,13,57
BV08TR_0224,45,0.8401713211654898,12,57
BV08TR_0224,46,0.8368040102318526,11,57
BV08TR_0224,47,0.8334895527199844,10,57
BV08TR_0224,48,0.83004317799732,9,57
BV08TR_0224,49,0.8267062297012918,8,57
BV08TR_0224,50,0.82309717594595,7,57
BV08TR_0224,51,0.8197669178959894,6,57
BV08TR_0224,52,0.8164355688945042,5,57
BV08TR_0224,53,0.8133451582493592,4,57
BV08TR_0224,54,0.8099743795242993,3,57
BV08TR_0224,55,0.8066722799085982,2,57
BV08TR_0224,56,0.8032772966887682,1,57
BV08TR_0224,57,0.7998830521751149,0,57
BV08TR_0225,0,0.9758621985383072,54,54
BV08TR_0225,1,0.9725198164366338,53,54
BV08TR_0225,2,0.9692818066267658,52,54
BV08TR_0225,3,0.965887447446714,51,54
BV08TR_0225,4,0.9626040998003812,50,54
BV08TR_0225,5,0.9594015419031706,49,54
BV08TR_0225,6,0.9559688647530306,48,54
BV08TR_0225,7,0.952541948108773,47,54
BV08TR_0225,8,0.949173280576108,46,54
BV08TR_0225,9,0.9458651072755656,45,54
BV08TR_0225,10,0.9427546740999704,44,54
BV08TR_0225,11,0.9394462558338464,43,54
BV08TR_0225,12,0.936063932195412,42,54
BV08TR_0225,13,0.9327640058732815,41,54
BV08TR_0225,14,0.929397779338354,40,54
BV08TR_0225,15,0.9260898047388195,39,54
BV08TR_0225,16,0.922817710012826,38,54
BV08TR_0225,17,0.9195561377298912,37,54
BV08TR_0225,18,0.9162434494919884,36,54
BV08TR_0225,19,0.9128489878014182,35,54
BV08TR_0225,20,0.9095020595309234,34,54
BV08TR_0225,21,0.9060954312230454,33,54
BV08TR_0225,22,0.90264227898777,32,54
BV08TR_0225,23,0.8992748667198684,31,54
BV08TR_0225,24,0.895909194721154,30,54
BV08TR_0225,25,0.8926264007692861,29,54
BV08TR_0225,26,0.8892442243769568,28,54
BV08TR_0225,27,0.8858486666076745,27,54
BV08TR_0225,28,0.8825063554820082,26,54
BV08TR_0225,29,0.879160084192,25,54
BV08TR_0225,30,0.8757760839125426,24,54
BV08TR_0225,31,0.8724759897741485,23,54
BV08TR_0225,32,0.8691438828012,22,54
BV08TR_0225,33,0.8658198817709089,21,54
BV08TR_0225,34,0.862595722708951,20,54
BV08TR_0225,35,0.8592920868794452,19,54
BV08TR_0225,36,0.8559759716888359,18,54
BV08TR_0225,37,0.8527212581066209,17,54
BV08TR_0225,38,0.849392051007254,16,54
BV08TR_0225,39,0.8462607240041632,15,54
BV08TR_0225,40,0.8431745291550181,14,54
BV08TR_0225,41,0.840057925150322,13,54
BV08TR_0225,42,0.8368629481567521,12,54
BV08TR_0225,43,0.833545369430027,11,54
BV08TR_0225,44,0.83031030689726,10,54
BV08TR_0225,45,0.8271467370821592,9,54
BV08TR_0225,46,0.8239042033879654,8,54
BV08TR_0225,47,0.8206600726897472,7,54
BV08TR_0225,48,0.8175528864070023,6,54
BV08TR_0225,49,0.8143826555518855,5,54
BV08TR_0225,50,0.8113255088369571,4,54
BV08TR_0225,51,0.8080452876768836,3,54
BV08TR_0225,52,0.8048996488515882,2,54
BV08TR_0225,53,0.801628341588514,1,54
BV08TR_0225,54,0.798418902582866,0,54
BV08TR_0226,0,0.9654227696862414,83,83
BV08TR_0226,1,0.9633434133792435,82,83
BV08TR_0226,2,0.9613160417615272,81,83
BV08TR_0226,3,0.9591739880732252,80,83
BV08TR_0226,4,0.957022232095074,79,83
BV08TR_0226,5,0.9550341197709779,78,83
BV08TR_0226,6,0.9529356764291488,77,83
BV08TR_0226,7,0.9508226171023862,76,83
BV08TR_0226,8,0.9487713533681192,75,83
BV08TR_0226,9,0.9467567388961572,74,83
BV08TR_0226,10,0.9447231731611304,73,83
BV08TR_0226,11,0.9426296934182594,72,83
BV08TR_0226,12,0.9406560961858448,71,83
BV08TR_0226,13,0.9386122543313722,70,83
BV08TR_0226,14,0.9365790813755904,69,83
BV08TR_0226,15,0.9345785513927614,68,83
BV08TR_0226,16,0.9325490076009704,67,83
BV08TR_0226,17,0.9305508708067964,66,83
BV08TR_0226,18,0.928570146940013,65,83
BV08TR_0226,19,0.9265770572068865,64,83
BV08TR_0226,20,0.9245772525117985,63,83
BV08TR_0226,21,0.9225856987047748,62,83
BV08TR_0226,22,0.9206104452528844,61,83
BV08TR_0226,23,0.9185328196164064,60,83
BV08TR_0226,24,0.9164461333816156,59,83
BV08TR_0226,25,0.9144994649817632,58,83
BV08TR_0226,26,0.912505894673076,57,83
BV08TR_0226,27,0.9105855285265856,56,83
BV08TR_0226,28,0.9086014640300062,55,83
BV08TR_0226,29,0.9065417053842415,54,83
BV08TR_0226,30,0.9044987790584884,53,83
BV08TR_0226,31,0.9025098897697086,52,83
BV08TR_0226,32,0.9005084340899545,51,83
BV08TR_0226,33,0.8985645637536505,50,83
BV08TR_0226,34,0.8966325849318657,49,83
BV08TR_0226,35,0.8946241284702268,48,83
BV08TR_0226,36,0.8927130998127234,47,83
BV08TR_0226,37,0.8907664713660716,46,83
BV08TR_0226,38,0.888818559673815,45,83
BV08TR_0226,39,0.886879739290566,44,83
BV08TR_0226,40,0.8849354178959234,43,83
BV08TR_0226,41,0.8829967216792278,42,83
BV08TR_0226,42,0.88112910053835,41,83
BV08TR_0226,43,0.8791815885436265,40,83
BV08TR_0226,44,0.8771224300080642,39,83
BV08TR_0226,45,0.8751193965810975,38,83
BV08TR_0226,46,0.8731263161591357,37,83
BV08TR_0226,47,0.8711563815090914,36,83
BV08TR_0226,48,0.8691778263459713,35,83
BV08TR_0226,49,0.8673241701090753,34,83
BV08TR_0226,50,0.865308662430385,33,83
BV08TR_0226,51,0.86335798344502,32,83
BV08TR_0226,52,0.8613319917189994,31,83
BV08TR_0226,53,0.8593835956619922,30,83
BV08TR_0226,54,0.8573646887386358,29,83
BV08TR_0226,55,0.8553133598883701,28,83
BV08TR_0226,56,0.8532849111202173,27,83
BV08TR_0226,57,0.8512785995959168,26,83
BV08TR_0226,58,0.8493667449420015,25,83
BV08TR_0226,59,0.8473125710608954,24,83
BV08TR_0226,60,0.8453387732854428,23,83
BV08TR_0226,61,0.8432490702510167,22,83
BV08TR_0226,62,0.8410959149602659,21,83
BV08TR_0226,63,0.8390599012598758,20,83
BV08TR_0226,64,0.8370378692355187,19,83
BV08TR_0226,65,0.8349831538943288,18,83
BV08TR_0226,66,0.8329614549683353,17,83
BV08TR_0226,67,0.8309501755529606,16,83
BV08TR_0226,68,0.828872788039338,15,83
BV08TR_0226,69,0.8268299567191151,14,83
BV08TR_0226,70,0.82478678815695,13,83
BV08TR_0226,71,0.822686980566751,12,83
BV08TR_0226,72,0.8205712497655426,11,83
BV08TR_0226,73,0.8183868806352838,10,83
BV08TR_0226,74,0.8163094879024118,9,83
BV08TR_0226,75,0.8142429038152658,8,83
BV08TR_0226,76,0.8121905481371136,7,83
BV08TR_0226,77,0.8102325882430177,6,83
BV08TR_0226,78,0.8081975926255037,5,83
BV08TR_0226,79,0.8060582060378338,4,83
BV08TR_0226,80,0.8040795660175315,3,83
BV08TR_0226,81,0.8020613868258955,2,83
BV08TR_0226,82,0.8000468509695655,1,83
BV08TR_0226,83,0.7980335716220394,0,83
BV08TR_0227,0,0.9754690585679988,55,55
BV08TR_0227,1,0.9721780939868238,54,55
BV08TR_0227,2,0.9689951007616125,53,55
BV08TR_0227,3,0.9658041441890718,52,55
BV08TR_0227,4,0.96271325420969,51,55
BV08TR_0227,5,0.9596966324529095,50,55
BV08TR_0227,6,0.9565406416795225,49,55
BV08TR_0227,7,0.9531957995088388,48,55
BV08TR_0227,8,0.9499936839829354,47,55
BV08TR_0227,9,0.9466840613673,46,55
BV08TR_0227,10,0.943571502689304,45,55
BV08TR_0227,11,0.9404613135872462,44,55
BV08TR_0227,12,0.9370589768700363,43,55
BV08TR_0227,13,0.933781457142353,42,55
BV08TR_0227,14,0.93064996824646,41,55
BV08TR_0227,15,0.9275472234844702,40,55
BV08TR_0227,16,0.9244242672067012,39,55
BV08TR_0227,17,0.9212406765106838,38,55
BV08TR_0227,18,0.91794891668446,37,55
BV08TR_0227,19,0.9146055850081436,36,55
BV08TR_0227,20,0.9114636105989826,35,55
BV08TR_0227,21,0.9081767390976644,34,55
BV08TR_0227,22,0.9049368192527,33,55
BV08TR_0227,23,0.901792553572434,32,55
BV08TR_0227,24,0.8985322707740563,31,55
BV08TR_0227,25,0.8952222413718118,30,55
BV08TR_0227,26,0.8919347471047152,29,55
BV08TR_0227,27,0.8886183736638598,28,55
BV08TR_0227,28,0.8853726348731084,27,55
BV08TR_0227,29,0.8821707109659956,26,55
BV08TR_0227,30,0.8790770629918588,25,55
BV08TR_0227,31,0.8758349459672421,24,55
BV08TR_0227,32,0.8725417178255676,23,55
BV08TR_0227,33,0.8693545965830934,22,55
BV08TR_0227,34,0.8660949788936003,21,55
BV08TR_0227,35,0.862920276917955,20,55
BV08TR_0227,36,0.8595706382005507,19,55
BV08TR_0227,37,0.8562998649925213,18,55
BV08TR_0227,38,0.853092165523563,17,55
BV08TR_0227,39,0.8498406718084538,16,55
BV08TR_0227,40,0.8466054593440806,15,55
BV08TR_0227,41,0.8433134407636259,14,55
BV08TR_0227,42,0.8402094549921147,13,55
BV08TR_0227,43,0.8370930521371848,12,55
BV08TR_0227,44,0.8339152982941174,11,55
BV08TR_0227,45,0.8307891843183467,10,55
BV08TR_0227,46,0.8276283622273195,9,55
BV08TR_0227,47,0.8244962827929043,8,55
BV08TR_0227,48,0.8212440385256411,7,55
BV08TR_0227,49,0.8180135601002837,6,55
BV08TR_0227,50,0.8148558246655588,5,55
BV08TR_0227,51,0.8118000586798533,4,55
BV08TR_0227,52,0.8086012304091004,3,55
BV08TR_0227,53,0.8054477863393918,2,55
BV08TR_0227,54,0.8022785468206942,1,55
BV08TR_0227,55,0.799286778915499,0,55
BV08TR_0228,0,1.0094806962019887,104,104
BV08TR_0228,1,1.0074883543701394,103,104
BV08TR_0228,2,1.0055569003527833,102,104
BV08TR_0228,3,1.003594580627145,101,104
BV08TR_0228,4,1.0015348521367815,100,104
BV08TR_0228,5,0.9995426960469864,99,104
BV08TR_0228,6,0.99765076025556,98,104
BV08TR_0228,7,0.995593456475778,97,104
BV08TR_0228,8,0.9935819917743574,96,104
BV08TR_0228,9,0.9915954491805232,95,104
BV08TR_0228,10,0.9896264583335884,94,104
BV08TR_0228,11,0.987614956700127,93,104
BV08TR_0228,12,0.9855871492225438,92,104
BV08TR_0228,13,0.9835509889011202,91,104
BV08TR_0228,14,0.9815193978761382,90,104
BV08TR_0228,15,0.979520876445808,89,104
BV08TR_0228,16,0.97742558725835,88,104
BV08TR_0228,17,0.9754639792482405,87,104
BV08TR_0228,18,0.9734826732057825,86,104
BV08TR_0228,19,0.9715168797419692,85,104
BV08TR_0228,20,0.969429020979806,84,104
BV08TR_0228,21,0.9674605105416808,83,104
BV08TR_0228,22,0.9653760472902905,82,104
BV08TR_0228,23,0.963424692549496,81,104
BV08TR_0228,24,0.961390925157744,80,104
BV08TR_0228,25,0.959384756418956,79,104
BV08TR_0228,26,0.9573315148914088,78,104
BV08TR_0228,27,0.9552898849347432,77,104
BV08TR_0228,28,0.9532585172076065,76,104
BV08TR_0228,29,0.951148060244013,75,104
BV08TR_0228,30,0.9490334638341023,74,104
BV08TR_0228,31,0.9470230181310985,73,104
BV08TR_0228,32,0.944997532165382,72,104
BV08TR_0228,33,0.942884948732361,71,104
BV08TR_0228,34,0.9407919983005972,70,104
BV08TR_0228,35,0.9387445965143159,69,104
BV08TR_0228,36,0.9366500011850803,68,104
BV08TR_0228,37,0.934534430963534,67,104
BV08TR_0228,38,0.9324926825464868,66,104
BV08TR_0228,39,0.9304826795808472,65,104
BV08TR_0228,40,0.928396860544954,64,104
BV08TR_0228,41,0.9262688594095602,63,104
BV08TR_0228,42,0.924151655724103,62,104
BV08TR_0228,43,0.9220331981815336,61,104
BV08TR_0228,44,0.9199595240066155,60,104
BV08TR_0228,45,0.9179053613290302,59,104
BV08TR_0228,46,0.9158612982890544,58,104
BV08TR_0228,47,0.9137927453332624,57,104
BV08TR_0228,48,0.911776933096209,56,104
BV08TR_0228,49,0.909583953153146,55,104
BV08TR_0228,50,0.9075047538384984,54,104
BV08TR_0228,51,0.9055161377881036,53,104
BV08TR_0228,52,0.903444452812596,52,104
BV08TR_0228,53,0.9014308620815524,51,104
BV08TR_0228,54,0.8994358353144253,50,104
BV08TR_0228,55,0.8974228092914276,49,104
BV08TR_0228,56,0.8954700490022298,48,104
BV08TR_0228,57,0.8934011318986722,47,104
BV08TR_0228,58,0.8913561102644999,46,104
BV08TR_0228,59,0.8893722201871551,45,104
BV08TR_0228,60,0.8873356715742046,44,104
BV08TR_0228,61,0.8852838827427724,43,104
BV08TR_0228,62,0.883275109983606,42,104
BV08TR_0228,63,0.8813004996602088,41,104
BV08TR_0228,64,0.8793396732943515,40,104
BV08TR_0228,65,0.8774420310418155,39,104
BV08TR_0228,66,0.8754060030669033,38,104
BV08TR_0228,67,0.8734046102459642,37,104
BV08TR_0228,68,0.8714081943653066,36,104
BV08TR_0228,69,0.8694025162365722,35,104
BV08TR_0228,70,0.8674238526063748,34,104
BV08TR_0228,71,0.8653916575213135,33,104
BV08TR_0228,72,0.8633654054500153,32,104
BV08TR_0228,73,0.8614526367981751,31,104
BV08TR_0228,74,0.8595759057551916,30,104
BV08TR_0228,75,0.8575644561714365,29,104
BV08TR_0228,76,0.8555594846271408,28,104
BV08TR_0228,77,0.8535765669392996,27,104
BV08TR_0228,78,0.851565227371386,26,104
BV08TR_0228,79,0.8495944130682161,25,104
BV08TR_0228,80,0.8476431404222702,24,104
BV08TR_0228,81,0.845644701794501,23,104
BV08TR_0228,82,0.8436434422493913,22,104
BV08TR_0228,83,0.8416170599119146,21,104
BV08TR_0228,84,0.8396340036235439,20,104
BV08TR_0228,85,0.837561791160355,19,104
BV08TR_0228,86,0.8356091491589721,18,104
BV08TR_0228,87,0.8335516056925938,17,104
BV08TR_0228,88,0.8316035217710991,16,104
BV08TR_0228,89,0.8295780322076944,15,104
BV08TR_0228,90,0.8275139442189346,14,104
BV08TR_0228,91,0.8254872285469562,13,104
BV08TR_0228,92,0.823432285079206,12,104
BV08TR_0228,93,0.8214892918608785,11,104
BV08TR_0228,94,0.8194026830403314,10,104
BV08TR_0228,95,0.8174082537421382,9,104
BV08TR_0228,96,0.8153638070655045,8,104
BV08TR_0228,97,0.8133320816562482,7,104
BV08TR_0228,98,0.8113053903509183,6,104
BV08TR_0228,99,0.8092297279839104,5,104
BV08TR_0228,100,0.8071603334934083,4,104
BV08TR_0228,101,0.8050879388394344,3,104
BV08TR_0228,102,0.8029342900068377,2,104
BV08TR_0228,103,0.8008286218960597,1,104
BV08TR_0228,104,0.7987303008395805,0,104
BV08TR_0229,0,0.9894667028006844,77,77
BV08TR_0229,1,0.9869435553957692,76,77
BV08TR_0229,2,0.9844308125498892,75,77
BV08TR_0229,3,0.9819250773720324,74,77
BV08TR_0229,4,0.9793700607687165,73,77
BV08TR_0229,5,0.976903290745196,72,77
BV08TR_0229,6,0.974389313698008,71,77
BV08TR_0229,7,0.9718349944159315,70,77
BV08TR_0229,8,0.9693589168471284,69,77
BV08TR_0229,9,0.9667341967138096,68,77
BV08TR_0229,10,0.9642046396269351,67,77
BV08TR_0229,11,0.9617126458426124,66,77
BV08TR_0229,12,0.959208754381609,65,77
BV08TR_0229,13,0.9566556129076385,64,77
BV08TR_0229,14,0.9541257862498747,63,77
BV08TR_0229,15,0.9515845895728497,62,77
BV08TR_0229,16,0.9490418482167374,61,77
BV08TR_0229,17,0.946482369886158,60,77
BV08TR_0229,18,0.9441012928873455,59,77
BV08TR_0229,19,0.9415234830914908,58,77
BV08TR_0229,20,0.9389931899273982,57,77
BV08TR_0229,21,0.9364491017750068,56,77
BV08TR_0229,22,0.9340329138504851,55,77
BV08TR_0229,23,0.9314147314454668,54,77
BV08TR_0229,24,0.9287850638783958,53,77
BV08TR_0229,25,0.9262125096493063,52,77
BV08TR_0229,26,0.9235539477296743,51,77
BV08TR_0229,27,0.9208938916633366,50,77
BV08TR_0229,28,0.9184373627889242,49,77
BV08TR_0229,29,0.9158553151682604,48,77
BV08TR_0229,30,0.9133048234437806,47,77
BV08TR_0229,31,0.9108686528998402,46,77
BV08TR_0229,32,0.9082947884237378,45,77
BV08TR_0229,33,0.9058475528306646,44,77
BV08TR_0229,34,0.9033545949565615,43,77
BV08TR_0229,35,0.9007682040931808,42,77
BV08TR_0229,36,0.8982632586775049,41,77
BV08TR_0229,37,0.8957305571069896,40,77
BV08TR_0229,38,0.8931696067436838,39,77
BV08TR_0229,39,0.8906794675618953,38,77
BV08TR_0229,40,0.8883112253157317,37,77
BV08TR_0229,41,0.8857735823406174,36,77
BV08TR_0229,42,0.883351791751697,35,77
BV08TR_0229,43,0.8809150048185656,34,77
BV08TR_0229,44,0.8783609990039537,33,77
BV08TR_0229,45,0.8759450052622269,32,77
BV08TR_0229,46,0.8734493035369932,31,77
BV08TR_0229,47,0.8709118872994014,30,77
BV08TR_0229,48,0.8684876341672207,29,77
BV08TR_0229,49,0.866133497252414,28,77
BV08TR_0229,50,0.8636917308565994,27,77
BV08TR_0229,51,0.8612204154629042,26,77
BV08TR_0229,52,0.858765877758828,25,77
BV08TR_0229,53,0.8563749396337893,24,77
BV08TR_0229,54,0.8539835792418023,23,77
BV08TR_0229,55,0.8515754564468399,22,77
BV08TR_0229,56,0.8491509664756428,21,77
BV08TR_0229,57,0.8466661502469626,20,77
BV08TR_0229,58,0.8442161244736012,19,77
BV08TR_0229,59,0.8417346769890884,18,77
BV08TR_0229,60,0.8392703543410172,17,77
BV08TR_0229,61,0.836882679403836,16,77
BV08TR_0229,62,0.8345317784096842,15,77
BV08TR_0229,63,0.832073646473641,14,77
BV08TR_0229,64,0.8296901270302965,13,77
BV08TR_0229,65,0.8271943689371368,12,77
BV08TR_0229,66,0.8247304881568384,11,77
BV08TR_0229,67,0.8222669139890755,10,77
BV08TR_0229,68,0.8199036721392131,9,77
BV08TR_0229,69,0.81738371949049,8,77
BV08TR_0229,70,0.8149381547391809,7,77
BV08TR_0229,71,0.8125087016171905,6,77
BV08TR_0229,72,0.8100157926293645,5,77
BV08TR_0229,73,0.8075543453762527,4,77
BV08TR_0229,74,0.8050057506582085,3,77
BV08TR_0229,75,0.8024036609045513,2,77
BV08TR_0229,76,0.8000737635154691,1,77
BV08TR_0229,77,0.7974883101832156,0,77
BV08TR_0230,0,0.995642736088554,65,65
BV08TR_0230,1,0.9924601981848552,64,65
BV08TR_0230,2,0.9895088336645994,63,65
BV08TR_0230,3,0.98646574353104,62,65
BV08TR_0230,4,0.9833650321680572,61,65
BV08TR_0230,5,0.9803253465809214,60,65
BV08TR_0230,6,0.9772594048732967,59,65
BV08TR_0230,7,0.974355941869996,58,65
BV08TR_0230,8,0.9714867304895034,57,65
BV08TR_0230,9,0.9684516614993132,56,65
BV08TR_0230,10,0.9653767092622352,55,65
BV08TR_0230,11,0.9623964725750972,54,65
BV08TR_0230,12,0.959313062465334,53,65
BV08TR_0230,13,0.9564300513773166,52,65
BV08TR_0230,14,0.953496584136223,51,65
BV08TR_0230,15,0.9505485889068624,50,65
BV08TR_0230,16,0.947618013221026,49,65
BV08TR_0230,17,0.9445506707972278,48,65
BV08TR_0230,18,0.9416903508845452,47,65
BV08TR_0230,19,0.938881871574328,46,65
BV08TR_0230,20,0.9359016337184044,45,65
BV08TR_0230,21,0.9330190381747498,44,65
BV08TR_0230,22,0.9301234259155494,43,65
BV08TR_0230,23,0.9271574889776264,42,65
BV08TR_0230,24,0.9240871123057228,41,65
BV08TR_0230,25,0.9211960594470164,40,65
BV08TR_0230,26,0.9182507377327926,39,65
BV08TR_0230,27,0.9152855886879632,38,65
BV08TR_0230,28,0.9123442703430308,37,65
BV08TR_0230,29,0.9094564068639722,36,65
BV08TR_0230,30,0.9065857294526368,35,65
BV08TR_0230,31,0.9037162619736264,34,65
BV08TR_0230,32,0.900937728262234,33,65
BV08TR_0230,33,0.897981123271381,32,65
BV08TR_0230,34,0.8949711281597788,31,65
BV08TR_0230,35,0.8919414053565451,30,65
BV08TR_0230,36,0.8888912665696362,29,65
BV08TR_0230,37,0.8858553137955715,28,65
BV08TR_0230,38,0.8827167102046961,27,65
BV08TR_0230,39,0.8796957584954584,26,65
BV08TR_0230,40,0.8766953875432165,25,65
BV08TR_0230,41,0.8736446471601194,24,65
BV08TR_0230,42,0.8705185116957835,23,65
BV08TR_0230,43,0.8674148368848722,22,65
BV08TR_0230,44,0.8643077227200767,21,65
BV08TR_0230,45,0.861298838521149,20,65
BV08TR_0230,46,0.858194442022104,19,65
BV08TR_0230,47,0.8550269967018777,18,65
BV08TR_0230,48,0.8519010602060944,17,65
BV08TR_0230,49,0.8489375834396684,16,65
BV08TR_0230,50,0.84594151520881,15,65
BV08TR_0230,51,0.8428976372102126,14,65
BV08TR_0230,52,0.8398652664451516,13,65
BV08TR_0230,53,0.836719380425632,12,65
BV08TR_0230,54,0.8336320550334494,11,65
BV08TR_0230,55,0.8304825733823415,10,65
BV08TR_0230,56,0.8274502463001256,9,65
BV08TR_0230,57,0.8242993032600714,8,65
BV08TR_0230,58,0.8212086729534385,7,65
BV08TR_0230,59,0.8180637156584011,6,65
BV08TR_0230,60,0.8150148383364946,5,65
BV08TR_0230,61,0.8119095344027748,4,65
BV08TR_0230,62,0.8088636204732491,3,65
BV08TR_0230,63,0.805803366175794,2,65
BV08TR_0230,64,0.8028383258319375,1,65
BV08TR_0230,65,0.7998195126038361,0,65
BV08TR_0231,0,1.0417144843910682,92,92
BV08TR_0231,1,1.0389423085521992,91,92
BV08TR_0231,2,1.0362302942603705,90,92
BV08TR_0231,3,1.0335927612207154,89,92
BV08TR_0231,4,1.0308997154694421,88,92
BV08TR_0231,5,1.028329542089993,87,92
BV08TR_0231,6,1.0257107557016325,86,92
BV08TR_0231,7,1.0229356829678282,85,92
BV08TR_0231,8,1.020283215997376,84,92
BV08TR_0231,9,1.017629115342776,83,92
BV08TR_0231,10,1.0151230683513488,82,92
BV08TR_0231,11,1.0124103413433967,81,92
BV08TR_0231,12,1.0097921649367019,80,92
BV08TR_0231,13,1.0071662774559829,79,92
BV08TR_0231,14,1.0045401157254583,78,92
BV08TR_0231,15,1.0019735207223133,77,92
BV08TR_0231,16,0.999395635177308,76,92
BV08TR_0231,17,0.9967633092785544,75,92
BV08TR_0231,18,0.9941615359664614,74,92
BV08TR_0231,19,0.9915654515401477,73,92
BV08TR_0231,20,0.9890231288777075,72,92
BV08TR_0231,21,0.9865949275248775,71,92
BV08TR_0231,22,0.9839381059051105,70,92
BV08TR_0231,23,0.9813935111708895,69,92
BV08TR_0231,24,0.978883049412854,68,92
BV08TR_0231,25,0.9762328209630644,67,92
BV08TR_0231,26,0.973584778373578,66,92
BV08TR_0231,27,0.970964003811017,65,92
BV08TR_0231,28,0.9684678018691428,64,92
BV08TR_0231,29,0.9659127843278414,63,92
BV08TR_0231,30,0.9632737926461606,62,92
BV08TR_0231,31,0.9606264068091293,61,92
BV08TR_0231,32,0.9581567733581298,60,92
BV08TR_0231,33,0.9554931538948148,59,92
BV08TR_0231,34,0.9528718718991598,58,92
BV08TR_0231,35,0.9503257971946234,57,92
BV08TR_0231,36,0.9476888046609248,56,92
BV08TR_0231,37,0.9450919864176488,55,92
BV08TR_0231,38,0.9424734330626968,54,92
BV08TR_0231,39,0.9399436024371264,53,92
BV08TR_0231,40,0.9373513612989584,52,92
BV08TR_0231,41,0.9347841133732882,51,92
BV08TR_0231,42,0.932246223538632,50,92
BV08TR_0231,43,0.9297071965582238,49,92
BV08TR_0231,44,0.9271589188121921,48,92
BV08TR_0231,45,0.9245303436865367,47,92
BV08TR_0231,46,0.9218817037645122,46,92
BV08TR_0231,47,0.9192819057772224,45,92
BV08TR_0231,48,0.9167431814693444,44,92
BV08TR_0231,49,0.9141615672922958,43,92
BV08TR_0231,50,0.9114705464406562,42,92
BV08TR_0231,51,0.9089220704578806,41,92
BV08TR_0231,52,0.9063117654315332,40,92
BV08TR_0231,53,0.9036107394999165,39,92
BV08TR_0231,54,0.9009953089195126,38,92
BV08TR_0231,55,0.8983679182202154,37,92
BV08TR_0231,56,0.895808259951633,36,92
BV08TR_0231,57,0.8930186676681277,35,92
BV08TR_0231,58,0.8903590727357916,34,92
BV08TR_0231,59,0.8876458792706121,33,92
BV08TR_0231,60,0.8848953183123641,32,92
BV08TR_0231,61,0.8821921594562868,31,92
BV08TR_0231,62,0.8794885975182547,30,92
BV08TR_0231,63,0.8767471224969966,29,92
BV08TR_0231,64,0.8740636850870953,28,92
BV08TR_0231,65,0.8713880642202828,27,92
BV08TR_0231,66,0.868737856090623,26,92
BV08TR_0231,67,0.8660948466466855,25,92
BV08TR_0231,68,0.8634895615561808,24,92
BV08TR_0231,69,0.8607013887178282,23,92
BV08TR_0231,70,0.8579060639860748,22,92
BV08TR_0231,71,0.8553086185127244,21,92
BV08TR_0231,72,0.8526379574044638,20,92
BV08TR_0231,73,0.8498959604354644,19,92
BV08TR_0231,74,0.8471962237792492,18,92
BV08TR_0231,75,0.8445843836104874,17,92
BV08TR_0231,76,0.8419094269048022,16,92
BV08TR_0231,77,0.839182730502446,15,92
BV08TR_0231,78,0.8365201551974862,14,92
BV08TR_0231,79,0.8339089119625549,13,92
BV08TR_0231,80,0.8311941900056088,12,92
BV08TR_0231,81,0.8285114988590626,11,92
BV08TR_0231,82,0.8258413235423108,10,92
BV08TR_0231,83,0.8231829557977094,9,92
BV08TR_0231,84,0.820556854073502,8,92
BV08TR_0231,85,0.8179243197483165,7,92
BV08TR_0231,86,0.8153639051762475,6,92
BV08TR_0231,87,0.8127097566333162,5,92
BV08TR_0231,88,0.8101172033476294,4,92
BV08TR_0231,89,0.807390175458164,3,92
BV08TR_0231,90,0.8049096047847862,2,92
BV08TR_0231,91,0.8023244678570354,1,92
BV08TR_0231,92,0.7997211436033956,0,92
BV08TR_0232,0,0.9853507310211206,71,71
BV08TR_0232,1,0.9826465536786084,70,71
BV08TR_0232,2,0.9800041235141708,69,71
BV08TR_0232,3,0.977347188484262,68,71
BV08TR_0232,4,0.9747212759702935,67,71
BV08TR_0232,5,0.9720950953767268,66,71
BV08TR_0232,6,0.9694367120413993,65,71
BV08TR_0232,7,0.9667621665104754,64,71
BV08TR_0232,8,0.964147892900138,63,71
BV08TR_0232,9,0.9614756621739088,62,71
BV08TR_0232,10,0.9587710071870288,61,71
BV08TR_0232,11,0.9560716683722452,60,71
BV08TR_0232,12,0.9534364657459372,59,71
BV08TR_0232,13,0.9507982412758326,58,71
BV08TR_0232,14,0.9483098457912692,57,71
BV08TR_0232,15,0.9457853952878642,56,71
BV08TR_0232,16,0.9432657888845928,55,71
BV08TR_0232,17,0.9406234123967158,54,71
BV08TR_0232,18,0.9381695264255397,53,71
BV08TR_0232,19,0.935467846224026,52,71
BV08TR_0232,20,0.9329146422811244,51,71
BV08TR_0232,21,0.930222908672639,50,71
BV08TR_0232,22,0.9276716781011124,49,71
BV08TR_0232,23,0.9251497230574794,48,71
BV08TR_0232,24,0.9226091708681446,47,71
BV08TR_0232,25,0.9200395036272452,46,71
BV08TR_0232,26,0.9174609935640986,45,71
BV08TR_0232,27,0.9147570954475794,44,71
BV08TR_0232,28,0.912152019092906,43,71
BV08TR_0232,29,0.909453009750776,42,71
BV08TR_0232,30,0.9068122973585107,41,71
BV08TR_0232,31,0.9043153433929794,40,71
BV08TR_0232,32,0.9017744917558767,39,71
BV08TR_0232,33,0.8991388903979826,38,71
BV08TR_0232,34,0.8964688850356768,37,71
BV08TR_0232,35,0.8938457134373252,36,71
BV08TR_0232,36,0.8913154213603602,35,71
BV08TR_0232,37,0.888712220255069,34,71
BV08TR_0232,38,0.8859841544464152,33,71
BV08TR_0232,39,0.8834501737852416,32,71
BV08TR_0232,40,0.880836521377719,31,71
BV08TR_0232,41,0.8781325083062995,30,71
BV08TR_0232,42,0.8755260081414163,29,71
BV08TR_0232,43,0.8728463170637746,28,71
BV08TR_0232,44,0.8701723246871421,27,71
BV08TR_0232,45,0.8675863400489423,26,71
BV08TR_0232,46,0.8649858646443814,25,71
BV08TR_0232,47,0.8622632358222413,24,71
BV08TR_0232,48,0.8595353699950852,23,71
BV08TR_0232,49,0.856801927488547,22,71
BV08TR_0232,50,0.8541229669884592,21,71
BV08TR_0232,51,0.8514715087186192,20,71
BV08TR_0232,52,0.8487972145085402,19,71
BV08TR_0232,53,0.8461331016782742,18,71
BV08TR_0232,54,0.8434093324686756,17,71
BV08TR_0232,55,0.8407580502123732,16,71
BV08TR_0232,56,0.8380499070031836,15,71
BV08TR_0232,57,0.8353196966075332,14,71
BV08TR_0232,58,0.8326308999157032,13,71
BV08TR_0232,59,0.8299272013767158,12,71
BV08TR_0232,60,0.8271877457977477,11,71
BV08TR_0232,61,0.8245435590927515,10,71
BV08TR_0232,62,0.8218342264954333,9,71
BV08TR_0232,63,0.8191328901548609,8,71
BV08TR_0232,64,0.8163684288994977,7,71
BV08TR_0232,65,0.8137396812791649,6,71
BV08TR_0232,66,0.8109707391286558,5,71
BV08TR_0232,67,0.8083124284517336,4,71
BV08TR_0232,68,0.8057082120198984,3,71
BV08TR_0232,69,0.8030630550804226,2,71
BV08TR_0232,70,0.8003089458329912,1,71
BV08TR_0232,71,0.7975682916030656,0,71
BV08TR_0233,0,1.0170984231471005,85,85
BV08TR_0233,1,1.0144180593078784,84,85
BV08TR_0233,2,1.0117922083394515,83,85
BV08TR_0233,3,1.009265842438717,82,85
BV08TR_0233,4,1.0066718050730594,81,85
BV08TR_0233,5,1.0041472786993773,80,85
BV08TR_0233,6,1.0016631664152766,79,85
BV08TR_0233,7,0.9991030287081514,78,85
BV08TR_0233,8,0.996557867033782,77,85
BV08TR_0233,9,0.9940137835764316,76,85
BV08TR_0233,10,0.9915934174065396,75,85
BV08TR_0233,11,0.989111698214724,74,85
BV08TR_0233,12,0.9865716800174777,73,85
BV08TR_0233,13,0.984141514443011,72,85
BV08TR_0233,14,0.9816843659061902,71,85
BV08TR_0233,15,0.97908633373592,70,85
BV08TR_0233,16,0.9765975021292772,69,85
BV08TR_0233,17,0.9739485517485458,68,85
BV08TR_0233,18,0.971447375053408,67,85
BV08TR_0233,19,0.9688510728455275,66,85
BV08TR_0233,20,0.9662071856897084,65,85
BV08TR_0233,21,0.9636790258374098,64,85
BV08TR_0233,22,0.9611663380776724,63,85
BV08TR_0233,23,0.9586057687387606,62,85
BV08TR_0233,24,0.9560253145151886,61,85
BV08TR_0233,25,0.9533776758818464,60,85
BV08TR_0233,26,0.9509453824006417,59,85
BV08TR_0233,27,0.9484339895321355,58,85
BV08TR_0233,28,0.9457776514002032,57,85
BV08TR_0233,29,0.94328698368356,56,85
BV08TR_0233,30,0.9407180485477332,55,85
BV08TR_0233,31,0.9381554519938136,54,85
BV08TR_0233,32,0.9355869496921801,53,85
BV08TR_0233,33,0.9329703510173224,52,85
BV08TR_0233,34,0.930257057921723,51,85
BV08TR_0233,35,0.9275848623754785,50,85
BV08TR_0233,36,0.9249159372786084,49,85
BV08TR_0233,37,0.922241654017888,48,85
BV08TR_0233,38,0.9195718777490054,47,85
BV08TR_0233,39,0.9170122594220672,46,85
BV08TR_0233,40,0.9142895249491365,45,85
BV08TR_0233,41,0.9117330158578244,44,85
BV08TR_0233,42,0.9091078322918285,43,85
BV08TR_0233,43,0.90645895684666,42,85
BV08TR_0233,44,0.9038013559163844,41,85
BV08TR_0233,45,0.9011664817752671,40,85
BV08TR_0233,46,0.8984200271140595,39,85
BV08TR_0233,47,0.8958497313891548,38,85
BV08TR_0233,48,0.8932358665399672,37,85
BV08TR_0233,49,0.890564956704724,36,85
BV08TR_0233,50,0.8878582961680026,35,85
BV08TR_0233,51,0.885176301626146,34,85
BV08TR_0233,52,0.882568576779692,33,85
BV08TR_0233,53,0.8801623901569658,32,85
BV08TR_0233,54,0.8775254501200355,31,85
BV08TR_0233,55,0.8749215738945443,30,85
BV08TR_0233,56,0.8722329865915898,29,85
BV08TR_0233,57,0.8695684767161609,28,85
BV08TR_0233,58,0.8668954068736623,27,85
BV08TR_0233,59,0.8642658475271325,26,85
BV08TR_0233,60,0.8616977740912652,25,85
BV08TR_0233,61,0.8592086892168681,24,85
BV08TR_0233,62,0.8565070991161284,23,85
BV08TR_0233,63,0.853955329856091,22,85
BV08TR_0233,64,0.8513271741241522,21,85
BV08TR_0233,65,0.8487023553929108,20,85
BV08TR_0233,66,0.8460775150371704,19,85
BV08TR_0233,67,0.8435642393972462,18,85
BV08TR_0233,68,0.8409376719239848,17,85
BV08TR_0233,69,0.8383372918916424,16,85
BV08TR_0233,70,0.8359135529556303,15,85
BV08TR_0233,71,0.8334961281858385,14,85
BV08TR_0233,72,0.8309649426740523,13,85
BV08TR_0233,73,0.8283553814428448,12,85
BV08TR_0233,74,0.8257978461453467,11,85
BV08TR_0233,75,0.8231972145422327,10,85
BV08TR_0233,76,0.8205671480500119,9,85
BV08TR_0233,77,0.8181232949405806,8,85
BV08TR_0233,78,0.8155571428144412,7,85
BV08TR_0233,79,0.812984507162189,6,85
BV08TR_0233,80,0.8104700933817042,5,85
BV08TR_0233,81,0.8079627514507921,4,85
BV08TR_0233,82,0.8054397429670698,3,85
BV08TR_0233,83,0.8029823194863435,2,85
BV08TR_0233,84,0.8004407051280833,1,85
BV08TR_0233,85,0.7978803513829595,0,85
BV08TR_0234,0,1.017940400157415,94,94
BV08TR_0234,1,1.015892931616159,93,94
BV08TR_0234,2,1.0138198962633065,92,94
BV08TR_0234,3,1.011795454641094,91,94
BV08TR_0234,4,1.0096283464146791,90,94
BV08TR_0234,5,1.0074413767435295,89,94
BV08TR_0234,6,1.005271796256206,88,94
BV08TR_0234,7,1.0031732157129536,87,94
BV08TR_0234,8,1.001048226277767,86,94
BV08TR_0234,9,0.9989389339575492,85,94
BV08TR_0234,10,0.996820499992464,84,94
BV08TR_0234,11,0.9948495888610118,83,94
BV08TR_0234,12,0.9927420108125584,82,94
BV08TR_0234,13,0.9905335822302203,81,94
BV08TR_0234,14,0.9884062341560358,80,94
BV08TR_0234,15,0.9861880892585132,79,94
BV08TR_0234,16,0.984070724922619,78,94
BV08TR_0234,17,0.9819117263073865,77,94
BV08TR_0234,18,0.9798109542316183,76,94
BV08TR_0234,19,0.9777041403659879,75,94
BV08TR_0234,20,0.9755600831517202,74,94
BV08TR_0234,21,0.9734449439259074,73,94
BV08TR_0234,22,0.971447275281888,72,94
BV08TR_0234,23,0.969276643995227,71,94
BV08TR_0234,24,0.9671675169187652,70,94
BV08TR_0234,25,0.9650522749725298,69,94
BV08TR_0234,26,0.9629818055930152,68,94
BV08TR_0234,27,0.9609027460616982,67,94
BV08TR_0234,28,0.9588430657855732,66,94
BV08TR_0234,29,0.9567382684503084,65,94
BV08TR_0234,30,0.9545994434340128,64,94
BV08TR_0234,31,0.9525036156367844,63,94
BV08TR_0234,32,0.9504403659712533,62,94
BV08TR_0234,33,0.9483657704771778,61,94
BV08TR_0234,34,0.946370717408422,60,94
BV08TR_0234,35,0.9442812753637132,59,94
BV08TR_0234,36,0.94232511315385,58,94
BV08TR_0234,37,0.9403961034322375,57,94
BV08TR_0234,38,0.9384396646585506,56,94
BV08TR_0234,39,0.9364722142895758,55,94
BV08TR_0234,40,0.934469583265427,54,94
BV08TR_0234,41,0.9324601709469038,53,94
BV08TR_0234,42,0.9304638559036053,52,94
BV08TR_0234,43,0.9284072365699962,51,94
BV08TR_0234,44,0.926481094905952,50,94
BV08TR_0234,45,0.924430802345185,49,94
BV08TR_0234,46,0.9224722950021282,48,94
BV08TR_0234,47,0.9204798725828652,47,94
BV08TR_0234,48,0.9184077845137582,46,94
BV08TR_0234,49,0.9164208860959032,45,94
BV08TR_0234,50,0.9143767096373604,44,94
BV08TR_0234,51,0.912413655872544,43,94
BV08TR_0234,52,0.9104191915688752,42,94
BV08TR_0234,53,0.9083719096216635,41,94
BV08TR_0234,54,0.906354057941298,40,94
BV08TR_0234,55,0.9042722638772412,39,94
BV08TR_0234,56,0.9022185651810478,38,94
BV08TR_0234,57,0.9001389944574703,37,94
BV08TR_0234,58,0.8981509234916074,36,94
BV08TR_0234,59,0.8961653745816496,35,94
BV08TR_0234,60,0.8941222102961862,34,94
BV08TR_0234,61,0.891994509014107,33,94
BV08TR_0234,62,0.8900255890632429,32,94
BV08TR_0234,63,0.8880699187318878,31,94
BV08TR_0234,64,0.8860109700256315,30,94
BV08TR_0234,65,0.8839708061686404,29,94
BV08TR_0234,66,0.8819247954445139,28,94
BV08TR_0234,67,0.8799294730645925,27,94
BV08TR_0234,68,0.8777763671697713,26,94
BV08TR_0234,69,0.8756808285486432,25,94
BV08TR_0234,70,0.873553798171936,24,94
BV08TR_0234,71,0.8715481452546074,23,94
BV08TR_0234,72,0.8682812700512097,22,94
BV08TR_0234,73,0.865077915770842,21,94
BV08TR_0234,74,0.8617972837770391,20,94
BV08TR_0234,75,0.8585885521181724,19,94
BV08TR_0234,76,0.8551941387126604,18,94
BV08TR_0234,77,0.8519574217517315,17,94
BV08TR_0234,78,0.8487480239933579,16,94
BV08TR_0234,79,0.8455773824747355,15,94
BV08TR_0234,80,0.8424165480489638,14,94
BV08TR_0234,81,0.8391119577037286,13,94
BV08TR_0234,82,0.8358117713101375,12,94
BV08TR_0234,83,0.8325716563094495,11,94
BV08TR_0234,84,0.8293735494227767,10,94
BV08TR_0234,85,0.8261239971746334,9,94
BV08TR_0234,86,0.8230071672859894,8,94
BV08TR_0234,87,0.8198134379628169,7,94
BV08TR_0234,88,0.8167636221767172,6,94
BV08TR_0234,89,0.8135445417349636,5,94
BV08TR_0234,90,0.8104430158548968,4,94
BV08TR_0234,91,0.8072843809090807,3,94
BV08TR_0234,92,0.8040904597052068,2,94
BV08TR_0234,93,0.8006876824934298,1,94
BV08TR_0234,94,0.7975496557755467,0,94
BV08TR_0235,0,1.0310501529261793,70,70
BV08TR_0235,1,1.0280199413826754,69,70
BV08TR_0235,2,1.0248358300233582,68,70
BV08TR_0235,3,1.021762364791469,67,70
BV08TR_0235,4,1.0187818014759327,66,70
BV08TR_0235,5,1.0157417844057766,65,70
BV08TR_0235,6,1.0127308759145703,64,70
BV08TR_0235,7,1.0096488725101043,63,70
BV08TR_0235,8,1.0067305800798936,62,70
BV08TR_0235,9,1.0037427741740743,61,70
BV08TR_0235,10,1.0008277906927725,60,70
BV08TR_0235,11,0.9979381431985614,59,70
BV08TR_0235,12,0.9948909220489498,58,70
BV08TR_0235,13,0.9919261445422456,57,70
BV08TR_0235,14,0.988945259309409,56,70
BV08TR_0235,15,0.986035386285654,55,70
BV08TR_0235,16,0.9830208535890866,54,70
BV08TR_0235,17,0.9800904032015721,53,70
BV08TR_0235,18,0.9772351656572222,52,70
BV08TR_0235,19,0.9743816310465993,51,70
BV08TR_0235,20,0.9715726626279972,50,70
BV08TR_0235,21,0.9685718993409104,49,70
BV08TR_0235,22,0.9655974807543065,48,70
BV08TR_0235,23,0.962780948645544,47,70
BV08TR_0235,24,0.9599212452824928,46,70
BV08TR_0235,25,0.9568470097425056,45,70
BV08TR_0235,26,0.9538753486701186,44,70
BV08TR_0235,27,0.950933316969288,43,70
BV08TR_0235,28,0.9478991654127606,42,70
BV08TR_0235,29,0.9450427957322468,41,70
BV08TR_0235,30,0.9421454552128832,40,70
BV08TR_0235,31,0.9392506341062308,39,70
BV08TR_0235,32,0.9362650594751584,38,70
BV08TR_0235,33,0.9332729327934965,37,70
BV08TR_0235,34,0.9302535976901644,36,70
BV08TR_0235,35,0.9274138293564095,35,70
BV08TR_0235,36,0.9244262863583937,34,70
BV08TR_0235,37,0.921459683854461,33,70
BV08TR_0235,38,0.9185119061414851,32,70
BV08TR_0235,39,0.9155184277189916,31,70
BV08TR_0235,40,0.912634736811656,30,70
BV08TR_0235,41,0.9096917549385465,29,70
BV08TR_0235,42,0.906854707800728,28,70
BV08TR_0235,43,0.9040397919529441,27,70
BV08TR_0235,44,0.9010413364219785,26,70
BV08TR_0235,45,0.8981224962132025,25,70
BV08TR_0235,46,0.8951393032090778,24,70
BV08TR_0235,47,0.8921234720119438,23,70
BV08TR_0235,48,0.8892145862392216,22,70
BV08TR_0235,49,0.8861493708967667,21,70
BV08TR_0235,50,0.8819851372916218,20,70
BV08TR_0235,51,0.8777245176510337,19,70
BV08TR_0235,52,0.873503364909273,18,70
BV08TR_0235,53,0.8693055873504472,17,70
BV08TR_0235,54,0.8650246574894895,16,70
BV08TR_0235,55,0.861019568793937,15,70
BV08TR_0235,56,0.8567267581770426,14,70
BV08TR_0235,57,0.8524686343552099,13,70
BV08TR_0235,58,0.8482241797042567,12,70
BV08TR_0235,59,0.8438478526328925,11,70
BV08TR_0235,60,0.8395614741638782,10,70
BV08TR_0235,61,0.835347708110096,9,70
BV08TR_0235,62,0.831221307149025,8,70
BV08TR_0235,63,0.8270609552627921,7,70
BV08TR_0235,64,0.8227923452089438,6,70
BV08TR_0235,65,0.8187442130740072,5,70
BV08TR_0235,66,0.8143980030492922,4,70
BV08TR_0235,67,0.8100863947900886,3,70
BV08TR_0235,68,0.8056798774616323,2,70
BV08TR_0235,69,0.8014073860372589,1,70
BV08TR_0235,70,0.7972524395655836,0,70
BV08TR_0236,0,1.0271372679460284,77,77
BV08TR_0236,1,1.0244845124511393,76,77
BV08TR_0236,2,1.021727223774358,75,77
BV08TR_0236,3,1.018966468643899,74,77
BV08TR_0236,4,1.0162148383588179,73,77
BV08TR_0236,5,1.0134741241876448,72,77
BV08TR_0236,6,1.0106565921921695,71,77
BV08TR_0236,7,1.0080517654765473,70,77
BV08TR_0236,8,1.0053315089129364,69,77
BV08TR_0236,9,1.002524504812095,68,77
BV08TR_0236,10,0.9998532225722205,67,77
BV08TR_0236,11,0.9969866663471175,66,77
BV08TR_0236,12,0.9942611266431604,65,77
BV08TR_0236,13,0.9914943499491212,64,77
BV08TR_0236,14,0.988687616423423,63,77
BV08TR_0236,15,0.9858237119714967,62,77
BV08TR_0236,16,0.983060125550418,61,77
BV08TR_0236,17,0.9802482200340004,60,77
BV08TR_0236,18,0.9774773333829244,59,77
BV08TR_0236,19,0.9746903153937808,58,77
BV08TR_0236,20,0.971905108067847,57,77
BV08TR_0236,21,0.969005651211162,56,77
BV08TR_0236,22,0.9662343460154128,55,77
BV08TR_0236,23,0.9635357828258104,54,77
BV08TR_0236,24,0.960681747572592,53,77
BV08TR_0236,25,0.9577966933537612,52,77
BV08TR_0236,26,0.9549226835711916,51,77
BV08TR_0236,27,0.9521076275400852,50,77
BV08TR_0236,28,0.9493869780661244,49,77
BV08TR_0236,29,0.9466752831824264,48,77
BV08TR_0236,30,0.9437885915321526,47,77
BV08TR_0236,31,0.9408065220720682,46,77
BV08TR_0236,32,0.937972764743988,45,77
BV08TR_0236,33,0.9351019949660868,44,77
BV08TR_0236,34,0.932244134714704,43,77
BV08TR_0236,35,0.9292891953627228,42,77
BV08TR_0236,36,0.926326178012354,41,77
BV08TR_0236,37,0.92340647059471,40,77
BV08TR_0236,38,0.9205563321407992,39,77
BV08TR_0236,39,0.917573274657485,38,77
BV08TR_0236,40,0.9146879874697275,37,77
BV08TR_0236,41,0.9117984782930962,36,77
BV08TR_0236,42,0.9089207843194448,35,77
BV08TR_0236,43,0.9061113176094804,34,77
BV08TR_0236,44,0.9031997881093518,33,77
BV08TR_0236,45,0.9004053175293836,32,77
BV08TR_0236,46,0.8974784275132237,31,77
BV08TR_0236,47,0.89463273540464,30,77
BV08TR_0236,48,0.8918272974319107,29,77
BV08TR_0236,49,0.8890022100791158,28,77
BV08TR_0236,50,0.8861005322028656,27,77
BV08TR_0236,51,0.8832639894419805,26,77
BV08TR_0236,52,0.8803723809519542,25,77
BV08TR_0236,53,0.8775420720602226,24,77
BV08TR_0236,54,0.8748442282341561,23,77
BV08TR_0236,55,0.871364478324043,22,77
BV08TR_0236,56,0.8679523709476177,21,77
BV08TR_0236,57,0.864495455482065,20,77
BV08TR_0236,58,0.861114863446158,19,77
BV08TR_0236,59,0.8577671223468772,18,77
BV08TR_0236,60,0.8542590332383624,17,77
BV08TR_0236,61,0.8509400141501738,16,77
BV08TR_0236,62,0.847523134105262,15,77
BV08TR_0236,63,0.8441604999682676,14,77
BV08TR_0236,64,0.8406855704203624,13,77
BV08TR_0236,65,0.8372300866350236,12,77
BV08TR_0236,66,0.8338312282186995,11,77
BV08TR_0236,67,0.8305857893521426,10,77
BV08TR_0236,68,0.8272281821729998,9,77
BV08TR_0236,69,0.8239516598092163,8,77
BV08TR_0236,70,0.8205189502658136,7,77
BV08TR_0236,71,0.8172008359635431,6,77
BV08TR_0236,72,0.8137887884444664,5,77
BV08TR_0236,73,0.8104252394766047,4,77
BV08TR_0236,74,0.8070121672279572,3,77
BV08TR_0236,75,0.8036355762240202,2,77
BV08TR_0236,76,0.8003166646878987,1,77
BV08TR_0236,77,0.7968772676772915,0,77
BV08TR_0237,0,1.0468548599304444,73,73
BV08TR_0237,1,1.0438354030206989,72,73
BV08TR_0237,2,1.0407793944707795,71,73
BV08TR_0237,3,1.037789456693159,70,73
BV08TR_0237,4,1.0347729003416701,69,73
BV08TR_0237,5,1.031668662272506,68,73
BV08TR_0237,6,1.028753025509542,67,73
BV08TR_0237,7,1.0256124503135566,66,73
BV08TR_0237,8,1.0226336670334766,65,73
BV08TR_0237,9,1.019608913385074,64,73
BV08TR_0237,10,1.0165246835972626,63,73
BV08TR_0237,11,1.013622456655842,62,73
BV08TR_0237,12,1.0105672363063125,61,73
BV08TR_0237,13,1.0074560024984434,60,73
BV08TR_0237,14,1.0043616494975565,59,73
BV08TR_0237,15,1.0013129130663352,58,73
BV08TR_0237,16,0.9982186162452727,57,73
BV08TR_0237,17,0.9950107279114732,56,73
BV08TR_0237,18,0.9919980689704956,55,73
BV08TR_0237,19,0.988903677694186,54,73
BV08TR_0237,20,0.9857297037650188,53,73
BV08TR_0237,21,0.9826404062841938,52,73
BV08TR_0237,22,0.9795071518126154,51,73
BV08TR_0237,23,0.97640990588554,50,73
BV08TR_0237,24,0.973390015281822,49,73
BV08TR_0237,25,0.97022704778069,48,73
BV08TR_0237,26,0.9670278607827528,47,73
BV08TR_0237,27,0.9637277443015821,46,73
BV08TR_0237,28,0.9606047273938078,45,73
BV08TR_0237,29,0.957456372175181,44,73
BV08TR_0237,30,0.9543075637331292,43,73
BV08TR_0237,31,0.9510419212886014,42,73
BV08TR_0237,32,0.947900760073477,41,73
BV08TR_0237,33,0.944676689890797,40,73
BV08TR_0237,34,0.941434016995789,39,73
BV08TR_0237,35,0.9382838002057418,38,73
BV08TR_0237,36,0.9350012911886205,37,73
BV08TR_0237,37,0.9319068810429028,36,73
BV08TR_0237,38,0.9286933800292354,35,73
BV08TR_0237,39,0.9253652258358682,34,73
BV08TR_0237,40,0.922162045073036,33,73
BV08TR_0237,41,0.9188911062372735,32,73
BV08TR_0237,42,0.9157459070707328,31,73
BV08TR_0237,43,0.9126521541019542,30,73
BV08TR_0237,44,0.9095750922719025,29,73
BV08TR_0237,45,0.9065042839329474,28,73
BV08TR_0237,46,0.9033301428249634,27,73
BV08TR_0237,47,0.9001617293962074,26,73
BV08TR_0237,48,0.8971681294646315,25,73
BV08TR_0237,49,0.894003617331698,24,73
BV08TR_0237,50,0.8909664555636326,23,73
BV08TR_0237,51,0.887835626002204,22,73
BV08TR_0237,52,0.8845964008231221,21,73
BV08TR_0237,53,0.880335886364135,20,73
BV08TR_0237,54,0.8761112144944688,19,73
BV08TR_0237,55,0.8717619107365505,18,73
BV08TR_0237,56,0.8674343612884126,17,73
BV08TR_0237,57,0.8631959845681718,16,73
BV08TR_0237,58,0.8587673084579784,15,73
BV08TR_0237,59,0.8545228245137935,14,73
BV08TR_0237,60,0.8503485171960226,13,73
BV08TR_0237,61,0.8460107105443425,12,73
BV08TR_0237,62,0.8419894586997912,11,73
BV08TR_0237,63,0.837887244565446,10,73
BV08TR_0237,64,0.8337229234141252,9,73
BV08TR_0237,65,0.8296272656959022,8,73
BV08TR_0237,66,0.8253318094001102,7,73
BV08TR_0237,67,0.8211486990295211,6,73
BV08TR_0237,68,0.8170454581168934,5,73
BV08TR_0237,69,0.8127750228191017,4,73
BV08TR_0237,70,0.8087132504583006,3,73
BV08TR_0237,71,0.804621036556785,2,73
BV08TR_0237,72,0.8004578787558005,1,73
BV08TR_0237,73,0.79650053402272,0,73
BV08TR_0238,0,1.0392265233112112,111,111
BV08TR_0238,1,1.0369821843783609,110,111
BV08TR_0238,2,1.034772259693226,109,111
BV08TR_0238,3,1.0325489133452515,108,111
BV08TR_0238,4,1.030360897307928,107,111
BV08TR_0238,5,1.0281439630043523,106,111
BV08TR_0238,6,1.025867306695755,105,111
BV08TR_0238,7,1.0238010717883064,104,111
BV08TR_0238,8,1.0216644665824768,103,111
BV08TR_0238,9,1.0194738751892503,102,111
BV08TR_0238,10,1.0171903370075879,101,111
BV08TR_0238,11,1.0150336359570686,100,111
BV08TR_0238,12,1.0129235026238823,99,111
BV08TR_0238,13,1.0108232027857518,98,111
BV08TR_0238,14,1.0087408047606379,97,111
BV08TR_0238,15,1.0065178212289703,96,111
BV08TR_0238,16,1.004405262220985,95,111
BV08TR_0238,17,1.002303398731291,94,111
BV08TR_0238,18,1.0002019909810302,93,111
BV08TR_0238,19,0.9980921965435228,92,111
BV08TR_0238,20,0.9959920575354038,91,111
BV08TR_0238,21,0.9938261263046384,90,111
BV08TR_0238,22,0.9917472891157972,89,111
BV08TR_0238,23,0.9896080345941596,88,111
BV08TR_0238,24,0.9874043957265738,87,111
BV08TR_0238,25,0.985252805524301,86,111
BV08TR_0238,26,0.9831862699382038,85,111
BV08TR_0238,27,0.981028613432437,84,111
BV08TR_0238,28,0.9788917780181724,83,111
BV08TR_0238,29,0.9768712265774486,82,111
BV08TR_0238,30,0.9746932344257545,81,111
BV08TR_0238,31,0.972485331520275,80,111
BV08TR_0238,32,0.970392397921735,79,111
BV08TR_0238,33,0.9682358250646952,78,111
BV08TR_0238,34,0.9660288775181998,77,111
BV08TR_0238,35,0.9639097029443386,76,111
BV08TR_0238,36,0.961719815096649,75,111
BV08TR_0238,37,0.959590061294242,74,111
BV08TR_0238,38,0.9574187404351397,73,111
BV08TR_0238,39,0.9552604677254555,72,111
BV08TR_0238,40,0.9530547738825865,71,111
BV08TR_0238,41,0.950865226537016,70,111
BV08TR_0238,42,0.9487145066524904,69,111
BV08TR_0238,43,0.9465752819923352,68,111
BV08TR_0238,44,0.944393960205016,67,111
BV08TR_0238,45,0.9421786546818188,66,111
BV08TR_0238,46,0.939953380809381,65,111
BV08TR_0238,47,0.9377794452238394,64,111
BV08TR_0238,48,0.9355860958821492,63,111
BV08TR_0238,49,0.933353366384128,62,111
BV08TR_0238,50,0.931111082462972,61,111
BV08TR_0238,51,0.9288287658023866,60,111
BV08TR_0238,52,0.9266446333499796,59,111
BV08TR_0238,53,0.9243839898406983,58,111
BV08TR_0238,54,0.9221068036884948,57,111
BV08TR_0238,55,0.9198699600592026,56,111
BV08TR_0238,56,0.9177059699400698,55,111
BV08TR_0238,57,0.9154315752089764,54,111
BV08TR_0238,58,0.913124827362776,53,111
BV08TR_0238,59,0.9109283424852246,52,111
BV08TR_0238,60,0.9086267706482976,51,111
BV08TR_0238,61,0.9063812637603156,50,111
BV08TR_0238,62,0.9041161374170587,49,111
BV08TR_0238,63,0.9018773508596475,48,111
BV08TR_0238,64,0.8996172826166569,47,111
BV08TR_0238,65,0.8973519722720066,46,111
BV08TR_0238,66,0.8951545178815445,45,111
BV08TR_0238,67,0.8929354888292708,44,111
BV08TR_0238,68,0.8906638668744107,43,111
BV08TR_0238,69,0.8884713625349558,42,111
BV08TR_0238,70,0.8862983946957979,41,111
BV08TR_0238,71,0.8841411606708643,40,111
BV08TR_0238,72,0.8819555429739482,39,111
BV08TR_0238,73,0.8798250592033046,38,111
BV08TR_0238,74,0.8777034717419396,37,111
BV08TR_0238,75,0.8754614860509815,36,111
BV08TR_0238,76,0.8732410895949304,35,111
BV08TR_0238,77,0.8710777290645263,34,111
BV08TR_0238,78,0.8689020106663822,33,111
BV08TR_0238,79,0.8667727044694336,32,111
BV08TR_0238,80,0.8645459705286694,31,111
BV08TR_0238,81,0.862366044018749,30,111
BV08TR_0238,82,0.8602150239807318,29,111
BV08TR_0238,83,0.8580055909839418,28,111
BV08TR_0238,84,0.8558899920382675,27,111
BV08TR_0238,85,0.8537561992085987,26,111
BV08TR_0238,86,0.8515867268725356,25,111
BV08TR_0238,87,0.8495235848926508,24,111
BV08TR_0238,88,0.8474171512728338,23,111
BV08TR_0238,89,0.8452442877451118,22,111
BV08TR_0238,90,0.8430510415098283,21,111
BV08TR_0238,91,0.8409053326085774,20,111
BV08TR_0238,92,0.8388230331865595,19,111
BV08TR_0238,93,0.8367261069767988,18,111
BV08TR_0238,94,0.8346072123298058,17,111
BV08TR_0238,95,0.8324861051593311,16,111
BV08TR_0238,96,0.8304261786953748,15,111
BV08TR_0238,97,0.8283335028475483,14,111
BV08TR_0238,98,0.8262431365029866,13,111
BV08TR_0238,99,0.8241378696409436,12,111
BV08TR_0238,100,0.8220161010979272,11,111
BV08TR_0238,101,0.8198549265200419,10,111
BV08TR_0238,102,0.8177146169861823,9,111
BV08TR_0238,103,0.8155676816914516,8,111
BV08TR_0238,104,0.8134188291685353,7,111
BV08TR_0238,105,0.8112150008073648,6,111
BV08TR_0238,106,0.8090592857324127,5,111
BV08TR_0238,107,0.8070325702467086,4,111
BV08TR_0238,108,0.804893438071727,3,111
BV08TR_0238,109,0.8027381842907615,2,111
BV08TR_0238,110,0.8006544342893775,1,111
BV08TR_0238,111,0.7984466448517604,0,111
BV08TR_0239,0,1.009783052905988,75,75
BV08TR_0239,1,1.0071616961714334,74,75
BV08TR_0239,2,1.004598936192836,73,75
BV08TR_0239,3,1.0019961444673589,72,75
BV08TR_0239,4,0.9995296648625818,71,75
BV08TR_0239,5,0.9970012392958612,70,75
BV08TR_0239,6,0.9944405083477945,69,75
BV08TR_0239,7,0.9919144463006586,68,75
BV08TR_0239,8,0.9894253334899944,67,75
BV08TR_0239,9,0.986862288767531,66,75
BV08TR_0239,10,0.9843061861488615,65,75
BV08TR_0239,11,0.9817359104738111,64,75
BV08TR_0239,12,0.979082401867592,63,75
BV08TR_0239,13,0.9764406733490518,62,75
BV08TR_0239,14,0.973848039645254,61,75
BV08TR_0239,15,0.9712898790301924,60,75
BV08TR_0239,16,0.9685683601837316,59,75
BV08TR_0239,17,0.9659275696508416,58,75
BV08TR_0239,18,0.9634085069304194,57,75
BV08TR_0239,19,0.960835386171002,56,75
BV08TR_0239,20,0.9582958676808848,55,75
BV08TR_0239,21,0.9556934759236924,54,75
BV08TR_0239,22,0.9530336296142864,53,75
BV08TR_0239,23,0.9504969451594824,52,75
BV08TR_0239,24,0.9478795441408948,51,75
BV08TR_0239,25,0.9451956250932525,50,75
BV08TR_0239,26,0.9425311093785897,49,75
BV08TR_0239,27,0.9398044515952424,48,75
BV08TR_0239,28,0.9370646665415848,47,75
BV08TR_0239,29,0.9343641932985708,46,75
BV08TR_0239,30,0.9317235505545368,45,75
BV08TR_0239,31,0.9289159776170788,44,75
BV08TR_0239,32,0.9261786001428,43,75
BV08TR_0239,33,0.9234576902136592,42,75
BV08TR_0239,34,0.9207158477778412,41,75
BV08TR_0239,35,0.9180454506481938,40,75
BV08TR_0239,36,0.9153326528843206,39,75
BV08TR_0239,37,0.9125616602537392,38,75
BV08TR_0239,38,0.9099076116377788,37,75
BV08TR_0239,39,0.9071239248413212,36,75
BV08TR_0239,40,0.90440892487543,35,75
BV08TR_0239,41,0.9016768894381655,34,75
BV08TR_0239,42,0.8988902546006085,33,75
BV08TR_0239,43,0.896217371308275,32,75
BV08TR_0239,44,0.8936942381407867,31,75
BV08TR_0239,45,0.8910265926449792,30,75
BV08TR_0239,46,0.8884763292077037,29,75
BV08TR_0239,47,0.8857244869587068,28,75
BV08TR_0239,48,0.8831774035710699,27,75
BV08TR_0239,49,0.8806010977406576,26,75
BV08TR_0239,50,0.8779437420812565,25,75
BV08TR_0239,51,0.875369844112788,24,75
BV08TR_0239,52,0.8719746075213921,23,75
BV08TR_0239,53,0.8687967977032506,22,75
BV08TR_0239,54,0.8655298307355977,21,75
BV08TR_0239,55,0.8621984996258143,20,75
BV08TR_0239,56,0.8589956930553841,19,75
BV08TR_0239,57,0.8557163564823992,18,75
BV08TR_0239,58,0.8524308284361242,17,75
BV08TR_0239,59,0.8491274596627582,16,75
BV08TR_0239,60,0.845907586313563,15,75
BV08TR_0239,61,0.8427745265049932,14,75
BV08TR_0239,62,0.8395556199471857,13,75
BV08TR_0239,63,0.8364139174693233,12,75
BV08TR_0239,64,0.8332075304981718,11,75
BV08TR_0239,65,0.830061690726083,10,75
BV08TR_0239,66,0.826925779104941,9,75
BV08TR_0239,67,0.8238529908099298,8,75
BV08TR_0239,68,0.8206321373305052,7,75
BV08TR_0239,69,0.817422071236813,6,75
BV08TR_0239,70,0.8141757493832096,5,75
BV08TR_0239,71,0.8108336693877093,4,75
BV08TR_0239,72,0.8076062541863684,3,75
BV08TR_0239,73,0.8044716939682462,2,75
BV08TR_0239,74,0.8012744981607719,1,75
BV08TR_0239,75,0.7981382797868305,0,75
BV08TR_0240,0,1.020976568984691,82,82
BV08TR_0240,1,1.0181329608433707,81,82
BV08TR_0240,2,1.0153270530834444,80,82
BV08TR_0240,3,1.0125489232085385,79,82
BV08TR_0240,4,1.0097540536522769,78,82
BV08TR_0240,5,1.0071366965026674,77,82
BV08TR_0240,6,1.0044804249015655,76,82
BV08TR_0240,7,1.0018247099895865,75,82
BV08TR_0240,8,0.9989786266520982,74,82
BV08TR_0240,9,0.9962244458321232,73,82
BV08TR_0240,10,0.9935311783191364,72,82
BV08TR_0240,11,0.990871366244321,71,82
BV08TR_0240,12,0.9881981207699012,70,82
BV08TR_0240,13,0.9855400252977028,69,82
BV08TR_0240,14,0.982839941358266,68,82
BV08TR_0240,15,0.9803225123256027,67,82
BV08TR_0240,16,0.977632441199939,66,82
BV08TR_0240,17,0.9749454230737225,65,82
BV08TR_0240,18,0.9723471885564174,64,82
BV08TR_0240,19,0.9696406542863875,63,82
BV08TR_0240,20,0.966910046661696,62,82
BV08TR_0240,21,0.9641913743494205,61,82
BV08TR_0240,22,0.9615685493836088,60,82
BV08TR_0240,23,0.9589317546482542,59,82
BV08TR_0240,24,0.9563670986346028,58,82
BV08TR_0240,25,0.9537869317300112,57,82
BV08TR_0240,26,0.9511682552236898,56,82
BV08TR_0240,27,0.9486309009557042,55,82
BV08TR_0240,28,0.94598027869499,54,82
BV08TR_0240,29,0.9433430967961558,53,82
BV08TR_0240,30,0.9406365513335304,52,82
BV08TR_0240,31,0.93791393313596,51,82
BV08TR_0240,32,0.9352178697269647,50,82
BV08TR_0240,33,0.9325200384147883,49,82
BV08TR_0240,34,0.9298839435662491,48,82
BV08TR_0240,35,0.9272027817061176,47,82
BV08TR_0240,36,0.9244650106442222,46,82
BV08TR_0240,37,0.9219578789122957,45,82
BV08TR_0240,38,0.9192630427748842,44,82
BV08TR_0240,39,0.9165670568649246,43,82
BV08TR_0240,40,0.9139437647546618,42,82
BV08TR_0240,41,0.9112343267848222,41,82
BV08TR_0240,42,0.9085568916176382,40,82
BV08TR_0240,43,0.9059478837233315,39,82
BV08TR_0240,44,0.903170173217621,38,82
BV08TR_0240,45,0.9005508665610386,37,82
BV08TR_0240,46,0.8978761622818355,36,82
BV08TR_0240,47,0.8951874931785462,35,82
BV08TR_0240,48,0.892460281537291,34,82
BV08TR_0240,49,0.8898208243384875,33,82
BV08TR_0240,50,0.8871578392382689,32,82
BV08TR_0240,51,0.8845638629812955,31,82
BV08TR_0240,52,0.8818680342864167,30,82
BV08TR_0240,53,0.8790557650634921,29,82
BV08TR_0240,54,0.8762769498489275,28,82
BV08TR_0240,55,0.8734919763019466,27,82
BV08TR_0240,56,0.8707218239093816,26,82
BV08TR_0240,57,0.8679103827206495,25,82
BV08TR_0240,58,0.8651842842229166,24,82
BV08TR_0240,59,0.8624096835716015,23,82
BV08TR_0240,60,0.8596595423571524,22,82
BV08TR_0240,61,0.8568742227841939,21,82
BV08TR_0240,62,0.854017511659038,20,82
BV08TR_0240,63,0.8514685140483798,19,82
BV08TR_0240,64,0.8487282904912331,18,82
BV08TR_0240,65,0.8459481851922698,17,82
BV08TR_0240,66,0.8432405389827928,16,82
BV08TR_0240,67,0.8404958226796857,15,82
BV08TR_0240,68,0.8376746343821295,14,82
BV08TR_0240,69,0.8348630538779329,13,82
BV08TR_0240,70,0.8321276990794664,12,82
BV08TR_0240,71,0.8293593478981945,11,82
BV08TR_0240,72,0.826657200008676,10,82
BV08TR_0240,73,0.8238342574681422,9,82
BV08TR_0240,74,0.82102504927744,8,82
BV08TR_0240,75,0.8182464782708079,7,82
BV08TR_0240,76,0.8156142973216954,6,82
BV08TR_0240,77,0.8129609675516039,5,82
BV08TR_0240,78,0.8101710716958725,4,82
BV08TR_0240,79,0.8073346427516656,3,82
BV08TR_0240,80,0.804728314163937,2,82
BV08TR_0240,81,0.8021056833070086,1,82
BV08TR_0240,82,0.7994511968209485,0,82
BV08TR_0241,0,1.0251856874910532,71,71
BV08TR_0241,1,1.0220853014822868,70,71
BV08TR_0241,2,1.0190739367861072,69,71
BV08TR_0241,3,1.0158565604461405,68,71
BV08TR_0241,4,1.0127752112294228,67,71
BV08TR_0241,5,1.0097506924773159,66,71
BV08TR_0241,6,1.006606152613463,65,71
BV08TR_0241,7,1.0035120690868233,64,71
BV08TR_0241,8,1.0004018297268793,63,71
BV08TR_0241,9,0.9974229154479978,62,71
BV08TR_0241,10,0.994368792837111,61,71
BV08TR_0241,11,0.991272344044918,60,71
BV08TR_0241,12,0.9881856894435214,59,71
BV08TR_0241,13,0.9851246830743238,58,71
BV08TR_0241,14,0.9821226350500825,57,71
BV08TR_0241,15,0.9789858333110095,56,71
BV08TR_0241,16,0.9758595021580406,55,71
BV08TR_0241,17,0.9727154558095534,54,71
BV08TR_0241,18,0.969615161995423,53,71
BV08TR_0241,19,0.966514839181952,52,71
BV08TR_0241,20,0.963349523249612,51,71
BV08TR_0241,21,0.9600351555299235,50,71
BV08TR_0241,22,0.9567903284354725,49,71
BV08TR_0241,23,0.953540519609935,48,71
BV08TR_0241,24,0.9503846799103381,47,71
BV08TR_0241,25,0.947252922592016,46,71
BV08TR_0241,26,0.9440447860909055,45,71
BV08TR_0241,27,0.9406484820636868,44,71
BV08TR_0241,28,0.9375889568045748,43,71
BV08TR_0241,29,0.934489652150252,42,71
BV08TR_0241,30,0.9311227026957896,41,71
BV08TR_0241,31,0.9278611131950324,40,71
BV08TR_0241,32,0.9245073859131038,39,71
BV08TR_0241,33,0.921287191242349,38,71
BV08TR_0241,34,0.9180076424137188,37,71
BV08TR_0241,35,0.9146993638746108,36,71
BV08TR_0241,36,0.9114556129400359,35,71
BV08TR_0241,37,0.9082450189896264,34,71
BV08TR_0241,38,0.905099123062436,33,71
BV08TR_0241,39,0.9018398143326216,32,71
BV08TR_0241,40,0.8985031890044008,31,71
BV08TR_0241,41,0.8952948548634588,30,71
BV08TR_0241,42,0.8920471617141694,29,71
BV08TR_0241,43,0.888791713344239,28,71
BV08TR_0241,44,0.8854382319045205,27,71
BV08TR_0241,45,0.882102197345153,26,71
BV08TR_0241,46,0.8788768235276896,25,71
BV08TR_0241,47,0.8755996025604883,24,71
BV08TR_0241,48,0.8723755357178988,23,71
BV08TR_0241,49,0.8691830277357706,22,71
BV08TR_0241,50,0.8660763211591449,21,71
BV08TR_0241,51,0.8628850005737355,20,71
BV08TR_0241,52,0.8597321596231435,19,71
BV08TR_0241,53,0.8564784675955799,18,71
BV08TR_0241,54,0.8533134659445306,17,71
BV08TR_0241,55,0.8500931714311528,16,71
BV08TR_0241,56,0.8469138854484357,15,71
BV08TR_0241,57,0.8437902203514126,14,71
BV08TR_0241,58,0.8406902820934458,13,71
BV08TR_0241,59,0.8374937755924148,12,71
BV08TR_0241,60,0.8343331681496876,11,71
BV08TR_0241,61,0.831253747281068,10,71
BV08TR_0241,62,0.828155290361115,9,71
BV08TR_0241,63,0.8249674900280894,8,71
BV08TR_0241,64,0.82179702519269,7,71
BV08TR_0241,65,0.8186210141936118,6,71
BV08TR_0241,66,0.8154565235470544,5,71
BV08TR_0241,67,0.8122535723474663,4,71
BV08TR_0241,68,0.8090834180186075,3,71
BV08TR_0241,69,0.8058495328355503,2,71
BV08TR_0241,70,0.8026383610402545,1,71
BV08TR_0241,71,0.7994573252674291,0,71
BV08TR_0242,0,0.9797952040734988,72,72
BV08TR_0242,1,0.97728226884923,71,72
BV08TR_0242,2,0.9747925762159844,70,72
BV08TR_0242,3,0.972291285908119,69,72
BV08TR_0242,4,0.9698123867469626,68,72
BV08TR_0242,5,0.9673413686363062,67,72
BV08TR_0242,6,0.9647951944754004,66,72
BV08TR_0242,7,0.9623228686076633,65,72
BV08TR_0242,8,0.9597951458765008,64,72
BV08TR_0242,9,0.957348468742321,63,72
BV08TR_0242,10,0.9548990721673518,62,72
BV08TR_0242,11,0.9523903025996616,61,72
BV08TR_0242,12,0.9499307804267686,60,72
BV08TR_0242,13,0.9474473921675712,59,72
BV08TR_0242,14,0.944895826860348,58,72
BV08TR_0242,15,0.9423515169967694,57,72
BV08TR_0242,16,0.9398289166329188,56,72
BV08TR_0242,17,0.937432372082486,55,72
BV08TR_0242,18,0.934968997477618,54,72
BV08TR_0242,19,0.9323545544041925,53,72
BV08TR_0242,20,0.929789876228938,52,72
BV08TR_0242,21,0.9272301697793413,51,72
BV08TR_0242,22,0.9247275493934471,50,72
BV08TR_0242,23,0.9221744273461588,49,72
BV08TR_0242,24,0.9196507640881032,48,72
BV08TR_0242,25,0.9170978153546295,47,72
BV08TR_0242,26,0.9144364321131025,46,72
BV08TR_0242,27,0.9118353681324208,45,72
BV08TR_0242,28,0.9092917887985578,44,72
BV08TR_0242,29,0.9067641009968724,43,72
BV08TR_0242,30,0.90407283478031,42,72
BV08TR_0242,31,0.9014256871953455,41,72
BV08TR_0242,32,0.8989175256896272,40,72
BV08TR_0242,33,0.8963478791399735,39,72
BV08TR_0242,34,0.8937643490384334,38,72
BV08TR_0242,35,0.89121451886772,37,72
BV08TR_0242,36,0.8886861641364482,36,72
BV08TR_0242,37,0.8860577492027936,35,72
BV08TR_0242,38,0.8833724033215239,34,72
BV08TR_0242,39,0.8807358756120063,33,72
BV08TR_0242,40,0.878182001332305,32,72
BV08TR_0242,41,0.8756203738494575,31,72
BV08TR_0242,42,0.8729389079350741,30,72
BV08TR_0242,43,0.8704107302768072,29,72
BV08TR_0242,44,0.8678160432290053,28,72
BV08TR_0242,45,0.86530206185427,27,72
BV08TR_0242,46,0.8627376740131887,26,72
BV08TR_0242,47,0.860198746228604,25,72
BV08TR_0242,48,0.8576100849866752,24,72
BV08TR_0242,49,0.8550380412824301,23,72
BV08TR_0242,50,0.8524533379267863,22,72
BV08TR_0242,51,0.8499667373793002,21,72
BV08TR_0242,52,0.8475067675510372,20,72
BV08TR_0242,53,0.8450651295840091,19,72
BV08TR_0242,54,0.8426144338342768,18,72
BV08TR_0242,55,0.8401230468802392,17,72
BV08TR_0242,56,0.8375848305612118,16,72
BV08TR_0242,57,0.8351036031482169,15,72
BV08TR_0242,58,0.8326049881439449,14,72
BV08TR_0242,59,0.8300777728275438,13,72
BV08TR_0242,60,0.8275938716420502,12,72
BV08TR_0242,61,0.8251251461896038,11,72
BV08TR_0242,62,0.8227282488448462,10,72
BV08TR_0242,63,0.8202009733944416,9,72
BV08TR_0242,64,0.8175998717632434,8,72
BV08TR_0242,65,0.8152228446930488,7,72
BV08TR_0242,66,0.812801812143964,6,72
BV08TR_0242,67,0.8103443108681432,5,72
BV08TR_0242,68,0.8078062414502649,4,72
BV08TR_0242,69,0.8053467134778222,3,72
BV08TR_0242,70,0.8028637144589635,2,72
BV08TR_0242,71,0.8004136811748668,1,72
BV08TR_0242,72,0.7978301983200329,0,72
BV08TR_0243,0,0.9638159219423053,47,47
BV08TR_0243,1,0.9604890775133313,46,47
BV08TR_0243,2,0.956898838099876,45,47
BV08TR_0243,3,0.9532864704285728,44,47
BV08TR_0243,4,0.9499288175174962,43,47
BV08TR_0243,5,0.9463881836378064,42,47
BV08TR_0243,6,0.9427529329911004,41,47
BV08TR_0243,7,0.9393391401450394,40,47
BV08TR_0243,8,0.9358618380028155,39,47
BV08TR_0243,9,0.932277606287147,38,47
BV08TR_0243,10,0.9286184304774464,37,47
BV08TR_0243,11,0.9250405959865756,36,47
BV08TR_0243,12,0.9214630578551146,35,47
BV08TR_0243,13,0.918057586456146,34,47
BV08TR_0243,14,0.9145887358538818,33,47
BV08TR_0243,15,0.9110730025413541,32,47
BV08TR_0243,16,0.9075794356971698,31,47
BV08TR_0243,17,0.904200737607162,30,47
BV08TR_0243,18,0.900624390227538,29,47
BV08TR_0243,19,0.8971882968315441,28,47
BV08TR_0243,20,0.8936610374548288,27,47
BV08TR_0243,21,0.8901624019301752,26,47
BV08TR_0243,22,0.8867030512334338,25,47
BV08TR_0243,23,0.8831515644640932,24,47
BV08TR_0243,24,0.8797263916387295,23,47
BV08TR_0243,25,0.8761752143757422,22,47
BV08TR_0243,26,0.8727901699767178,21,47
BV08TR_0243,27,0.8692555261564533,20,47
BV08TR_0243,28,0.865773178992766,19,47
BV08TR_0243,29,0.8622928066218428,18,47
BV08TR_0243,30,0.8587530566190849,17,47
BV08TR_0243,31,0.8551822473775436,16,47
BV08TR_0243,32,0.8515502456253733,15,47
BV08TR_0243,33,0.8478011657166004,14,47
BV08TR_0243,34,0.8442068703599181,13,47
BV08TR_0243,35,0.8405185780365977,12,47
BV08TR_0243,36,0.8368975939064413,11,47
BV08TR_0243,37,0.8331397013349451,10,47
BV08TR_0243,38,0.8293676153430068,9,47
BV08TR_0243,39,0.825844472482944,8,47
BV08TR_0243,40,0.8223446198663368,7,47
BV08TR_0243,41,0.8187469043901598,6,47
BV08TR_0243,42,0.8151118300269998,5,47
BV08TR_0243,43,0.811429449366328,4,47
BV08TR_0243,44,0.8078179658991387,3,47
BV08TR_0243,45,0.8041765720699341,2,47
BV08TR_0243,46,0.800566329209143,1,47
BV08TR_0243,47,0.7969816035970537,0,47
BV08TR_0244,0,1.0079014012887049,95,95
BV08TR_0244,1,1.0058602367715204,94,95
BV08TR_0244,2,1.0036929457984156,93,95
BV08TR_0244,3,1.0015261737572132,92,95
BV08TR_0244,4,0.999331706175881,91,95
BV08TR_0244,5,0.9971995449127504,90,95
BV08TR_0244,6,0.9951492198715388,89,95
BV08TR_0244,7,0.992960275993101,88,95
BV08TR_0244,8,0.9907867916654065,87,95
BV08TR_0244,9,0.9886339923794172,86,95
BV08TR_0244,10,0.9864190773540228,85,95
BV08TR_0244,11,0.9841982956214392,84,95
BV08TR_0244,12,0.982009404804202,83,95
BV08TR_0244,13,0.9797742391559165,82,95
BV08TR_0244,14,0.9775767866743825,81,95
BV08TR_0244,15,0.9753836807456212,80,95
BV08TR_0244,16,0.9731433828697265,79,95
BV08TR_0244,17,0.970940007476107,78,95
BV08TR_0244,18,0.968661633718143,77,95
BV08TR_0244,19,0.9664422078885107,76,95
BV08TR_0244,20,0.9642122976692876,75,95
BV08TR_0244,21,0.962016089785299,74,95
BV08TR_0244,22,0.959866492290676,73,95
BV08TR_0244,23,0.9575642325672644,72,95
BV08TR_0244,24,0.95522367346919,71,95
BV08TR_0244,25,0.9529607732031635,70,95
BV08TR_0244,26,0.950682278963265,69,95
BV08TR_0244,27,0.9484721337092875,68,95
BV08TR_0244,28,0.9461457211769926,67,95
BV08TR_0244,29,0.9439102235829046,66,95
BV08TR_0244,30,0.9416756679932392,65,95
BV08TR_0244,31,0.9395091423715628,64,95
BV08TR_0244,32,0.9372928856905214,63,95
BV08TR_0244,33,0.934989796558658,62,95
BV08TR_0244,34,0.9327245855726436,61,95
BV08TR_0244,35,0.9305273837128842,60,95
BV08TR_0244,36,0.9282015396808244,59,95
BV08TR_0244,37,0.9259527103597498,58,95
BV08TR_0244,38,0.9237614427783408,57,95
BV08TR_0244,39,0.9214823323810521,56,95
BV08TR_0244,40,0.919123338579288,55,95
BV08TR_0244,41,0.9170048715679417,54,95
BV08TR_0244,42,0.9146885589503804,53,95
BV08TR_0244,43,0.9124435152854646,52,95
BV08TR_0244,44,0.9102173447714068,51,95
BV08TR_0244,45,0.908036544947123,50,95
BV08TR_0244,46,0.9058183029156044,49,95
BV08TR_0244,47,0.9034611223080538,48,95
BV08TR_0244,48,0.9012444032164662,47,95
BV08TR_0244,49,0.8990295739407747,46,95
BV08TR_0244,50,0.8966696699595741,45,95
BV08TR_0244,51,0.8944039462802396,44,95
BV08TR_0244,52,0.8921589609398602,43,95
BV08TR_0244,53,0.889959253729486,42,95
BV08TR_0244,54,0.8878179678619694,41,95
BV08TR_0244,55,0.8856224417603668,40,95
BV08TR_0244,56,0.8834599588603255,39,95
BV08TR_0244,57,0.8813791784884103,38,95
BV08TR_0244,58,0.8792728181270817,37,95
BV08TR_0244,59,0.8770742822416951,36,95
BV08TR_0244,60,0.8749139290140665,35,95
BV08TR_0244,61,0.8726619257316752,34,95
BV08TR_0244,62,0.870507367714381,33,95
BV08TR_0244,63,0.8682961581836576,32,95
BV08TR_0244,64,0.8661735186174301,31,95
BV08TR_0244,65,0.8640188489564654,30,95
BV08TR_0244,66,0.8618900821364479,29,95
BV08TR_0244,67,0.8597482357196309,28,95
BV08TR_0244,68,0.8575706108240932,27,95
BV08TR_0244,69,0.8555206651213236,26,95
BV08TR_0244,70,0.8532999455693842,25,95
BV08TR_0244,71,0.8512021549446415,24,95
BV08TR_0244,72,0.8489156586756771,23,95
BV08TR_0244,73,0.846865229606806,22,95
BV08TR_0244,74,0.8447894395181357,21,95
BV08TR_0244,75,0.8426868456573585,20,95
BV08TR_0244,76,0.8404928835058445,19,95
BV08TR_0244,77,0.8383059885920361,18,95
BV08TR_0244,78,0.8361558206346376,17,95
BV08TR_0244,79,0.8338859244313046,16,95
BV08TR_0244,80,0.8317701697782988,15,95
BV08TR_0244,81,0.8296055402081371,14,95
BV08TR_0244,82,0.8273804012404902,13,95
BV08TR_0244,83,0.8251907643810503,12,95
BV08TR_0244,84,0.8230209733244981,11,95
BV08TR_0244,85,0.8208016243241847,10,95
BV08TR_0244,86,0.8186113043362603,9,95
BV08TR_0244,87,0.8163928595629216,8,95
BV08TR_0244,88,0.8141766031881478,7,95
BV08TR_0244,89,0.8119427450415283,6,95
BV08TR_0244,90,0.8097080642761949,5,95
BV08TR_0244,91,0.8076389735197818,4,95
BV08TR_0244,92,0.8053625157595709,3,95
BV08TR_0244,93,0.8031524093541302,2,95
BV08TR_0244,94,0.8009730090122708,1,95
BV08TR_0244,95,0.7988432082134298,0,95
BV08TR_0245,0,0.9503261932549315,43,43
BV08TR_0245,1,0.947003992089842,42,43
BV08TR_0245,2,0.9438008201564944,41,43
BV08TR_0245,3,0.9406256668492674,40,43
BV08TR_0245,4,0.9374193696082092,39,43
BV08TR_0245,5,0.9342091841807,38,43
BV08TR_0245,6,0.9310176865567128,37,43
BV08TR_0245,7,0.9276264608677164,36,43
BV08TR_0245,8,0.9243288865497195,35,43
BV08TR_0245,9,0.9211658352141748,34,43
BV08TR_0245,10,0.9180333951729874,33,43
BV08TR_0245,11,0.9147215106370432,32,43
BV08TR_0245,12,0.9114356293239536,31,43
BV08TR_0245,13,0.9082456018991314,30,43
BV08TR_0245,14,0.9048926578511725,29,43
BV08TR_0245,15,0.901612852061718,28,43
BV08TR_0245,16,0.8982968348157936,27,43
BV08TR_0245,17,0.8950603348141491,26,43
BV08TR_0245,18,0.8918902078940296,25,43
BV08TR_0245,19,0.8887445062440663,24,43
BV08TR_0245,20,0.8854999828584308,23,43
BV08TR_0245,21,0.8822611653079176,22,43
BV08TR_0245,22,0.8789452109787212,21,43
BV08TR_0245,23,0.8755233203115877,20,43
BV08TR_0245,24,0.8722197661448902,19,43
BV08TR_0245,25,0.8689976801232202,18,43
BV08TR_0245,26,0.8657285321821683,17,43
BV08TR_0245,27,0.862412455582288,16,43
BV08TR_0245,28,0.8591942225934248,15,43
BV08TR_0245,29,0.8560506230764562,14,43
BV08TR_0245,30,0.8527679288829778,13,43
BV08TR_0245,31,0.8495998685736795,12,43
BV08TR_0245,32,0.8463635463515515,11,43
BV08TR_0245,33,0.8418541455922987,10,43
BV08TR_0245,34,0.8372261884747446,9,43
BV08TR_0245,35,0.8326439140119066,8,43
BV08TR_0245,36,0.8278739912484946,7,43
BV08TR_0245,37,0.82322443327669,6,43
BV08TR_0245,38,0.8186266455814666,5,43
BV08TR_0245,39,0.813996288525125,4,43
BV08TR_0245,40,0.8092759350312084,3,43
BV08TR_0245,41,0.8047624256323884,2,43
BV08TR_0245,42,0.8004323351563292,1,43
BV08TR_0245,43,0.7958092647148499,0,43
BV08TR_0246,0,0.9843014451492846,63,63
BV08TR_0246,1,0.9816515132368592,62,63
BV08TR_0246,2,0.9789897753089548,61,63
BV08TR_0246,3,0.9763125678600502,60,63
BV08TR_0246,4,0.97363505168172,59,63
BV08TR_0246,5,0.9710583414904972,58,63
BV08TR_0246,6,0.9684884526015752,57,63
BV08TR_0246,7,0.96572719877379,56,63
BV08TR_0246,8,0.962996154646467,55,63
BV08TR_0246,9,0.9602160171546632,54,63
BV08TR_0246,10,0.9574569773831595,53,63
BV08TR_0246,11,0.9546917920546404,52,63
BV08TR_0246,12,0.9519984646925084,51,63
BV08TR_0246,13,0.9493593520910638,50,63
BV08TR_0246,14,0.9466774180428846,49,63
BV08TR_0246,15,0.943982583558097,48,63
BV08TR_0246,16,0.9413338919482722,47,63
BV08TR_0246,17,0.9385989441033725,46,63
BV08TR_0246,18,0.935971208497779,45,63
BV08TR_0246,19,0.9333568554894008,44,63
BV08TR_0246,20,0.9305896805248124,43,63
BV08TR_0246,21,0.9278084184322724,42,63
BV08TR_0246,22,0.9250271414128782,41,63
BV08TR_0246,23,0.9222647765887227,40,63
BV08TR_0246,24,0.919484502067254,39,63
BV08TR_0246,25,0.9167970643921726,38,63
BV08TR_0246,26,0.9140284261482444,37,63
BV08TR_0246,27,0.9113169880702644,36,63
BV08TR_0246,28,0.908602767426129,35,63
BV08TR_0246,29,0.9059536376271565,34,63
BV08TR_0246,30,0.903134549556046,33,63
BV08TR_0246,31,0.9003259931547178,32,63
BV08TR_0246,32,0.8974272443157288,31,63
BV08TR_0246,33,0.8946579979985853,30,63
BV08TR_0246,34,0.8918449679908234,29,63
BV08TR_0246,35,0.8891116470779411,28,63
BV08TR_0246,36,0.8864044282158888,27,63
BV08TR_0246,37,0.883712655007195,26,63
BV08TR_0246,38,0.8811399594345589,25,63
BV08TR_0246,39,0.8784848218755466,24,63
BV08TR_0246,40,0.875774605446079,23,63
BV08TR_0246,41,0.8730222901945864,22,63
BV08TR_0246,42,0.8703647769752736,21,63
BV08TR_0246,43,0.8676222913165914,20,63
BV08TR_0246,44,0.8649426662457842,19,63
BV08TR_0246,45,0.8622689132298538,18,63
BV08TR_0246,46,0.859646688202355,17,63
BV08TR_0246,47,0.8569396788709988,16,63
BV08TR_0246,48,0.8543252925979149,15,63
BV08TR_0246,49,0.8516313557225396,14,63
BV08TR_0246,50,0.849148731960948,13,63
BV08TR_0246,51,0.8451900888084132,12,63
BV08TR_0246,52,0.8411237617870313,11,63
BV08TR_0246,53,0.8370475382828293,10,63
BV08TR_0246,54,0.8331129645546961,9,63
BV08TR_0246,55,0.8289345776438358,8,63
BV08TR_0246,56,0.8249746751103334,7,63
BV08TR_0246,57,0.8207806928987209,6,63
BV08TR_0246,58,0.8166028109935302,5,63
BV08TR_0246,59,0.812585454367714,4,63
BV08TR_0246,60,0.8085791985810199,3,63
BV08TR_0246,61,0.804542598297763,2,63
BV08TR_0246,62,0.800515215980659,1,63
BV08TR_0246,63,0.796420755815625,0,63
BV08TR_0247,0,1.0162857031273536,81,81
BV08TR_0247,1,1.013885473959332,80,81
BV08TR_0247,2,1.0113343628665525,79,81
BV08TR_0247,3,1.008953570789628,78,81
BV08TR_0247,4,1.0064005469584425,77,81
BV08TR_0247,5,1.003923838527138,76,81
BV08TR_0247,6,1.0014528793236834,75,81
BV08TR_0247,7,0.9989303813599012,74,81
BV08TR_0247,8,0.996463818437291,73,81
BV08TR_0247,9,0.993899618145845,72,81
BV08TR_0247,10,0.9912567928549046,71,81
BV08TR_0247,11,0.988643205639881,70,81
BV08TR_0247,12,0.9862426609458425,69,81
BV08TR_0247,13,0.983752117995406,68,81
BV08TR_0247,14,0.9812194973125759,67,81
BV08TR_0247,15,0.9786777491368148,66,81
BV08TR_0247,16,0.9759675477869152,65,81
BV08TR_0247,17,0.9734347328074354,64,81
BV08TR_0247,18,0.9708576542476982,63,81
BV08TR_0247,19,0.968379909375922,62,81
BV08TR_0247,20,0.9659657126077928,61,81
BV08TR_0247,21,0.963308367859873,60,81
BV08TR_0247,22,0.9607712094806985,59,81
BV08TR_0247,23,0.95812274827629,58,81
BV08TR_0247,24,0.9555425655576986,57,81
BV08TR_0247,25,0.9529694843933928,56,81
BV08TR_0247,26,0.9504989594194164,55,81
BV08TR_0247,27,0.947848630662314,54,81
BV08TR_0247,28,0.945228874855066,53,81
BV08TR_0247,29,0.9426605919994244,52,81
BV08TR_0247,30,0.940103958249335,51,81
BV08TR_0247,31,0.9374605622034639,50,81
BV08TR_0247,32,0.9348305253440555,49,81
BV08TR_0247,33,0.93224222675045,48,81
BV08TR_0247,34,0.9296137795231192,47,81
BV08TR_0247,35,0.927038591130036,46,81
BV08TR_0247,36,0.9245044694637475,45,81
BV08TR_0247,37,0.9220421010378806,44,81
BV08TR_0247,38,0.9194462315555914,43,81
BV08TR_0247,39,0.9167209760598924,42,81
BV08TR_0247,40,0.9141047245674695,41,81
BV08TR_0247,41,0.9114633088099258,40,81
BV08TR_0247,42,0.9088945267540585,39,81
BV08TR_0247,43,0.9064466689732474,38,81
BV08TR_0247,44,0.9038756029146722,37,81
BV08TR_0247,45,0.9013181585063818,36,81
BV08TR_0247,46,0.8987254619765414,35,81
BV08TR_0247,47,0.8961995481517295,34,81
BV08TR_0247,48,0.8936542726879226,33,81
BV08TR_0247,49,0.891083901782932,32,81
BV08TR_0247,50,0.888548354224582,31,81
BV08TR_0247,51,0.886009997002209,30,81
BV08TR_0247,52,0.883434107033859,29,81
BV08TR_0247,53,0.8808674221016496,28,81
BV08TR_0247,54,0.878496104606372,27,81
BV08TR_0247,55,0.8759546487384615,26,81
BV08TR_0247,56,0.8735115778135852,25,81
BV08TR_0247,57,0.8709040373131595,24,81
BV08TR_0247,58,0.8683652108712354,23,81
BV08TR_0247,59,0.8657414072756872,22,81
BV08TR_0247,60,0.863220116231311,21,81
BV08TR_0247,61,0.8605951283037276,20,81
BV08TR_0247,62,0.8580615087363709,19,81
BV08TR_0247,63,0.8555799555858651,18,81
BV08TR_0247,64,0.8530955202298657,17,81
BV08TR_0247,65,0.850576132337022,16,81
BV08TR_0247,66,0.848028130309265,15,81
BV08TR_0247,67,0.8456817071865554,14,81
BV08TR_0247,68,0.8431697701790974,13,81
BV08TR_0247,69,0.840659111280118,12,81
BV08TR_0247,70,0.8382911195222643,11,81
BV08TR_0247,71,0.8345878414801048,10,81
BV08TR_0247,72,0.8309743981914514,9,81
BV08TR_0247,73,0.827349943418983,8,81
BV08TR_0247,74,0.823577675553519,7,81
BV08TR_0247,75,0.8198554089354618,6,81
BV08TR_0247,76,0.8162411380500997,5,81
BV08TR_0247,77,0.8125368062291342,4,81
BV08TR_0247,78,0.8088130875498073,3,81
BV08TR_0247,79,0.8049441221001694,2,81
BV08TR_0247,80,0.8011255209819793,1,81
BV08TR_0247,81,0.7974296932473208,0,81
BV08TR_0248,0,1.02048310501059,78,78
BV08TR_0248,1,1.0175352906066488,77,78
BV08TR_0248,2,1.014782893161481,76,78
BV08TR_0248,3,1.0119812130475023,75,78
BV08TR_0248,4,1.0090291874725403,74,78
BV08TR_0248,5,1.0061077229070265,73,78
BV08TR_0248,6,1.0032164909325916,72,78
BV08TR_0248,7,1.0005231730036699,71,78
BV08TR_0248,8,0.997717459083631,70,78
BV08TR_0248,9,0.9948241314612954,69,78
BV08TR_0248,10,0.992041656624325,68,78
BV08TR_0248,11,0.9891054404099208,67,78
BV08TR_0248,12,0.986184198204466,66,78
BV08TR_0248,13,0.983285209304413,65,78
BV08TR_0248,14,0.9804005553692252,64,78
BV08TR_0248,15,0.977537030893783,63,78
BV08TR_0248,16,0.974711009331652,62,78
BV08TR_0248,17,0.9717285471634568,61,78
BV08TR_0248,18,0.968808706679622,60,78
BV08TR_0248,19,0.9659002784997105,59,78
BV08TR_0248,20,0.963106646366146,58,78
BV08TR_0248,21,0.9602610474555124,57,78
BV08TR_0248,22,0.9572754995823705,56,78
BV08TR_0248,23,0.9544384678113218,55,78
BV08TR_0248,24,0.9515049502627322,54,78
BV08TR_0248,25,0.9487397655512854,53,78
BV08TR_0248,26,0.9459584763019524,52,78
BV08TR_0248,27,0.943078184542209,51,78
BV08TR_0248,28,0.9402470044442572,50,78
BV08TR_0248,29,0.9374156007542404,49,78
BV08TR_0248,30,0.934549192594849,48,78
BV08TR_0248,31,0.9316395880108972,47,78
BV08TR_0248,32,0.928762309427201,46,78
BV08TR_0248,33,0.9258672858726587,45,78
BV08TR_0248,34,0.9230782297847479,44,78
BV08TR_0248,35,0.9201824904399408,43,78
BV08TR_0248,36,0.9172686466722074,42,78
BV08TR_0248,37,0.914470620799627,41,78
BV08TR_0248,38,0.911511328666823,40,78
BV08TR_0248,39,0.908700312654094,39,78
BV08TR_0248,40,0.9057963094933208,38,78
BV08TR_0248,41,0.9029594384969482,37,78
BV08TR_0248,42,0.9001528416437312,36,78
BV08TR_0248,43,0.8974149059602641,35,78
BV08TR_0248,44,0.8945574276191736,34,78
BV08TR_0248,45,0.891677300793761,33,78
BV08TR_0248,46,0.8889778990431793,32,78
BV08TR_0248,47,0.8862111681527646,31,78
BV08TR_0248,48,0.8833632080288922,30,78
BV08TR_0248,49,0.8806193697338726,29,78
BV08TR_0248,50,0.8778836817965011,28,78
BV08TR_0248,51,0.8752146851263831,27,78
BV08TR_0248,52,0.8723407493171378,26,78
BV08TR_0248,53,0.8695535054880162,25,78
BV08TR_0248,54,0.8667460380914253,24,78
BV08TR_0248,55,0.8639387200825132,23,78
BV08TR_0248,56,0.8611978815047333,22,78
BV08TR_0248,57,0.8584972212631428,21,78
BV08TR_0248,58,0.8556694460854049,20,78
BV08TR_0248,59,0.8529603628316824,19,78
BV08TR_0248,60,0.8502661815309503,18,78
BV08TR_0248,61,0.8474709321445296,17,78
BV08TR_0248,62,0.844682855048594,16,78
BV08TR_0248,63,0.8419225775688264,15,78
BV08TR_0248,64,0.8392032158993808,14,78
BV08TR_0248,65,0.8364222712116347,13,78
BV08TR_0248,66,0.8337661827630627,12,78
BV08TR_0248,67,0.8310042833303932,11,78
BV08TR_0248,68,0.8281166555653358,10,78
BV08TR_0248,69,0.8253262701296643,9,78
BV08TR_0248,70,0.8224848609415052,8,78
BV08TR_0248,71,0.8197153318151805,7,78
BV08TR_0248,72,0.8169364028724423,6,78
BV08TR_0248,73,0.8140966931223778,5,78
BV08TR_0248,74,0.8112150773721292,4,78
BV08TR_0248,75,0.8083643028047719,3,78
BV08TR_0248,76,0.8054954999602179,2,78
BV08TR_0248,77,0.8026586937161624,1,78
BV08TR_0248,78,0.7997898904183433,0,78
BV08TR_0249,0,0.9605381452226245,77,77
BV08TR_0249,1,0.9585137621944035,76,77
BV08TR_0249,2,0.956456151659759,75,77
BV08TR_0249,3,0.9543469390393782,74,77
BV08TR_0249,4,0.9523521997012094,73,77
BV08TR_0249,5,0.9502742061049,72,77
BV08TR_0249,6,0.9482191951479608,71,77
BV08TR_0249,7,0.9461059330724395,70,77
BV08TR_0249,8,0.944080906325295,69,77
BV08TR_0249,9,0.9419618964153038,68,77
BV08TR_0249,10,0.9399871668016448,67,77
BV08TR_0249,11,0.9380470069425424,66,77
BV08TR_0249,12,0.9360582011482524,65,77
BV08TR_0249,13,0.93409630952762,64,77
BV08TR_0249,14,0.9320393092858424,63,77
BV08TR_0249,15,0.9300134362017006,62,77
BV08TR_0249,16,0.927894156367448,61,77
BV08TR_0249,17,0.9257791054500502,60,77
BV08TR_0249,18,0.9237622558097516,59,77
BV08TR_0249,19,0.9216403657682049,58,77
BV08TR_0249,20,0.9196235256738472,57,77
BV08TR_0249,21,0.917528578770878,56,77
BV08TR_0249,22,0.9154184662198838,55,77
BV08TR_0249,23,0.9133202503121772,54,77
BV08TR_0249,24,0.9111932266061815,53,77
BV08TR_0249,25,0.9091422874439472,52,77
BV08TR_0249,26,0.9070803920336742,51,77
BV08TR_0249,27,0.9050368437348595,50,77
BV08TR_0249,28,0.9029408951388818,49,77
BV08TR_0249,29,0.90085899597732,48,77
BV08TR_0249,30,0.8987595323137763,47,77
BV08TR_0249,31,0.8968174954701711,46,77
BV08TR_0249,32,0.8946316197169968,45,77
BV08TR_0249,33,0.8925666368832252,44,77
BV08TR_0249,34,0.8903108417519205,43,77
BV08TR_0249,35,0.8881574368668979,42,77
BV08TR_0249,36,0.8861196951928154,41,77
BV08TR_0249,37,0.884023386894783,40,77
BV08TR_0249,38,0.8819050601951391,39,77
BV08TR_0249,39,0.8798729146051372,38,77
BV08TR_0249,40,0.8778355670520814,37,77
BV08TR_0249,41,0.8756711587769629,36,77
BV08TR_0249,42,0.8735557704885355,35,77
BV08TR_0249,43,0.8715446898484004,34,77
BV08TR_0249,44,0.8693025271462569,33,77
BV08TR_0249,45,0.8671677713545412,32,77
BV08TR_0249,46,0.8649702750306809,31,77
BV08TR_0249,47,0.8628425810545262,30,77
BV08TR_0249,48,0.8607651233116205,29,77
BV08TR_0249,49,0.8586381452598898,28,77
BV08TR_0249,50,0.8564479166859156,27,77
BV08TR_0249,51,0.8543681197083103,26,77
BV08TR_0249,52,0.8522940366424483,25,77
BV08TR_0249,53,0.8501354587788654,24,77
BV08TR_0249,54,0.8480724445234216,23,77
BV08TR_0249,55,0.8459265559074594,22,77
BV08TR_0249,56,0.843774091880344,21,77
BV08TR_0249,57,0.8416922573623905,20,77
BV08TR_0249,58,0.8395665344709782,19,77
BV08TR_0249,59,0.8375258517702554,18,77
BV08TR_0249,60,0.8353232877341036,17,77
BV08TR_0249,61,0.833113007983137,16,77
BV08TR_0249,62,0.8310392795185034,15,77
BV08TR_0249,63,0.8289204713626686,14,77
BV08TR_0249,64,0.8268951117915548,13,77
BV08TR_0249,65,0.8247662407756847,12,77
BV08TR_0249,66,0.8227036539457078,11,77
BV08TR_0249,67,0.8205996230950562,10,77
BV08TR_0249,68,0.818454176671579,9,77
BV08TR_0249,69,0.816373826543563,8,77
BV08TR_0249,70,0.8142848155557343,7,77
BV08TR_0249,71,0.8122634721392125,6,77
BV08TR_0249,72,0.8102692781096165,5,77
BV08TR_0249,73,0.8081221904698002,4,77
BV08TR_0249,74,0.8059697295656809,3,77
BV08TR_0249,75,0.8039456317075058,2,77
BV08TR_0249,76,0.8020375712035128,1,77
BV08TR_0249,77,0.799980496271403,0,77
BV08TR_0250,0,0.9822330474494262,57,57
BV08TR_0250,1,0.9793264681959594,56,57
BV08TR_0250,2,0.9765090891479012,55,57
BV08TR_0250,3,0.9737025377814184,54,57
BV08TR_0250,4,0.971030952687356,53,57
BV08TR_0250,5,0.9682813247584569,52,57
BV08TR_0250,6,0.9655457539377063,51,57
BV08TR_0250,7,0.9627327857689548,50,57
BV08TR_0250,8,0.959980375512138,49,57
BV08TR_0250,9,0.9571409977169344,48,57
BV08TR_0250,10,0.9543472367702718,47,57
BV08TR_0250,11,0.951394563240736,46,57
BV08TR_0250,12,0.948519464398502,45,57
BV08TR_0250,13,0.9455848198088505,44,57
BV08TR_0250,14,0.942710704466599,43,57
BV08TR_0250,15,0.9397740309321214,42,57
BV08TR_0250,16,0.9368676708307938,41,57
BV08TR_0250,17,0.9338983939691032,40,57
BV08TR_0250,18,0.9310750411934112,39,57
BV08TR_0250,19,0.9283055249280644,38,57
BV08TR_0250,20,0.9254010052129203,37,57
BV08TR_0250,21,0.9225745969819183,36,57
BV08TR_0250,22,0.9196233756482165,35,57
BV08TR_0250,23,0.916648999886835,34,57
BV08TR_0250,24,0.9137203138150656,33,57
BV08TR_0250,25,0.9109463313765888,32,57
BV08TR_0250,26,0.908020992652056,31,57
BV08TR_0250,27,0.905148056354596,30,57
BV08TR_0250,28,0.9023006353875352,29,57
BV08TR_0250,29,0.8993685480567881,28,57
BV08TR_0250,30,0.8965693436491547,27,57
BV08TR_0250,31,0.8937526118430665,26,57
BV08TR_0250,32,0.8908460486233736,25,57
BV08TR_0250,33,0.8880233838668558,24,57
BV08TR_0250,34,0.8849969236163248,23,57
BV08TR_0250,35,0.8821602569784186,22,57
BV08TR_0250,36,0.879288061881966,21,57
BV08TR_0250,37,0.8764563349458171,20,57
BV08TR_0250,38,0.8735832344454408,19,57
BV08TR_0250,39,0.869529639650969,18,57
BV08TR_0250,40,0.8654444424051315,17,57
BV08TR_0250,41,0.8613728268204858,16,57
BV08TR_0250,42,0.8572286550244943,15,57
BV08TR_0250,43,0.8532018439988291,14,57
BV08TR_0250,44,0.8492715635981559,13,57
BV08TR_0250,45,0.8452225819300604,12,57
BV08TR_0250,46,0.8413549672722941,11,57
BV08TR_0250,47,0.8373870182932865,10,57
BV08TR_0250,48,0.8334562815113026,9,57
BV08TR_0250,49,0.829460650766551,8,57
BV08TR_0250,50,0.8253660635727232,7,57
BV08TR_0250,51,0.821458646090422,6,57
BV08TR_0250,52,0.8174637894721118,5,57
BV08TR_0250,53,0.8136003965443848,4,57
BV08TR_0250,54,0.8096530984643385,3,57
BV08TR_0250,55,0.8056936159476855,2,57
BV08TR_0250,56,0.801844005215845,1,57
BV08TR_0250,57,0.7979180298290574,0,57
BV08TR_0251,0,0.9536398767157882,47,47
BV08TR_0251,1,0.9502478349196204,46,47
BV08TR_0251,2,0.94683909500856,45,47
BV08TR_0251,3,0.9435656779608924,44,47
BV08TR_0251,4,0.9400999932637955,43,47
BV08TR_0251,5,0.93666788144518,42,47
BV08TR_0251,6,0.933294459659138,41,47
BV08TR_0251,7,0.9298414679826068,40,47
BV08TR_0251,8,0.9264221883301474,39,47
BV08TR_0251,9,0.9231334754980648,38,47
BV08TR_0251,10,0.9197444358982064,37,47
BV08TR_0251,11,0.9164316331095308,36,47
BV08TR_0251,12,0.9131090577126816,35,47
BV08TR_0251,13,0.9097218200038402,34,47
BV08TR_0251,14,0.90634070572168,33,47
BV08TR_0251,15,0.9030655948211652,32,47
BV08TR_0251,16,0.8996947067878779,31,47
BV08TR_0251,17,0.8961988720104948,30,47
BV08TR_0251,18,0.8928558458791428,29,47
BV08TR_0251,19,0.8896653488965215,28,47
BV08TR_0251,20,0.8863378799258842,27,47
BV08TR_0251,21,0.8829555824361555,26,47
BV08TR_0251,22,0.8795877107520174,25,47
BV08TR_0251,23,0.8762517393533431,24,47
BV08TR_0251,24,0.8730326352862898,23,47
BV08TR_0251,25,0.8697566228369022,22,47
BV08TR_0251,26,0.8662631400410792,21,47
BV08TR_0251,27,0.8630123698152654,20,47
BV08TR_0251,28,0.8597189144512812,19,47
BV08TR_0251,29,0.8564870451430787,18,47
BV08TR_0251,30,0.853299975436236,17,47
BV08TR_0251,31,0.8498568556941388,16,47
BV08TR_0251,32,0.8465949204140629,15,47
BV08TR_0251,33,0.843444124803996,14,47
BV08TR_0251,34,0.8400854400567519,13,47
BV08TR_0251,35,0.8368140448248528,12,47
BV08TR_0251,36,0.8336002599773139,11,47
BV08TR_0251,37,0.8303716924676026,10,47
BV08TR_0251,38,0.8272141789988884,9,47
BV08TR_0251,39,0.8239405866221144,8,47
BV08TR_0251,40,0.8207332695363998,7,47
BV08TR_0251,41,0.8173996628250132,6,47
BV08TR_0251,42,0.8141640595935624,5,47
BV08TR_0251,43,0.8109112121347208,4,47
BV08TR_0251,44,0.8077990712498718,3,47
BV08TR_0251,45,0.8044244833650759,2,47
BV08TR_0251,46,0.801204682458205,1,47
BV08TR_0251,47,0.7979597338617359,0,47
BV08TR_0252,0,0.9767564263715712,81,81
BV08TR_0252,1,0.9745846603802608,80,81
BV08TR_0252,2,0.9724652723085986,79,81
BV08TR_0252,3,0.9701938431020374,78,81
BV08TR_0252,4,0.9681599953623728,77,81
BV08TR_0252,5,0.9660442254752014,76,81
BV08TR_0252,6,0.9639570950900495,75,81
BV08TR_0252,7,0.9617513562181904,74,81
BV08TR_0252,8,0.9596523636029778,73,81
BV08TR_0252,9,0.957514439034862,72,81
BV08TR_0252,10,0.9554164053487368,71,81
BV08TR_0252,11,0.9532884189458296,70,81
BV08TR_0252,12,0.9511811181913288,69,81
BV08TR_0252,13,0.9491838603146286,68,81
BV08TR_0252,14,0.947040212125068,67,81
BV08TR_0252,15,0.945027236845274,66,81
BV08TR_0252,16,0.9429376890382405,65,81
BV08TR_0252,17,0.9408261963793249,64,81
BV08TR_0252,18,0.9388011891227115,63,81
BV08TR_0252,19,0.9367232483493166,62,81
BV08TR_0252,20,0.9346694632821436,61,81
BV08TR_0252,21,0.932565755081496,60,81
BV08TR_0252,22,0.9305466442538656,59,81
BV08TR_0252,23,0.9285058182203104,58,81
BV08TR_0252,24,0.9264188079576675,57,81
BV08TR_0252,25,0.9242638797930455,56,81
BV08TR_0252,26,0.9221163296684703,55,81
BV08TR_0252,27,0.9201834256663955,54,81
BV08TR_0252,28,0.9180860798522142,53,81
BV08TR_0252,29,0.9160509652497691,52,81
BV08TR_0252,30,0.9139564126656629,51,81
BV08TR_0252,31,0.911815834393652,50,81
BV08TR_0252,32,0.909619764144386,49,81
BV08TR_0252,33,0.9074317686093565,48,81
BV08TR_0252,34,0.9054036571567972,47,81
BV08TR_0252,35,0.9032324553501486,46,81
BV08TR_0252,36,0.9011328211349804,45,81
BV08TR_0252,37,0.8989905674885885,44,81
BV08TR_0252,38,0.8968980069062418,43,81
BV08TR_0252,39,0.8948101585727593,42,81
BV08TR_0252,40,0.8927528974206392,41,81
BV08TR_0252,41,0.890664940753994,40,81
BV08TR_0252,42,0.8885561107718727,39,81
BV08TR_0252,43,0.8863566024205686,38,81
BV08TR_0252,44,0.8842035516671198,37,81
BV08TR_0252,45,0.8820296706655855,36,81
BV08TR_0252,46,0.8798285985748,35,81
BV08TR_0252,47,0.8776617189023851,34,81
BV08TR_0252,48,0.875523082061671,33,81
BV08TR_0252,49,0.8733416271838998,32,81
BV08TR_0252,50,0.871209512630837,31,81
BV08TR_0252,51,0.869048297600671,30,81
BV08TR_0252,52,0.8668752166647381,29,81
BV08TR_0252,53,0.8646425456545715,28,81
BV08TR_0252,54,0.8624356227353911,27,81
BV08TR_0252,55,0.8602853446617573,26,81
BV08TR_0252,56,0.8580225450909889,25,81
BV08TR_0252,57,0.8558361517619955,24,81
BV08TR_0252,58,0.853638944855117,23,81
BV08TR_0252,59,0.8514848284636934,22,81
BV08TR_0252,60,0.8492104033095678,21,81
BV08TR_0252,61,0.8470654064104242,20,81
BV08TR_0252,62,0.8448947604408336,19,81
BV08TR_0252,63,0.8426782745779835,18,81
BV08TR_0252,64,0.8405367353505308,17,81
BV08TR_0252,65,0.838379337118141,16,81
BV08TR_0252,66,0.8360897566501395,15,81
BV08TR_0252,67,0.8334955951394482,14,81
BV08TR_0252,68,0.8309175584016693,13,81
BV08TR_0252,69,0.828129198055771,12,81
BV08TR_0252,70,0.8255546590590127,11,81
BV08TR_0252,71,0.8231324071551562,10,81
BV08TR_0252,72,0.8205440127564771,9,81
BV08TR_0252,73,0.817962969501133,8,81
BV08TR_0252,74,0.8154159419812951,7,81
BV08TR_0252,75,0.8128841490944486,6,81
BV08TR_0252,76,0.8103353013211992,5,81
BV08TR_0252,77,0.8077956329316986,4,81
BV08TR_0252,78,0.8052283201465155,3,81
BV08TR_0252,79,0.8026643228372088,2,81
BV08TR_0252,80,0.8001590726218918,1,81
BV08TR_0252,81,0.7976935423953999,0,81
BV08TR_0253,0,1.024333584889488,74,74
BV08TR_0253,1,1.0215921772167016,73,74
BV08TR_0253,2,1.018911679443685,72,74
BV08TR_0253,3,1.01622826755415,71,74
BV08TR_0253,4,1.013535811621484,70,74
BV08TR_0253,5,1.010925196704432,69,74
BV08TR_0253,6,1.0081732985398841,68,74
BV08TR_0253,7,1.0053834764054723,67,74
BV08TR_0253,8,1.002675093847111,66,74
BV08TR_0253,9,0.9999625155984478,65,74
BV08TR_0253,10,0.99727491494496,64,74
BV08TR_0253,11,0.9945649229683026,63,74
BV08TR_0253,12,0.9919498420695212,62,74
BV08TR_0253,13,0.9893268418735082,61,74
BV08TR_0253,14,0.9866425417371926,60,74
BV08TR_0253,15,0.9839120264503222,59,74
BV08TR_0253,16,0.9812188784169005,58,74
BV08TR_0253,17,0.9784250278277278,57,74
BV08TR_0253,18,0.9756281824614323,56,74
BV08TR_0253,19,0.9729380016860304,55,74
BV08TR_0253,20,0.9702270150559826,54,74
BV08TR_0253,21,0.967460742950424,53,74
BV08TR_0253,22,0.9646524567058646,52,74
BV08TR_0253,23,0.961930342114308,51,74
BV08TR_0253,24,0.9591908007140266,50,74
BV08TR_0253,25,0.9564326735192779,49,74
BV08TR_0253,26,0.9537031999539493,48,74
BV08TR_0253,27,0.9509581781999318,47,74
BV08TR_0253,28,0.9481220710338276,46,74
BV08TR_0253,29,0.9454359361245652,45,74
BV08TR_0253,30,0.9426719278867562,44,74
BV08TR_0253,31,0.9400596376399092,43,74
BV08TR_0253,32,0.9371258738853058,42,74
BV08TR_0253,33,0.9342936222592808,41,74
BV08TR_0253,34,0.931445701939958,40,74
BV08TR_0253,35,0.9285379446210612,39,74
BV08TR_0253,36,0.9257805593363932,38,74
BV08TR_0253,37,0.9230027932298064,37,74
BV08TR_0253,38,0.9202450902398246,36,74
BV08TR_0253,39,0.9174866718208347,35,74
BV08TR_0253,40,0.914689363884868,34,74
BV08TR_0253,41,0.9118025833645031,33,74
BV08TR_0253,42,0.909021261491778,32,74
BV08TR_0253,43,0.9061966475630512,31,74
BV08TR_0253,44,0.903335349137156,30,74
BV08TR_0253,45,0.9004159515454692,29,74
BV08TR_0253,46,0.8976147471170146,28,74
BV08TR_0253,47,0.8947612368702087,27,74
BV08TR_0253,48,0.891813988736864,26,74
BV08TR_0253,49,0.8889833380908894,25,74
BV08TR_0253,50,0.8861246899527907,24,74
BV08TR_0253,51,0.8833074278169017,23,74
BV08TR_0253,52,0.880572117803164,22,74
BV08TR_0253,53,0.8778616044033484,21,74
BV08TR_0253,54,0.8749490590040065,20,74
BV08TR_0253,55,0.8722455864195856,19,74
BV08TR_0253,56,0.8694233158338568,18,74
BV08TR_0253,57,0.8652617802517714,17,74
BV08TR_0253,58,0.8612750935141105,16,74
BV08TR_0253,59,0.8571036004537705,15,74
BV08TR_0253,60,0.8529521009907989,14,74
BV08TR_0253,61,0.8489142503131454,13,74
BV08TR_0253,62,0.844963257143952,12,74
BV08TR_0253,63,0.8407827394789658,11,74
BV08TR_0253,64,0.8366811516890015,10,74
BV08TR_0253,65,0.8325386672819489,9,74
BV08TR_0253,66,0.8285337417970884,8,74
BV08TR_0253,67,0.8245582714591004,7,74
BV08TR_0253,68,0.8205204893285447,6,74
BV08TR_0253,69,0.8163681825379668,5,74
BV08TR_0253,70,0.8122592518651905,4,74
BV08TR_0253,71,0.8083371593578978,3,74
BV08TR_0253,72,0.8044737866483366,2,74
BV08TR_0253,73,0.8006128068956195,1,74
BV08TR_0253,74,0.7965324530070179,0,74
BV08TR_0254,0,0.9617920700445894,83,83
BV08TR_0254,1,0.95981164998074,82,83
BV08TR_0254,2,0.9578836567057588,81,83
BV08TR_0254,3,0.955952169909304,80,83
BV08TR_0254,4,0.9541524018885512,79,83
BV08TR_0254,5,0.952210774680816,78,83
BV08TR_0254,6,0.9502882800535946,77,83
BV08TR_0254,7,0.948334424321419,76,83
BV08TR_0254,8,0.9463477576781858,75,83
BV08TR_0254,9,0.9444319706839912,74,83
BV08TR_0254,10,0.9424969958163824,73,83
BV08TR_0254,11,0.9405998333646958,72,83
BV08TR_0254,12,0.9386417466467468,71,83
BV08TR_0254,13,0.93680705635829,70,83
BV08TR_0254,14,0.9348712638677378,69,83
BV08TR_0254,15,0.932859283487191,68,83
BV08TR_0254,16,0.93097452248946,67,83
BV08TR_0254,17,0.9289762258767468,66,83
BV08TR_0254,18,0.9269758735870774,65,83
BV08TR_0254,19,0.9250541068111658,64,83
BV08TR_0254,20,0.92311155370185,63,83
BV08TR_0254,21,0.9212078241706088,62,83
BV08TR_0254,22,0.9191946325970072,61,83
BV08TR_0254,23,0.917282677568315,60,83
BV08TR_0254,24,0.9152741875133278,59,83
BV08TR_0254,25,0.9133670290785,58,83
BV08TR_0254,26,0.9114441972740124,57,83
BV08TR_0254,27,0.9095049996083432,56,83
BV08TR_0254,28,0.9074695434017944,55,83
BV08TR_0254,29,0.9054820403406912,54,83
BV08TR_0254,30,0.9035157173133305,53,83
BV08TR_0254,31,0.9014827711002245,52,83
BV08TR_0254,32,0.8996220587797246,51,83
BV08TR_0254,33,0.8976166551652172,50,83
BV08TR_0254,34,0.89558911116397,49,83
BV08TR_0254,35,0.8936111581274864,48,83
BV08TR_0254,36,0.8916439136157168,47,83
BV08TR_0254,37,0.889651662323301,46,83
BV08TR_0254,38,0.8876406087396421,45,83
BV08TR_0254,39,0.8855748819957252,44,83
BV08TR_0254,40,0.8836091351437071,43,83
BV08TR_0254,41,0.881623279470934,42,83
BV08TR_0254,42,0.879586659325519,41,83
BV08TR_0254,43,0.8776418987771772,40,83
BV08TR_0254,44,0.8755943587822917,39,83
BV08TR_0254,45,0.8735649651493642,38,83
BV08TR_0254,46,0.8716636964117279,37,83
BV08TR_0254,47,0.8696488384981148,36,83
BV08TR_0254,48,0.8676398814415844,35,83
BV08TR_0254,49,0.865678927694864,34,83
BV08TR_0254,50,0.8636943230761357,33,83
BV08TR_0254,51,0.861684315703259,32,83
BV08TR_0254,52,0.8597151702660992,31,83
BV08TR_0254,53,0.8577074260875878,30,83
BV08TR_0254,54,0.8557799541121042,29,83
BV08TR_0254,55,0.8537592648315846,28,83
BV08TR_0254,56,0.8517653430370894,27,83
BV08TR_0254,57,0.8499337080697102,26,83
BV08TR_0254,58,0.8480120916572449,25,83
BV08TR_0254,59,0.8461097455941528,24,83
BV08TR_0254,60,0.8441215304117373,23,83
BV08TR_0254,61,0.8421606154959158,22,83
BV08TR_0254,62,0.8402134288718718,21,83
BV08TR_0254,63,0.838343709362215,20,83
BV08TR_0254,64,0.8363337811812599,19,83
BV08TR_0254,65,0.8344516822430369,18,83
BV08TR_0254,66,0.8324245737405818,17,83
BV08TR_0254,67,0.8304414609662705,16,83
BV08TR_0254,68,0.8285224862799944,15,83
BV08TR_0254,69,0.8265997668260191,14,83
BV08TR_0254,70,0.8246660910160715,13,83
BV08TR_0254,71,0.8227595944646175,12,83
BV08TR_0254,72,0.8207620897183194,11,83
BV08TR_0254,73,0.8188569543057649,10,83
BV08TR_0254,74,0.8169514332636032,9,83
BV08TR_0254,75,0.8151019730944739,8,83
BV08TR_0254,76,0.8132184427800682,7,83
BV08TR_0254,77,0.811295696294389,6,83
BV08TR_0254,78,0.8093521408890374,5,83
BV08TR_0254,79,0.8074398386446061,4,83
BV08TR_0254,80,0.805484945385657,3,83
BV08TR_0254,81,0.8035583534001749,2,83
BV08TR_0254,82,0.8016011514479404,1,83
BV08TR_0254,83,0.7996685154786278,0,83
BV08TR_0255,0,1.02877109489344,83,83
BV08TR_0255,1,1.0260159937938484,82,83
BV08TR_0255,2,1.0232818039867333,81,83
BV08TR_0255,3,1.0203930588164964,80,83
BV08TR_0255,4,1.017669847241324,79,83
BV08TR_0255,5,1.0150839259094122,78,83
BV08TR_0255,6,1.012377150696061,77,83
BV08TR_0255,7,1.009792649975748,76,83
BV08TR_0255,8,1.0071695661894269,75,83
BV08TR_0255,9,1.004534265448395,74,83
BV08TR_0255,10,1.0019270844027262,73,83
BV08TR_0255,11,0.9992443183747944,72,83
BV08TR_0255,12,0.9964467338354486,71,83
BV08TR_0255,13,0.993721587597722,70,83
BV08TR_0255,14,0.9910722377155312,69,83
BV08TR_0255,15,0.988466509669102,68,83
BV08TR_0255,16,0.985863118641486,67,83
BV08TR_0255,17,0.9831987317450314,66,83
BV08TR_0255,18,0.98057166743249,65,83
BV08TR_0255,19,0.9778983340959704,64,83
BV08TR_0255,20,0.9752545096535032,63,83
BV08TR_0255,21,0.9724813797337964,62,83
BV08TR_0255,22,0.9697882692539666,61,83
BV08TR_0255,23,0.9671203988948828,60,83
BV08TR_0255,24,0.96447735121436,59,83
BV08TR_0255,25,0.9619339218825884,58,83
BV08TR_0255,26,0.9592667619471064,57,83
BV08TR_0255,27,0.956593602976391,56,83
BV08TR_0255,28,0.954110240369355,55,83
BV08TR_0255,29,0.951431776726912,54,83
BV08TR_0255,30,0.9487993556676868,53,83
BV08TR_0255,31,0.9460170955729384,52,83
BV08TR_0255,32,0.9432889852195964,51,83
BV08TR_0255,33,0.9407627347240104,50,83
BV08TR_0255,34,0.9378912621352942,49,83
BV08TR_0255,35,0.9350753746565216,48,83
BV08TR_0255,36,0.932335855024696,47,83
BV08TR_0255,37,0.9295742584802468,46,83
BV08TR_0255,38,0.9267656202848574,45,83
BV08TR_0255,39,0.9239443769468197,44,83
BV08TR_0255,40,0.9212564619579046,43,83
BV08TR_0255,41,0.9183652422632758,42,83
BV08TR_0255,42,0.9156694959741376,41,83
BV08TR_0255,43,0.91282846205105,40,83
BV08TR_0255,44,0.910019569667725,39,83
BV08TR_0255,45,0.9072851009684078,38,83
BV08TR_0255,46,0.9044894253532098,37,83
BV08TR_0255,47,0.90168427618443,36,83
BV08TR_0255,48,0.8988277875140012,35,83
BV08TR_0255,49,0.896000707353884,34,83
BV08TR_0255,50,0.8932504227259486,33,83
BV08TR_0255,51,0.890446581544385,32,83
BV08TR_0255,52,0.8876651916612865,31,83
BV08TR_0255,53,0.8846788665353505,30,83
BV08TR_0255,54,0.8819607665034035,29,83
BV08TR_0255,55,0.8791781229663946,28,83
BV08TR_0255,56,0.8763021559099378,27,83
BV08TR_0255,57,0.8734988050866492,26,83
BV08TR_0255,58,0.870627725662384,25,83
BV08TR_0255,59,0.8677457830269043,24,83
BV08TR_0255,60,0.8649144316828855,23,83
BV08TR_0255,61,0.8619101119691154,22,83
BV08TR_0255,62,0.8591727174134625,21,83
BV08TR_0255,63,0.856445672751252,20,83
BV08TR_0255,64,0.8537798964247879,19,83
BV08TR_0255,65,0.8510012402627894,18,83
BV08TR_0255,66,0.8481631899599189,17,83
BV08TR_0255,67,0.8454255816872035,16,83
BV08TR_0255,68,0.8427722534353768,15,83
BV08TR_0255,69,0.8399323874615136,14,83
BV08TR_0255,70,0.8371797314277365,13,83
BV08TR_0255,71,0.8343661716694555,12,83
BV08TR_0255,72,0.831599176772555,11,83
BV08TR_0255,73,0.8289058465863168,10,83
BV08TR_0255,74,0.8260822910801288,9,83
BV08TR_0255,75,0.8234691243771954,8,83
BV08TR_0255,76,0.8208026048296047,7,83
BV08TR_0255,77,0.818140036899001,6,83
BV08TR_0255,78,0.8155105081061514,5,83
BV08TR_0255,79,0.8117719455256852,4,83
BV08TR_0255,80,0.8079613765524031,3,83
BV08TR_0255,81,0.8041908592901821,2,83
BV08TR_0255,82,0.8003193710930102,1,83
BV08TR_0255,83,0.7962761419794432,0,83
BV08TR_0256,0,0.955795317406306,76,76
BV08TR_0256,1,0.9537809517853266,75,76
BV08TR_0256,2,0.951667162261652,74,76
BV08TR_0256,3,0.9495832558696178,73,76
BV08TR_0256,4,0.947501284438374,72,76
BV08TR_0256,5,0.9453593183180328,71,76
BV08TR_0256,6,0.943292686038014,70,76
BV08TR_0256,7,0.9411859499459656,69,76
BV08TR_0256,8,0.9390517236921202,68,76
BV08TR_0256,9,0.9369192847107116,67,76
BV08TR_0256,10,0.934907748283402,66,76
BV08TR_0256,11,0.932776232774179,65,76
BV08TR_0256,12,0.9306602654075498,64,76
BV08TR_0256,13,0.9285493818711344,63,76
BV08TR_0256,14,0.9265218350035995,62,76
BV08TR_0256,15,0.9245084815580586,61,76
BV08TR_0256,16,0.9224794984625346,60,76
BV08TR_0256,17,0.9203630254386864,59,76
BV08TR_0256,18,0.918280028512206,58,76
BV08TR_0256,19,0.9161787064354892,57,76
BV08TR_0256,20,0.9141202070678952,56,76
BV08TR_0256,21,0.9121165014851556,55,76
BV08TR_0256,22,0.9099854301800694,54,76
BV08TR_0256,23,0.9078721959486894,53,76
BV08TR_0256,24,0.9057648167610712,52,76
BV08TR_0256,25,0.903649700650942,51,76
BV08TR_0256,26,0.9015268887139876,50,76
BV08TR_0256,27,0.8995128345180226,49,76
BV08TR_0256,28,0.8974461783855255,48,76
BV08TR_0256,29,0.8953372643990355,47,76
BV08TR_0256,30,0.8933644621331734,46,76
BV08TR_0256,31,0.8913107643659474,45,76
BV08TR_0256,32,0.8892318413286974,44,76
BV08TR_0256,33,0.8872182112385018,43,76
BV08TR_0256,34,0.8851459980864738,42,76
BV08TR_0256,35,0.8831034068970178,41,76
BV08TR_0256,36,0.8810309267044508,40,76
BV08TR_0256,37,0.8790362950157543,39,76
BV08TR_0256,38,0.877085265997329,38,76
BV08TR_0256,39,0.8750307559582585,37,76
BV08TR_0256,40,0.8731416497406419,36,76
BV08TR_0256,41,0.87114345003827,35,76
BV08TR_0256,42,0.8691098803695342,34,76
BV08TR_0256,43,0.8670492347603362,33,76
BV08TR_0256,44,0.8650258311311806,32,76
BV08TR_0256,45,0.863031929158334,31,76
BV08TR_0256,46,0.8610014448147362,30,76
BV08TR_0256,47,0.8590282066186063,29,76
BV08TR_0256,48,0.8570445294851404,28,76
BV08TR_0256,49,0.8550061116733412,27,76
BV08TR_0256,50,0.8529909539701991,26,76
BV08TR_0256,51,0.8509222854664052,25,76
BV08TR_0256,52,0.848972259465148,24,76
BV08TR_0256,53,0.8469206514095476,23,76
BV08TR_0256,54,0.844923431520608,22,76
BV08TR_0256,55,0.8429473757601355,21,76
BV08TR_0256,56,0.8409519268763289,20,76
BV08TR_0256,57,0.8388978991573728,19,76
BV08TR_0256,58,0.8368501289341275,18,76
BV08TR_0256,59,0.8347931296522206,17,76
BV08TR_0256,60,0.8327602434204924,16,76
BV08TR_0256,61,0.8306880027771464,15,76
BV08TR_0256,62,0.8287221717608161,14,76
BV08TR_0256,63,0.8267161594355958,13,76
BV08TR_0256,64,0.8247104116794741,12,76
BV08TR_0256,65,0.822617262913806,11,76
BV08TR_0256,66,0.8205750920655074,10,76
BV08TR_0256,67,0.8185168648733111,9,76
BV08TR_0256,68,0.8163960888703345,8,76
BV08TR_0256,69,0.8143181886342236,7,76
BV08TR_0256,70,0.8122165070823758,6,76
BV08TR_0256,71,0.810144221027202,5,76
BV08TR_0256,72,0.808044165475466,4,76
BV08TR_0256,73,0.8059752871165424,3,76
BV08TR_0256,74,0.8039896230327799,2,76
BV08TR_0256,75,0.8019483852429216,1,76
BV08TR_0256,76,0.7997989971672284,0,76
BV08TR_0257,0,1.0183987842337452,78,78
BV08TR_0257,1,1.0157543713161026,77,78
BV08TR_0257,2,1.013167606744976,76,78
BV08TR_0257,3,1.010505971747232,75,78
BV08TR_0257,4,1.007785442517502,74,78
BV08TR_0257,5,1.0050588607352813,73,78
BV08TR_0257,6,1.002262913241034,72,78
BV08TR_0257,7,0.9996730929124578,71,78
BV08TR_0257,8,0.9969543791042044,70,78
BV08TR_0257,9,0.9942438949277765,69,78
BV08TR_0257,10,0.991496449696051,68,78
BV08TR_0257,11,0.988799224239886,67,78
BV08TR_0257,12,0.986128206943995,66,78
BV08TR_0257,13,0.983424618078794,65,78
BV08TR_0257,14,0.9806049649145,64,78
BV08TR_0257,15,0.9778493477325264,63,78
BV08TR_0257,16,0.9750180815643108,62,78
BV08TR_0257,17,0.972314128050463,61,78
BV08TR_0257,18,0.9695354750813292,60,78
BV08TR_0257,19,0.96700361559462,59,78
BV08TR_0257,20,0.964124403846514,58,78
BV08TR_0257,21,0.9614694384921626,57,78
BV08TR_0257,22,0.9586806808251952,56,78
BV08TR_0257,23,0.9559543624158108,55,78
BV08TR_0257,24,0.9530434957709089,54,78
BV08TR_0257,25,0.9503057201501952,53,78
BV08TR_0257,26,0.947625609192062,52,78
BV08TR_0257,27,0.9449136907332104,51,78
BV08TR_0257,28,0.942048421280908,50,78
BV08TR_0257,29,0.9394090393337334,49,78
BV08TR_0257,30,0.9366734344389122,48,78
BV08TR_0257,31,0.9339653124124794,47,78
BV08TR_0257,32,0.9311450214585199,46,78
BV08TR_0257,33,0.9284605986357464,45,78
BV08TR_0257,34,0.9257636252386112,44,78
BV08TR_0257,35,0.923078849214612,43,78
BV08TR_0257,36,0.920418394690725,42,78
BV08TR_0257,37,0.9177961232189265,41,78
BV08TR_0257,38,0.9151997860298784,40,78
BV08TR_0257,39,0.9125817512695352,39,78
BV08TR_0257,40,0.9099157365402102,38,78
BV08TR_0257,41,0.9072989148399861,37,78
BV08TR_0257,42,0.9047371712353788,36,78
BV08TR_0257,43,0.9021889170177115,35,78
BV08TR_0257,44,0.8995118441086062,34,78
BV08TR_0257,45,0.8968051441413613,33,78
BV08TR_0257,46,0.894149923356534,32,78
BV08TR_0257,47,0.8915564496926492,31,78
BV08TR_0257,48,0.8889323398604118,30,78
BV08TR_0257,49,0.8863456762061599,29,78
BV08TR_0257,50,0.8837333310164825,28,78
BV08TR_0257,51,0.8810880585828335,27,78
BV08TR_0257,52,0.8784770087479987,26,78
BV08TR_0257,53,0.8758259527799972,25,78
BV08TR_0257,54,0.8731506850731253,24,78
BV08TR_0257,55,0.8706029353565236,23,78
BV08TR_0257,56,0.8679807196038586,22,78
BV08TR_0257,57,0.865420569167016,21,78
BV08TR_0257,58,0.862807479095426,20,78
BV08TR_0257,59,0.8602070434875976,19,78
BV08TR_0257,60,0.8577477165704872,18,78
BV08TR_0257,61,0.855235864559816,17,78
BV08TR_0257,62,0.8521183282225524,16,78
BV08TR_0257,63,0.8490096042668152,15,78
BV08TR_0257,64,0.8457410449498483,14,78
BV08TR_0257,65,0.8424103505466565,13,78
BV08TR_0257,66,0.8392519537309678,12,78
BV08TR_0257,67,0.8359944344999546,11,78
BV08TR_0257,68,0.8327838899987198,10,78
BV08TR_0257,69,0.8294492022312443,9,78
BV08TR_0257,70,0.8260512908399336,8,78
BV08TR_0257,71,0.8227413094293407,7,78
BV08TR_0257,72,0.8195037369055237,6,78
BV08TR_0257,73,0.8160955906389874,5,78
BV08TR_0257,74,0.8129174677461499,4,78
BV08TR_0257,75,0.809631238190141,3,78
BV08TR_0257,76,0.8063356541469066,2,78
BV08TR_0257,77,0.8030039865103369,1,78
BV08TR_0257,78,0.7998292048306412,0,78
BV08TR_0258,0,1.0323339149461304,88,88
BV08TR_0258,1,1.0297239557749813,87,88
BV08TR_0258,2,1.0271915933079159,86,88
BV08TR_0258,3,1.024660897949877,85,88
BV08TR_0258,4,1.0220741874635868,84,88
BV08TR_0258,5,1.0194471291589713,83,88
BV08TR_0258,6,1.0168436676928676,82,88
BV08TR_0258,7,1.014264243721256,81,88
BV08TR_0258,8,1.0116480686515652,80,88
BV08TR_0258,9,1.008984766086234,79,88
BV08TR_0258,10,1.0063028841602077,78,88
BV08TR_0258,11,1.0039740042305356,77,88
BV08TR_0258,12,1.0013071276331273,76,88
BV08TR_0258,13,0.9986556821533412,75,88
BV08TR_0258,14,0.9960435680196797,74,88
BV08TR_0258,15,0.9931891193183572,73,88
BV08TR_0258,16,0.990632393124726,72,88
BV08TR_0258,17,0.9879871925627158,71,88
BV08TR_0258,18,0.9852552721366535,70,88
BV08TR_0258,19,0.982652236374118,69,88
BV08TR_0258,20,0.9799327225477223,68,88
BV08TR_0258,21,0.9773373221517332,67,88
BV08TR_0258,22,0.9746651509996644,66,88
BV08TR_0258,23,0.9719747589268132,65,88
BV08TR_0258,24,0.9692297964771102,64,88
BV08TR_0258,25,0.9665421932673935,63,88
BV08TR_0258,26,0.9638589665727444,62,88
BV08TR_0258,27,0.961113746689196,61,88
BV08TR_0258,28,0.958412812825626,60,88
BV08TR_0258,29,0.955694528977026,59,88
BV08TR_0258,30,0.9529599863962078,58,88
BV08TR_0258,31,0.9502931772546822,57,88
BV08TR_0258,32,0.9475788466219573,56,88
BV08TR_0258,33,0.944819953718806,55,88
BV08TR_0258,34,0.9421316254169112,54,88
BV08TR_0258,35,0.9393673591366895,53,88
BV08TR_0258,36,0.9365314153136376,52,88
BV08TR_0258,37,0.9338181704730651,51,88
BV08TR_0258,38,0.9311779799956293,50,88
BV08TR_0258,39,0.9284492966323064,49,88
BV08TR_0258,40,0.9257328760443184,48,88
BV08TR_0258,41,0.9230201731001884,47,88
BV08TR_0258,42,0.920238579898375,46,88
BV08TR_0258,43,0.9175341034862495,45,88
BV08TR_0258,44,0.9147579484159778,44,88
BV08TR_0258,45,0.9121135387874097,43,88
BV08TR_0258,46,0.9094390536693646,42,88
BV08TR_0258,47,0.9068383219964719,41,88
BV08TR_0258,48,0.9041518144172414,40,88
BV08TR_0258,49,0.9014135131276552,39,88
BV08TR_0258,50,0.8986367158001235,38,88
BV08TR_0258,51,0.8958736668560678,37,88
BV08TR_0258,52,0.893214355504132,36,88
BV08TR_0258,53,0.8905663551050688,35,88
BV08TR_0258,54,0.8878802628557854,34,88
BV08TR_0258,55,0.8852287121797094,33,88
BV08TR_0258,56,0.882512422159602,32,88
BV08TR_0258,57,0.8797592681906498,31,88
BV08TR_0258,58,0.8770819144956102,30,88
BV08TR_0258,59,0.8744668977770077,29,88
BV08TR_0258,60,0.8717955726026272,28,88
BV08TR_0258,61,0.8691373268455233,27,88
BV08TR_0258,62,0.866655888458586,26,88
BV08TR_0258,63,0.864034954313186,25,88
BV08TR_0258,64,0.8613933864847244,24,88
BV08TR_0258,65,0.8587494412534975,23,88
BV08TR_0258,66,0.8561270978901045,22,88
BV08TR_0258,67,0.8534778161065175,21,88
BV08TR_0258,68,0.8508231607421461,20,88
BV08TR_0258,69,0.8482047780376363,19,88
BV08TR_0258,70,0.8455631395909982,18,88
BV08TR_0258,71,0.8429215644953457,17,88
BV08TR_0258,72,0.8402833312984004,16,88
BV08TR_0258,73,0.8376563124557188,15,88
BV08TR_0258,74,0.835174378070928,14,88
BV08TR_0258,75,0.8325550656937434,13,88
BV08TR_0258,76,0.8299212627236318,12,88
BV08TR_0258,77,0.8274480797343824,11,88
BV08TR_0258,78,0.8248393203582802,10,88
BV08TR_0258,79,0.8222929275335128,9,88
BV08TR_0258,80,0.8196357316503354,8,88
BV08TR_0258,81,0.8170178610101548,7,88
BV08TR_0258,82,0.8144217000663103,6,88
BV08TR_0258,83,0.8117256390367436,5,88
BV08TR_0258,84,0.8090400018117327,4,88
BV08TR_0258,85,0.806503215794659,3,88
BV08TR_0258,86,0.8038665064162575,2,88
BV08TR_0258,87,0.801332598686658,1,88
BV08TR_0258,88,0.7986469529866904,0,88
BV08TR_0259,0,0.993593890527786,82,82
BV08TR_0259,1,0.9911896680162914,81,82
BV08TR_0259,2,0.9887682985682765,80,82
BV08TR_0259,3,0.9863157533499652,79,82
BV08TR_0259,4,0.9838611754044252,78,82
BV08TR_0259,5,0.9813383013979404,77,82
BV08TR_0259,6,0.9789114306117462,76,82
BV08TR_0259,7,0.9764971759445435,75,82
BV08TR_0259,8,0.9740568607749062,74,82
BV08TR_0259,9,0.9715279941336384,73,82
BV08TR_0259,10,0.969058977208707,72,82
BV08TR_0259,11,0.9666730581757084,71,82
BV08TR_0259,12,0.9642996438634914,70,82
BV08TR_0259,13,0.9620165401045926,69,82
BV08TR_0259,14,0.9596787598223272,68,82
BV08TR_0259,15,0.9573040696106082,67,82
BV08TR_0259,16,0.954953809103104,66,82
BV08TR_0259,17,0.9525824011749539,65,82
BV08TR_0259,18,0.9501627894040532,64,82
BV08TR_0259,19,0.9477047973934902,63,82
BV08TR_0259,20,0.9452396635168006,62,82
BV08TR_0259,21,0.942746110413027,61,82
BV08TR_0259,22,0.940208821891409,60,82
BV08TR_0259,23,0.9376845836464236,59,82
BV08TR_0259,24,0.9353180772980765,58,82
BV08TR_0259,25,0.9328813322311222,57,82
BV08TR_0259,26,0.930444124960716,56,82
BV08TR_0259,27,0.9280434394919403,55,82
BV08TR_0259,28,0.925733704741162,54,82
BV08TR_0259,29,0.9233564319002354,53,82
BV08TR_0259,30,0.9210742097288926,52,82
BV08TR_0259,31,0.9186311460695098,51,82
BV08TR_0259,32,0.916188422750988,50,82
BV08TR_0259,33,0.9137635277963124,49,82
BV08TR_0259,34,0.911375653510464,48,82
BV08TR_0259,35,0.908961126025213,47,82
BV08TR_0259,36,0.9067217615034292,46,82
BV08TR_0259,37,0.9043841847687066,45,82
BV08TR_0259,38,0.9019566940758598,44,82
BV08TR_0259,39,0.8995823410766434,43,82
BV08TR_0259,40,0.8973858759457831,42,82
BV08TR_0259,41,0.894981932599908,41,82
BV08TR_0259,42,0.8926377723228711,40,82
BV08TR_0259,43,0.8902522072636102,39,82
BV08TR_0259,44,0.8879691445710522,38,82
BV08TR_0259,45,0.8855785856789368,37,82
BV08TR_0259,46,0.8833085841024342,36,82
BV08TR_0259,47,0.880982643832618,35,82
BV08TR_0259,48,0.8787143741451205,34,82
BV08TR_0259,49,0.8764268452219472,33,82
BV08TR_0259,50,0.8740604040413626,32,82
BV08TR_0259,51,0.8718201770642908,31,82
BV08TR_0259,52,0.8694727556235252,30,82
BV08TR_0259,53,0.86716621965597,29,82
BV08TR_0259,54,0.8648398900170248,28,82
BV08TR_0259,55,0.8626351523646895,27,82
BV08TR_0259,56,0.8603171272448785,26,82
BV08TR_0259,57,0.8580257201442592,25,82
BV08TR_0259,58,0.8557538300904723,24,82
BV08TR_0259,59,0.85337061733893,23,82
BV08TR_0259,60,0.8511031366674358,22,82
BV08TR_0259,61,0.8488239799486924,21,82
BV08TR_0259,62,0.8465259773406815,20,82
BV08TR_0259,63,0.8440796929114343,19,82
BV08TR_0259,64,0.841774560960793,18,82
BV08TR_0259,65,0.8393092520745632,17,82
BV08TR_0259,66,0.8369622648591153,16,82
BV08TR_0259,67,0.8346402377055734,15,82
BV08TR_0259,68,0.8322557017887985,14,82
BV08TR_0259,69,0.8298751426986875,13,82
BV08TR_0259,70,0.8275628247658824,12,82
BV08TR_0259,71,0.8252493806552458,11,82
BV08TR_0259,72,0.8228199671578837,10,82
BV08TR_0259,73,0.8203250641080319,9,82
BV08TR_0259,74,0.8178289280475367,8,82
BV08TR_0259,75,0.8154914703006635,7,82
BV08TR_0259,76,0.8131092483807335,6,82
BV08TR_0259,77,0.8106909033074553,5,82
BV08TR_0259,78,0.8082901039527756,4,82
BV08TR_0259,79,0.8059542418240635,3,82
BV08TR_0259,80,0.8035186984520325,2,82
BV08TR_0259,81,0.8010587370936694,1,82
BV08TR_0259,82,0.7985720161556832,0,82
BV08TR_0260,0,0.9794687915733092,68,68
BV08TR_0260,1,0.9770480840953086,67,68
BV08TR_0260,2,0.974713536480548,66,68
BV08TR_0260,3,0.9724570358493105,65,68
BV08TR_0260,4,0.9701291440203138,64,68
BV08TR_0260,5,0.9678029248036591,63,68
BV08TR_0260,6,0.9654774033032372,62,68
BV08TR_0260,7,0.9632080057150568,61,68
BV08TR_0260,8,0.9609405121166505,60,68
BV08TR_0260,9,0.9585231421373488,59,68
BV08TR_0260,10,0.9562015706034568,58,68
BV08TR_0260,11,0.9537686259038662,57,68
BV08TR_0260,12,0.9513774873062568,56,68
BV08TR_0260,13,0.9491544195777032,55,68
BV08TR_0260,14,0.9468100937988492,54,68
BV08TR_0260,15,0.9444207438322104,53,68
BV08TR_0260,16,0.942212609469748,52,68
BV08TR_0260,17,0.9399670551997112,51,68
BV08TR_0260,18,0.9376874692118015,50,68
BV08TR_0260,19,0.9354013207808145,49,68
BV08TR_0260,20,0.9330015672641923,48,68
BV08TR_0260,21,0.930674808095797,47,68
BV08TR_0260,22,0.9283477208541344,46,68
BV08TR_0260,23,0.9260223002172682,45,68
BV08TR_0260,24,0.9236286296610338,44,68
BV08TR_0260,25,0.9212621744119048,43,68
BV08TR_0260,26,0.918930970233803,42,68
BV08TR_0260,27,0.9166363013963243,41,68
BV08TR_0260,28,0.9142510570363273,40,68
BV08TR_0260,29,0.9119573681778568,39,68
BV08TR_0260,30,0.909628929400683,38,68
BV08TR_0260,31,0.9072319761887445,37,68
BV08TR_0260,32,0.9048516378463946,36,68
BV08TR_0260,33,0.9024559391367126,35,68
BV08TR_0260,34,0.8999854503767989,34,68
BV08TR_0260,35,0.8976487737223436,33,68
BV08TR_0260,36,0.8953174663411778,32,68
BV08TR_0260,37,0.8929122589772951,31,68
BV08TR_0260,38,0.8905268592358218,30,68
BV08TR_0260,39,0.8881654647271136,29,68
BV08TR_0260,40,0.8857071185650686,28,68
BV08TR_0260,41,0.8834097216357336,27,68
BV08TR_0260,42,0.8809906807336818,26,68
BV08TR_0260,43,0.8785716994295057,25,68
BV08TR_0260,44,0.8761919847532899,24,68
BV08TR_0260,45,0.8737914424467341,23,68
BV08TR_0260,46,0.8715210609821724,22,68
BV08TR_0260,47,0.8689970543813909,21,68
BV08TR_0260,48,0.8665547990542882,20,68
BV08TR_0260,49,0.8641462986226344,19,68
BV08TR_0260,50,0.8606761390304059,18,68
BV08TR_0260,51,0.8574285310522441,17,68
BV08TR_0260,52,0.8540193057326655,16,68
BV08TR_0260,53,0.8505602951861058,15,68
BV08TR_0260,54,0.8471477961851333,14,68
BV08TR_0260,55,0.8437394406690845,13,68
BV08TR_0260,56,0.8403993568583062,12,68
BV08TR_0260,57,0.8370543502751006,11,68
BV08TR_0260,58,0.833747360313283,10,68
BV08TR_0260,59,0.830397076201145,9,68
BV08TR_0260,60,0.8269269067775002,8,68
BV08TR_0260,61,0.823478675537635,7,68
BV08TR_0260,62,0.820132937123327,6,68
BV08TR_0260,63,0.8167075893059665,5,68
BV08TR_0260,64,0.8132158477570686,4,68
BV08TR_0260,65,0.8098727119504108,3,68
BV08TR_0260,66,0.8065761064737018,2,68
BV08TR_0260,67,0.8033052794339722,1,68
BV08TR_0260,68,0.7998352508519083,0,68
BV08TR_0261,0,1.0316768070049511,80,80
BV08TR_0261,1,1.0288953899310516,79,80
BV08TR_0261,2,1.02597979961764,78,80
BV08TR_0261,3,1.023080318502853,77,80
BV08TR_0261,4,1.0201869466719995,76,80
BV08TR_0261,5,1.0172277008374735,75,80
BV08TR_0261,6,1.0143930190315487,74,80
BV08TR_0261,7,1.0115133031394474,73,80
BV08TR_0261,8,1.008743611935631,72,80
BV08TR_0261,9,1.00579213906619,71,80
BV08TR_0261,10,1.0029862606220639,70,80
BV08TR_0261,11,1.000134715141,69,80
BV08TR_0261,12,0.9973997174013678,68,80
BV08TR_0261,13,0.9944403999679367,67,80
BV08TR_0261,14,0.9916064936920927,66,80
BV08TR_0261,15,0.9888885481440562,65,80
BV08TR_0261,16,0.9859898794873788,64,80
BV08TR_0261,17,0.9831360409092932,63,80
BV08TR_0261,18,0.980325940551645,62,80
BV08TR_0261,19,0.9774141549392305,61,80
BV08TR_0261,20,0.974500664996556,60,80
BV08TR_0261,21,0.9716078338150328,59,80
BV08TR_0261,22,0.968747904200036,58,80
BV08TR_0261,23,0.9658319588823,57,80
BV08TR_0261,24,0.9629255561832744,56,80
BV08TR_0261,25,0.9600042572669925,55,80
BV08TR_0261,26,0.9570885565742715,54,80
BV08TR_0261,27,0.954309573925004,53,80
BV08TR_0261,28,0.9514832575420586,52,80
BV08TR_0261,29,0.9485539589381938,51,80
BV08TR_0261,30,0.9454963513741544,50,80
BV08TR_0261,31,0.942536926934184,49,80
BV08TR_0261,32,0.9396379684544472,48,80
BV08TR_0261,33,0.9366881948343355,47,80
BV08TR_0261,34,0.933711889806652,46,80
BV08TR_0261,35,0.930775471957614,45,80
BV08TR_0261,36,0.9277284300934848,44,80
BV08TR_0261,37,0.924900919627724,43,80
BV08TR_0261,38,0.9219710413901842,42,80
BV08TR_0261,39,0.918961923106948,41,80
BV08TR_0261,40,0.9160877357641768,40,80
BV08TR_0261,41,0.9131893479208149,39,80
BV08TR_0261,42,0.910246116584582,38,80
BV08TR_0261,43,0.9072814004446323,37,80
BV08TR_0261,44,0.9042472117844061,36,80
BV08TR_0261,45,0.901366123857822,35,80
BV08TR_0261,46,0.898374089839368,34,80
BV08TR_0261,47,0.895317789904212,33,80
BV08TR_0261,48,0.892296523364771,32,80
BV08TR_0261,49,0.889334521182244,31,80
BV08TR_0261,50,0.8863008951524498,30,80
BV08TR_0261,51,0.8834836788189498,29,80
BV08TR_0261,52,0.8805599241748328,28,80
BV08TR_0261,53,0.8774524249478048,27,80
BV08TR_0261,54,0.8744351741716424,26,80
BV08TR_0261,55,0.871546239144323,25,80
BV08TR_0261,56,0.8687067950455366,24,80
BV08TR_0261,57,0.8657038120175486,23,80
BV08TR_0261,58,0.8626487179854768,22,80
BV08TR_0261,59,0.8595980884640227,21,80
BV08TR_0261,60,0.856656702163034,20,80
BV08TR_0261,61,0.8538270899651336,19,80
BV08TR_0261,62,0.8508364911603838,18,80
BV08TR_0261,63,0.8479357093007247,17,80
BV08TR_0261,64,0.844941183965727,16,80
BV08TR_0261,65,0.8420276028649891,15,80
BV08TR_0261,66,0.8392619116236198,14,80
BV08TR_0261,67,0.8363093544681739,13,80
BV08TR_0261,68,0.8333748049921054,12,80
BV08TR_0261,69,0.8304768369830086,11,80
BV08TR_0261,70,0.827570373310613,10,80
BV08TR_0261,71,0.824698631969945,9,80
BV08TR_0261,72,0.8218299633726974,8,80
BV08TR_0261,73,0.8189070563311054,7,80
BV08TR_0261,74,0.8160629654232981,6,80
BV08TR_0261,75,0.8133322092747459,5,80
BV08TR_0261,76,0.8105228451016435,4,80
BV08TR_0261,77,0.8075729842263555,3,80
BV08TR_0261,78,0.8047574707534572,2,80
BV08TR_0261,79,0.801997381404352,1,80
BV08TR_0261,80,0.799050394317041,0,80
BV08TR_0262,0,1.0168097918331167,107,107
BV08TR_0262,1,1.0147706726122214,106,107
BV08TR_0262,2,1.0126462324802044,105,107
BV08TR_0262,3,1.010557543666229,104,107
BV08TR_0262,4,1.0085559586752741,103,107
BV08TR_0262,5,1.006462776494449,102,107
BV08TR_0262,6,1.0043400781001894,101,107
BV08TR_0262,7,1.0022563969660792,100,107
BV08TR_0262,8,1.000225929795458,99,107
BV08TR_0262,9,0.9981694004013492,98,107
BV08TR_0262,10,0.9961944193201872,97,107
BV08TR_0262,11,0.994116281403298,96,107
BV08TR_0262,12,0.99202709836546,95,107
BV08TR_0262,13,0.9899180718727614,94,107
BV08TR_0262,14,0.9878395723916242,93,107
BV08TR_0262,15,0.985746742229814,92,107
BV08TR_0262,16,0.9837614565386565,91,107
BV08TR_0262,17,0.9816565658540702,90,107
BV08TR_0262,18,0.9795595318036464,89,107
BV08TR_0262,19,0.9774208694552824,88,107
BV08TR_0262,20,0.9753209334797696,87,107
BV08TR_0262,21,0.9732194302123525,86,107
BV08TR_0262,22,0.9711965062406286,85,107
BV08TR_0262,23,0.9691468162650935,84,107
BV08TR_0262,24,0.967064368569708,83,107
BV08TR_0262,25,0.9649627863833526,82,107
BV08TR_0262,26,0.9628713967521925,81,107
BV08TR_0262,27,0.96089499111757,80,107
BV08TR_0262,28,0.9587443901386254,79,107
BV08TR_0262,29,0.9566844775246724,78,107
BV08TR_0262,30,0.9546417515119884,77,107
BV08TR_0262,31,0.9525877282605268,76,107
BV08TR_0262,32,0.9505549971720754,75,107
BV08TR_0262,33,0.9485693955764982,74,107
BV08TR_0262,34,0.9464885224073315,73,107
BV08TR_0262,35,0.944484025511588,72,107
BV08TR_0262,36,0.9422805277886882,71,107
BV08TR_0262,37,0.9403173277847572,70,107
BV08TR_0262,38,0.9382620739715005,69,107
BV08TR_0262,39,0.936406212732636,68,107
BV08TR_0262,40,0.934376373490582,67,107
BV08TR_0262,41,0.9323568043413638,66,107
BV08TR_0262,42,0.9303235258319196,65,107
BV08TR_0262,43,0.9283650053603816,64,107
BV08TR_0262,44,0.926395135390356,63,107
BV08TR_0262,45,0.924374890889952,62,107
BV08TR_0262,46,0.9224102747400722,61,107
BV08TR_0262,47,0.92046737872945,60,107
BV08TR_0262,48,0.9185711252547372,59,107
BV08TR_0262,49,0.9166595517523158,58,107
BV08TR_0262,50,0.9146446439482455,57,107
BV08TR_0262,51,0.9126377087106126,56,107
BV08TR_0262,52,0.9106694224937092,55,107
BV08TR_0262,53,0.9087337033838968,54,107
BV08TR_0262,54,0.9067491571346912,53,107
BV08TR_0262,55,0.904611751021152,52,107
BV08TR_0262,56,0.9025978004745902,51,107
BV08TR_0262,57,0.9005625991458568,50,107
BV08TR_0262,58,0.8986060597701574,49,107
BV08TR_0262,59,0.8966780572600692,48,107
BV08TR_0262,60,0.894683357324525,47,107
BV08TR_0262,61,0.8926691992489157,46,107
BV08TR_0262,62,0.8906303849396402,45,107
BV08TR_0262,63,0.8887176965871966,44,107
BV08TR_0262,64,0.8867445363074388,43,107
BV08TR_0262,65,0.884705305431399,42,107
BV08TR_0262,66,0.882682485380824,41,107
BV08TR_0262,67,0.8805702515018244,40,107
BV08TR_0262,68,0.8784268701701967,39,107
BV08TR_0262,69,0.8763407002606214,38,107
BV08TR_0262,70,0.8743246271244078,37,107
BV08TR_0262,71,0.8722868595644385,36,107
BV08TR_0262,72,0.870255088355355,35,107
BV08TR_0262,73,0.868169157079946,34,107
BV08TR_0262,74,0.8661564636132034,33,107
BV08TR_0262,75,0.8640863667619859,32,107
BV08TR_0262,76,0.8620327405020859,31,107
BV08TR_0262,77,0.8599026297964474,30,107
BV08TR_0262,78,0.8579119353329466,29,107
BV08TR_0262,79,0.855882423317049,28,107
BV08TR_0262,80,0.8537404108017999,27,107
BV08TR_0262,81,0.851627032785154,26,107
BV08TR_0262,82,0.84959424623511,25,107
BV08TR_0262,83,0.8474939147534665,24,107
BV08TR_0262,84,0.8454270312595648,23,107
BV08TR_0262,85,0.8433184760548902,22,107
BV08TR_0262,86,0.8412744205355289,21,107
BV08TR_0262,87,0.8390813804095671,20,107
BV08TR_0262,88,0.8369048189571766,19,107
BV08TR_0262,89,0.8349396106038722,18,107
BV08TR_0262,90,0.8330071304096971,17,107
BV08TR_0262,91,0.8309298462071611,16,107
BV08TR_0262,92,0.8289108315281695,15,107
BV08TR_0262,93,0.8268530413693725,14,107
BV08TR_0262,94,0.8247811548373785,13,107
BV08TR_0262,95,0.8226856648231023,12,107
BV08TR_0262,96,0.8206236773588922,11,107
BV08TR_0262,97,0.8185820214650376,10,107
BV08TR_0262,98,0.8164922110785955,9,107
BV08TR_0262,99,0.8144889022761957,8,107
BV08TR_0262,100,0.8124430252544123,7,107
BV08TR_0262,101,0.8104180848563477,6,107
BV08TR_0262,102,0.8083757415822468,5,107
BV08TR_0262,103,0.806301820833263,4,107
BV08TR_0262,104,0.8043377833143388,3,107
BV08TR_0262,105,0.8023222760909704,2,107
BV08TR_0262,106,0.8003427282543368,1,107
BV08TR_0262,107,0.7983093442170943,0,107
BV08TR_0263,0,1.0353027079431432,80,80
BV08TR_0263,1,1.0325632473305495,79,80
BV08TR_0263,2,1.0298702061449931,78,80
BV08TR_0263,3,1.0272205827141847,77,80
BV08TR_0263,4,1.024529821883282,76,80
BV08TR_0263,5,1.0218334110509144,75,80
BV08TR_0263,6,1.0192708312524683,74,80
BV08TR_0263,7,1.0166625747087323,73,80
BV08TR_0263,8,1.0139918607049754,72,80
BV08TR_0263,9,1.0113505859445109,71,80
BV08TR_0263,10,1.00870012472114,70,80
BV08TR_0263,11,1.0059178857478523,69,80
BV08TR_0263,12,1.0031589150300817,68,80
BV08TR_0263,13,1.0004850588796044,67,80
BV08TR_0263,14,0.997749962231542,66,80
BV08TR_0263,15,0.995110356408312,65,80
BV08TR_0263,16,0.9925394024035572,64,80
BV08TR_0263,17,0.9898844992139172,63,80
BV08TR_0263,18,0.9872251161502368,62,80
BV08TR_0263,19,0.9845587712749878,61,80
BV08TR_0263,20,0.9820405201321848,60,80
BV08TR_0263,21,0.9794751515885075,59,80
BV08TR_0263,22,0.9769005073411638,58,80
BV08TR_0263,23,0.974219630243316,57,80
BV08TR_0263,24,0.9717144794643992,56,80
BV08TR_0263,25,0.9691070847977038,55,80
BV08TR_0263,26,0.96649618024473,54,80
BV08TR_0263,27,0.9639759382299132,53,80
BV08TR_0263,28,0.9613004702187447,52,80
BV08TR_0263,29,0.9587567522629864,51,80
BV08TR_0263,30,0.9561638424186146,50,80
BV08TR_0263,31,0.9535125669992135,49,80
BV08TR_0263,32,0.9509305522103836,48,80
BV08TR_0263,33,0.9484799120092856,47,80
BV08TR_0263,34,0.9459244775906251,46,80
BV08TR_0263,35,0.9433137647616162,45,80
BV08TR_0263,36,0.9406698958937117,44,80
BV08TR_0263,37,0.9381443105131004,43,80
BV08TR_0263,38,0.9356558635488786,42,80
BV08TR_0263,39,0.9331805094578368,41,80
BV08TR_0263,40,0.9306708162448475,40,80
BV08TR_0263,41,0.928063718389808,39,80
BV08TR_0263,42,0.9256256751739887,38,80
BV08TR_0263,43,0.9231894110022764,37,80
BV08TR_0263,44,0.9205999496815326,36,80
BV08TR_0263,45,0.9180254281941544,35,80
BV08TR_0263,46,0.9155827085068478,34,80
BV08TR_0263,47,0.9130124611916534,33,80
BV08TR_0263,48,0.9105784960353246,32,80
BV08TR_0263,49,0.9080871844291074,31,80
BV08TR_0263,50,0.9054813826277744,30,80
BV08TR_0263,51,0.9030598136272672,29,80
BV08TR_0263,52,0.9004281037628626,28,80
BV08TR_0263,53,0.8979348868316022,27,80
BV08TR_0263,54,0.895409669889305,26,80
BV08TR_0263,55,0.8928535502738464,25,80
BV08TR_0263,56,0.8902636740457335,24,80
BV08TR_0263,57,0.8876602234259041,23,80
BV08TR_0263,58,0.8837298591961057,22,80
BV08TR_0263,59,0.8798823665615825,21,80
BV08TR_0263,60,0.8759660265915574,20,80
BV08TR_0263,61,0.8721024407930362,19,80
BV08TR_0263,62,0.868151410024545,18,80
BV08TR_0263,63,0.8641001917603954,17,80
BV08TR_0263,64,0.8601389763390256,16,80
BV08TR_0263,65,0.8561329826581628,15,80
BV08TR_0263,66,0.8522146778300576,14,80
BV08TR_0263,67,0.848360365314662,13,80
BV08TR_0263,68,0.8446040842769308,12,80
BV08TR_0263,69,0.8405983373475496,11,80
BV08TR_0263,70,0.8368075879830668,10,80
BV08TR_0263,71,0.8326849698642353,9,80
BV08TR_0263,72,0.828721632821155,8,80
BV08TR_0263,73,0.8247078878085109,7,80
BV08TR_0263,74,0.8206837837038194,6,80
BV08TR_0263,75,0.816689418025297,5,80
BV08TR_0263,76,0.8126169451670056,4,80
BV08TR_0263,77,0.8084899403060088,3,80
BV08TR_0263,78,0.8046405701309202,2,80
BV08TR_0263,79,0.8005899323525075,1,80
BV08TR_0263,80,0.7968081960852202,0,80
BV08TR_0264,0,1.0457703000844834,76,76
BV08TR_0264,1,1.042478689243117,75,76
BV08TR_0264,2,1.039183527920907,74,76
BV08TR_0264,3,1.035817157496716,73,76
BV08TR_0264,4,1.0325844367525685,72,76
BV08TR_0264,5,1.0292902508390844,71,76
BV08TR_0264,6,1.0260092640434202,70,76
BV08TR_0264,7,1.0229092442924161,69,76
BV08TR_0264,8,1.0196558647601253,68,76
BV08TR_0264,9,1.0163744357618647,67,76
BV08TR_0264,10,1.013160426420608,66,76
BV08TR_0264,11,1.0100211160535593,65,76
BV08TR_0264,12,1.0068661538556225,64,76
BV08TR_0264,13,1.0036800401203065,63,76
BV08TR_0264,14,1.000355504811948,62,76
BV08TR_0264,15,0.9971555964272312,61,76
BV08TR_0264,16,0.9939733953697,60,76
BV08TR_0264,17,0.9907018682524777,59,76
BV08TR_0264,18,0.9876139818297262,58,76
BV08TR_0264,19,0.9843289182024044,57,76
BV08TR_0264,20,0.981175553329875,56,76
BV08TR_0264,21,0.9782135438502285,55,76
BV08TR_0264,22,0.9751408804503524,54,76
BV08TR_0264,23,0.9719400318376162,53,76
BV08TR_0264,24,0.9686941543298858,52,76
BV08TR_0264,25,0.9655483145385264,51,76
BV08TR_0264,26,0.962309573772214,50,76
BV08TR_0264,27,0.9590947546874045,49,76
BV08TR_0264,28,0.955800525403562,48,76
BV08TR_0264,29,0.952626962388192,47,76
BV08TR_0264,30,0.9493896975785765,46,76
BV08TR_0264,31,0.9461217201474325,45,76
BV08TR_0264,32,0.942859188140825,44,76
BV08TR_0264,33,0.9396968028770738,43,76
BV08TR_0264,34,0.9364469681179994,42,76
BV08TR_0264,35,0.9333650011966086,41,76
BV08TR_0264,36,0.9301944332336558,40,76
BV08TR_0264,37,0.926967389470615,39,76
BV08TR_0264,38,0.9236298826011504,38,76
BV08TR_0264,39,0.9203487819706685,37,76
BV08TR_0264,40,0.9170095712502246,36,76
BV08TR_0264,41,0.9137795409073688,35,76
BV08TR_0264,42,0.910489256086833,34,76
BV08TR_0264,43,0.9073040429636988,33,76
BV08TR_0264,44,0.9040529730383404,32,76
BV08TR_0264,45,0.9008387178652992,31,76
BV08TR_0264,46,0.8975308833663624,30,76
BV08TR_0264,47,0.894176298244939,29,76
BV08TR_0264,48,0.8908412344016244,28,76
BV08TR_0264,49,0.8875010454741632,27,76
BV08TR_0264,50,0.8840868643868502,26,76
BV08TR_0264,51,0.8809075347651434,25,76
BV08TR_0264,52,0.8775833016530374,24,76
BV08TR_0264,53,0.8742410200734816,23,76
BV08TR_0264,54,0.8707812151282174,22,76
BV08TR_0264,55,0.8675329922878474,21,76
BV08TR_0264,56,0.8641330357632068,20,76
BV08TR_0264,57,0.8605707522556681,19,76
BV08TR_0264,58,0.8572181606020616,18,76
BV08TR_0264,59,0.8538528800547595,17,76
BV08TR_0264,60,0.8503579640650926,16,76
BV08TR_0264,61,0.847004681629905,15,76
BV08TR_0264,62,0.843811668430315,14,76
BV08TR_0264,63,0.8406086359474187,13,76
BV08TR_0264,64,0.8374326634997654,12,76
BV08TR_0264,65,0.8341244764940184,11,76
BV08TR_0264,66,0.8307003001238833,10,76
BV08TR_0264,67,0.8274068653789134,9,76
BV08TR_0264,68,0.8242000882446489,8,76
BV08TR_0264,69,0.820959876446604,7,76
BV08TR_0264,70,0.817624698755603,6,76
BV08TR_0264,71,0.814477426918413,5,76
BV08TR_0264,72,0.8110190390940956,4,76
BV08TR_0264,73,0.8077680560736763,3,76
BV08TR_0264,74,0.8044631960857268,2,76
BV08TR_0264,75,0.8012652832535628,1,76
BV08TR_0264,76,0.7980300097526609,0,76
BV08TR_0265,0,1.038256205155547,70,70
BV08TR_0265,1,1.0348565152649951,69,70
BV08TR_0265,2,1.0315488073899832,68,70
BV08TR_0265,3,1.028228091080412,67,70
BV08TR_0265,4,1.0249055495265882,66,70
BV08TR_0265,5,1.0216086493423424,65,70
BV08TR_0265,6,1.018249312741884,64,70
BV08TR_0265,7,1.0148616631307465,63,70
BV08TR_0265,8,1.0115272938926974,62,70
BV08TR_0265,9,1.008095011765842,61,70
BV08TR_0265,10,1.0049090669105623,60,70
BV08TR_0265,11,1.0017471377325162,59,70
BV08TR_0265,12,0.998438593937502,58,70
BV08TR_0265,13,0.9951494321816347,57,70
BV08TR_0265,14,0.9919946772488996,56,70
BV08TR_0265,15,0.9886889725062512,55,70
BV08TR_0265,16,0.9854452918049436,54,70
BV08TR_0265,17,0.9823263186345412,53,70
BV08TR_0265,18,0.9790692936156332,52,70
BV08TR_0265,19,0.9759042457042086,51,70
BV08TR_0265,20,0.9728104320147064,50,70
BV08TR_0265,21,0.9695830486143872,49,70
BV08TR_0265,22,0.9664686320638372,48,70
BV08TR_0265,23,0.9632285838832724,47,70
BV08TR_0265,24,0.95988609928404,46,70
BV08TR_0265,25,0.9566718491995388,45,70
BV08TR_0265,26,0.9533653338065124,44,70
BV08TR_0265,27,0.9502367530382572,43,70
BV08TR_0265,28,0.946942989851056,42,70
BV08TR_0265,29,0.9436888481785812,41,70
BV08TR_0265,30,0.9403726328235256,40,70
BV08TR_0265,31,0.9372758449660374,39,70
BV08TR_0265,32,0.9340616740810228,38,70
BV08TR_0265,33,0.9309909724294506,37,70
BV08TR_0265,34,0.9277010766072158,36,70
BV08TR_0265,35,0.9244818865426684,35,70
BV08TR_0265,36,0.9213339948014928,34,70
BV08TR_0265,37,0.9183391119130522,33,70
BV08TR_0265,38,0.915118492388919,32,70
BV08TR_0265,39,0.9121579475362,31,70
BV08TR_0265,40,0.909085701669681,30,70
BV08TR_0265,41,0.9060343396073788,29,70
BV08TR_0265,42,0.9029154238713868,28,70
BV08TR_0265,43,0.8997294642003671,27,70
BV08TR_0265,44,0.8965400081318744,26,70
BV08TR_0265,45,0.8933891222783746,25,70
BV08TR_0265,46,0.89018397901514,24,70
BV08TR_0265,47,0.8870202400621437,23,70
BV08TR_0265,48,0.88389935986983,22,70
BV08TR_0265,49,0.8807161003071283,21,70
BV08TR_0265,50,0.877634732009503,20,70
BV08TR_0265,51,0.8743676814136364,19,70
BV08TR_0265,52,0.8711631327229707,18,70
BV08TR_0265,53,0.8679198108547534,17,70
BV08TR_0265,54,0.8639921268416314,16,70
BV08TR_0265,55,0.8597724698430144,15,70
BV08TR_0265,56,0.8558602708229419,14,70
BV08TR_0265,57,0.8517737274643862,13,70
BV08TR_0265,58,0.8476104039085941,12,70
BV08TR_0265,59,0.8435256903662504,11,70
BV08TR_0265,60,0.83954537501239,10,70
BV08TR_0265,61,0.8355937869686608,9,70
BV08TR_0265,62,0.8315343456764478,8,70
BV08TR_0265,63,0.8273888035039775,7,70
BV08TR_0265,64,0.8233543851755986,6,70
BV08TR_0265,65,0.8191271652755533,5,70
BV08TR_0265,66,0.8149902856618245,4,70
BV08TR_0265,67,0.8108087489269608,3,70
BV08TR_0265,68,0.8066461135737502,2,70
BV08TR_0265,69,0.8024587751989787,1,70
BV08TR_0265,70,0.798410215990773,0,70
BV08TR_0266,0,0.9777620304540594,83,83
BV08TR_0266,1,0.9755300250571765,82,83
BV08TR_0266,2,0.973293671084367,81,83
BV08TR_0266,3,0.97110038919771,80,83
BV08TR_0266,4,0.9688123576803616,79,83
BV08TR_0266,5,0.966515893215992,78,83
BV08TR_0266,6,0.9643504607724518,77,83
BV08TR_0266,7,0.9621447043437018,76,83
BV08TR_0266,8,0.9599379820430534,75,83
BV08TR_0266,9,0.9577297215345235,74,83
BV08TR_0266,10,0.955562853642298,73,83
BV08TR_0266,11,0.9534003970544044,72,83
BV08TR_0266,12,0.951218791295015,71,83
BV08TR_0266,13,0.9490378869723088,70,83
BV08TR_0266,14,0.9468487008775454,69,83
BV08TR_0266,15,0.9447334381842726,68,83
BV08TR_0266,16,0.942661393795283,67,83
BV08TR_0266,17,0.9404667366459813,66,83
BV08TR_0266,18,0.9383567174764186,65,83
BV08TR_0266,19,0.9361540797945614,64,83
BV08TR_0266,20,0.9339688128090615,63,83
BV08TR_0266,21,0.9317335466536552,62,83
BV08TR_0266,22,0.9295687172802768,61,83
BV08TR_0266,23,0.9274624799028895,60,83
BV08TR_0266,24,0.9253054454183784,59,83
BV08TR_0266,25,0.9232449229463616,58,83
BV08TR_0266,26,0.9212208647354404,57,83
BV08TR_0266,27,0.9191035362906128,56,83
BV08TR_0266,28,0.9170380310066504,55,83
BV08TR_0266,29,0.9150539740850406,54,83
BV08TR_0266,30,0.9130003063915721,53,83
BV08TR_0266,31,0.910799614469148,52,83
BV08TR_0266,32,0.9086271607897544,51,83
BV08TR_0266,33,0.90658694989769,50,83
BV08TR_0266,34,0.9044665203290678,49,83
BV08TR_0266,35,0.9024384252751426,48,83
BV08TR_0266,36,0.9003684678397536,47,83
BV08TR_0266,37,0.8982950606467665,46,83
BV08TR_0266,38,0.8961906585866138,45,83
BV08TR_0266,39,0.8940718511606711,44,83
BV08TR_0266,40,0.8919173469615745,43,83
BV08TR_0266,41,0.889794969186912,42,83
BV08TR_0266,42,0.887731516538841,41,83
BV08TR_0266,43,0.885759903879511,40,83
BV08TR_0266,44,0.8836480641587172,39,83
BV08TR_0266,45,0.8815245006928882,38,83
BV08TR_0266,46,0.8794355215253645,37,83
BV08TR_0266,47,0.8773704386938741,36,83
BV08TR_0266,48,0.8751883174337658,35,83
BV08TR_0266,49,0.8730154393307094,34,83
BV08TR_0266,50,0.870927464220033,33,83
BV08TR_0266,51,0.8688129389359855,32,83
BV08TR_0266,52,0.8666633723175928,31,83
BV08TR_0266,53,0.8646169608199687,30,83
BV08TR_0266,54,0.862504694698551,29,83
BV08TR_0266,55,0.8603581558138936,28,83
BV08TR_0266,56,0.8582627573696978,27,83
BV08TR_0266,57,0.8560687884983028,26,83
BV08TR_0266,58,0.8538559851690598,25,83
BV08TR_0266,59,0.8517365539724728,24,83
BV08TR_0266,60,0.8495576814571266,23,83
BV08TR_0266,61,0.8473680798339018,22,83
BV08TR_0266,62,0.8452089286639233,21,83
BV08TR_0266,63,0.8429518111885796,20,83
BV08TR_0266,64,0.8406926980201506,19,83
BV08TR_0266,65,0.8385295699478693,18,83
BV08TR_0266,66,0.8362955215895659,17,83
BV08TR_0266,67,0.8340850214759478,16,83
BV08TR_0266,68,0.8318699429250239,15,83
BV08TR_0266,69,0.8296919635836598,14,83
BV08TR_0266,70,0.827456174085461,13,83
BV08TR_0266,71,0.8252801598516735,12,83
BV08TR_0266,72,0.8231026123566985,11,83
BV08TR_0266,73,0.820951128658269,10,83
BV08TR_0266,74,0.8187725263780068,9,83
BV08TR_0266,75,0.8166002489315668,8,83
BV08TR_0266,76,0.8143811589108522,7,83
BV08TR_0266,77,0.8121593891075999,6,83
BV08TR_0266,78,0.8100363202314192,5,83
BV08TR_0266,79,0.8078939421238307,4,83
BV08TR_0266,80,0.8056491587462405,3,83
BV08TR_0266,81,0.8034740950212965,2,83
BV08TR_0266,82,0.8012602258084868,1,83
BV08TR_0266,83,0.799026770707825,0,83
BV08TR_0267,0,1.049977344535628,86,86
BV08TR_0267,1,1.04705545448555,85,86
BV08TR_0267,2,1.044106757564989,84,86
BV08TR_0267,3,1.0412738162204023,83,86
BV08TR_0267,4,1.0383076343108832,82,86
BV08TR_0267,5,1.0352139289610074,81,86
BV08TR_0267,6,1.0322843765779914,80,86
BV08TR_0267,7,1.0292121486635017,79,86
BV08TR_0267,8,1.0262614837056365,78,86
BV08TR_0267,9,1.0233805473677398,77,86
BV08TR_0267,10,1.0204383083795934,76,86
BV08TR_0267,11,1.0175650496314665,75,86
BV08TR_0267,12,1.0146514993443145,74,86
BV08TR_0267,13,1.01163735130287,73,86
BV08TR_0267,14,1.008767943343137,72,86
BV08TR_0267,15,1.0058552175769644,71,86
BV08TR_0267,16,1.0031566009758628,70,86
BV08TR_0267,17,1.0001880376551013,69,86
BV08TR_0267,18,0.9972303780492664,68,86
BV08TR_0267,19,0.994157316195942,67,86
BV08TR_0267,20,0.991345359575094,66,86
BV08TR_0267,21,0.9885117797220728,65,86
BV08TR_0267,22,0.9856673095069384,64,86
BV08TR_0267,23,0.9827651358216563,63,86
BV08TR_0267,24,0.9799807043375486,62,86
BV08TR_0267,25,0.977082635382383,61,86
BV08TR_0267,26,0.9744146931067532,60,86
BV08TR_0267,27,0.9716414014130204,59,86
BV08TR_0267,28,0.9687022314747268,58,86
BV08TR_0267,29,0.965714276715762,57,86
BV08TR_0267,30,0.9628221048305567,56,86
BV08TR_0267,31,0.9598528012557246,55,86
BV08TR_0267,32,0.956868592434084,54,86
BV08TR_0267,33,0.9540350346195426,53,86
BV08TR_0267,34,0.951145493757566,52,86
BV08TR_0267,35,0.9482105441642206,51,86
BV08TR_0267,36,0.9452035816471054,50,86
BV08TR_0267,37,0.9424371081224,49,86
BV08TR_0267,38,0.9395073240076998,48,86
BV08TR_0267,39,0.9366506159715686,47,86
BV08TR_0267,40,0.9338959327959638,46,86
BV08TR_0267,41,0.9309769315776912,45,86
BV08TR_0267,42,0.928133498522126,44,86
BV08TR_0267,43,0.9253103770180274,43,86
BV08TR_0267,44,0.9223863403466624,42,86
BV08TR_0267,45,0.919448336738294,41,86
BV08TR_0267,46,0.9165167997081445,40,86
BV08TR_0267,47,0.9135713297509616,39,86
BV08TR_0267,48,0.9107580286147868,38,86
BV08TR_0267,49,0.9077449675586572,37,86
BV08TR_0267,50,0.90460137459794,36,86
BV08TR_0267,51,0.9015888079634266,35,86
BV08TR_0267,52,0.8984727025268884,34,86
BV08TR_0267,53,0.8955733263695105,33,86
BV08TR_0267,54,0.8925085052011336,32,86
BV08TR_0267,55,0.8895150784180692,31,86
BV08TR_0267,56,0.8864933030770962,30,86
BV08TR_0267,57,0.8836152173529186,29,86
BV08TR_0267,58,0.8806722006969075,28,86
BV08TR_0267,59,0.8776288049036999,27,86
BV08TR_0267,60,0.8746800444351046,26,86
BV08TR_0267,61,0.8716204287764618,25,86
BV08TR_0267,62,0.8686834861971265,24,86
BV08TR_0267,63,0.865572242638504,23,86
BV08TR_0267,64,0.8625381862672926,22,86
BV08TR_0267,65,0.8594874728379706,21,86
BV08TR_0267,66,0.8564916073292462,20,86
BV08TR_0267,67,0.85357375654514,19,86
BV08TR_0267,68,0.8505107587180736,18,86
BV08TR_0267,69,0.8474734047659502,17,86
BV08TR_0267,70,0.8444849619043596,16,86
BV08TR_0267,71,0.841492756780416,15,86
BV08TR_0267,72,0.8385899500306198,14,86
BV08TR_0267,73,0.8356514972650405,13,86
BV08TR_0267,74,0.8327874357207607,12,86
BV08TR_0267,75,0.829885103758966,11,86
BV08TR_0267,76,0.82680093592352,10,86
BV08TR_0267,77,0.8237584267187094,9,86
BV08TR_0267,78,0.8207948402458753,8,86
BV08TR_0267,79,0.8178194679466259,7,86
BV08TR_0267,80,0.8149601300837706,6,86
BV08TR_0267,81,0.8119590397148275,5,86
BV08TR_0267,82,0.8090659168587468,4,86
BV08TR_0267,83,0.806012234836954,3,86
BV08TR_0267,84,0.803073230103635,2,86
BV08TR_0267,85,0.8000900490798474,1,86
BV08TR_0267,86,0.7971912632499142,0,86
BV08TR_0268,0,1.027220726177235,64,64
BV08TR_0268,1,1.0237314444651833,63,64
BV08TR_0268,2,1.0202840812540181,62,64
BV08TR_0268,3,1.0168319818214369,61,64
BV08TR_0268,4,1.0133691761861512,60,64
BV08TR_0268,5,1.009823245379716,59,64
BV08TR_0268,6,1.0064568841297303,58,64
BV08TR_0268,7,1.0030042674290203,57,64
BV08TR_0268,8,0.9997982905615758,56,64
BV08TR_0268,9,0.9964831183438015,55,64
BV08TR_0268,10,0.992860818923869,54,64
BV08TR_0268,11,0.9894700475980918,53,64
BV08TR_0268,12,0.9861384015124728,52,64
BV08TR_0268,13,0.982745348016914,51,64
BV08TR_0268,14,0.9792685644122566,50,64
BV08TR_0268,15,0.9759212060726884,49,64
BV08TR_0268,16,0.9724759328739372,48,64
BV08TR_0268,17,0.9690502315285366,47,64
BV08TR_0268,18,0.9656839120799344,46,64
BV08TR_0268,19,0.9623227452201355,45,64
BV08TR_0268,20,0.9588942916414965,44,64
BV08TR_0268,21,0.955405926557426,43,64
BV08TR_0268,22,0.95211751127581,42,64
BV08TR_0268,23,0.9486968819538002,41,64
BV08TR_0268,24,0.945480721107989,40,64
BV08TR_0268,25,0.942154186868775,39,64
BV08TR_0268,26,0.9387895787574748,38,64
BV08TR_0268,27,0.9354539522866956,37,64
BV08TR_0268,28,0.9323088583815814,36,64
BV08TR_0268,29,0.9290022820625085,35,64
BV08TR_0268,30,0.925627505249193,34,64
BV08TR_0268,31,0.9223727096388264,33,64
BV08TR_0268,32,0.9190339902764805,32,64
BV08TR_0268,33,0.9157263164517364,31,64
BV08TR_0268,34,0.9123176853778074,30,64
BV08TR_0268,35,0.9091002211267888,29,64
BV08TR_0268,36,0.905929313827407,28,64
BV08TR_0268,37,0.9026739635994712,27,64
BV08TR_0268,38,0.8994287528994102,26,64
BV08TR_0268,39,0.8962178402743098,25,64
BV08TR_0268,40,0.8928506359671178,24,64
BV08TR_0268,41,0.8895577046127524,23,64
BV08TR_0268,42,0.8862237217117712,22,64
BV08TR_0268,43,0.882968826996142,21,64
BV08TR_0268,44,0.8797900894902996,20,64
BV08TR_0268,45,0.8766518928631789,19,64
BV08TR_0268,46,0.873420439825298,18,64
BV08TR_0268,47,0.870206824746851,17,64
BV08TR_0268,48,0.8670583412469371,16,64
BV08TR_0268,49,0.8637313058035018,15,64
BV08TR_0268,50,0.8603783954909503,14,64
BV08TR_0268,51,0.857171918640328,13,64
BV08TR_0268,52,0.8537317429571682,12,64
BV08TR_0268,53,0.8505492967725377,11,64
BV08TR_0268,54,0.8457761052188442,10,64
BV08TR_0268,55,0.8407865801216434,9,64
BV08TR_0268,56,0.8360241007426664,8,64
BV08TR_0268,57,0.8314090640221893,7,64
BV08TR_0268,58,0.8265939443387459,6,64
BV08TR_0268,59,0.8216109286290073,5,64
BV08TR_0268,60,0.8169194882954816,4,64
BV08TR_0268,61,0.8122319336698024,3,64
BV08TR_0268,62,0.807378816280434,2,64
BV08TR_0268,63,0.8027186278861947,1,64
BV08TR_0268,64,0.7979053645762063,0,64
BV08TR_0269,0,1.0321608627935197,78,78
BV08TR_0269,1,1.0294681669370838,77,78
BV08TR_0269,2,1.0267688131988615,76,78
BV08TR_0269,3,1.0240820524400733,75,78
BV08TR_0269,4,1.021373147152231,74,78
BV08TR_0269,5,1.0186399521390324,73,78
BV08TR_0269,6,1.015964688655192,72,78
BV08TR_0269,7,1.013312592636056,71,78
BV08TR_0269,8,1.0106134187992197,70,78
BV08TR_0269,9,1.0079490952679067,69,78
BV08TR_0269,10,1.005163513499299,68,78
BV08TR_0269,11,1.0024278240956475,67,78
BV08TR_0269,12,0.9996723245131,66,78
BV08TR_0269,13,0.9968838553470902,65,78
BV08TR_0269,14,0.994113687776152,64,78
BV08TR_0269,15,0.9914340733101418,63,78
BV08TR_0269,16,0.9885649015612852,62,78
BV08TR_0269,17,0.985720083805518,61,78
BV08TR_0269,18,0.982968792820911,60,78
BV08TR_0269,19,0.9801174874705328,59,78
BV08TR_0269,20,0.9772340552192752,58,78
BV08TR_0269,21,0.9744077248862152,57,78
BV08TR_0269,22,0.9715676585276908,56,78
BV08TR_0269,23,0.9686296079633664,55,78
BV08TR_0269,24,0.9657813697444312,54,78
BV08TR_0269,25,0.962976932442114,53,78
BV08TR_0269,26,0.960254734639219,52,78
BV08TR_0269,27,0.9573574582180044,51,78
BV08TR_0269,28,0.9544925162256638,50,78
BV08TR_0269,29,0.9515992971638142,49,78
BV08TR_0269,30,0.948687682897109,48,78
BV08TR_0269,31,0.9457986698437117,47,78
BV08TR_0269,32,0.943023499848803,46,78
BV08TR_0269,33,0.9402658101534495,45,78
BV08TR_0269,34,0.937191259690174,44,78
BV08TR_0269,35,0.9342513561224335,43,78
BV08TR_0269,36,0.931370670851933,42,78
BV08TR_0269,37,0.9284370413322102,41,78
BV08TR_0269,38,0.9254593634908455,40,78
BV08TR_0269,39,0.9225529937942544,39,78
BV08TR_0269,40,0.9198228442309045,38,78
BV08TR_0269,41,0.9170220839826364,37,78
BV08TR_0269,42,0.9142238582735744,36,78
BV08TR_0269,43,0.911361536815945,35,78
BV08TR_0269,44,0.9086025298378512,34,78
BV08TR_0269,45,0.9057536877085595,33,78
BV08TR_0269,46,0.9028854871150086,32,78
BV08TR_0269,47,0.9000711131923136,31,78
BV08TR_0269,48,0.8972110141855953,30,78
BV08TR_0269,49,0.8945017548266698,29,78
BV08TR_0269,50,0.8917132987374141,28,78
BV08TR_0269,51,0.88889399851421,27,78
BV08TR_0269,52,0.886007863849312,26,78
BV08TR_0269,53,0.8831086334732494,25,78
BV08TR_0269,54,0.8803278458495548,24,78
BV08TR_0269,55,0.877439618903429,23,78
BV08TR_0269,56,0.8746525120204046,22,78
BV08TR_0269,57,0.8718920532449091,21,78
BV08TR_0269,58,0.8691474046701257,20,78
BV08TR_0269,59,0.8664404518744105,19,78
BV08TR_0269,60,0.8628952036215579,18,78
BV08TR_0269,61,0.8593105756047688,17,78
BV08TR_0269,62,0.8557964417449869,16,78
BV08TR_0269,63,0.8522218747982705,15,78
BV08TR_0269,64,0.8486058748877725,14,78
BV08TR_0269,65,0.8449752467893554,13,78
BV08TR_0269,66,0.8413575415043472,12,78
BV08TR_0269,67,0.8375607878827568,11,78
BV08TR_0269,68,0.8340761968771886,10,78
BV08TR_0269,69,0.8305267456873308,9,78
BV08TR_0269,70,0.8269531813170838,8,78
BV08TR_0269,71,0.8234330262118414,7,78
BV08TR_0269,72,0.8197750503691514,6,78
BV08TR_0269,73,0.816203118035234,5,78
BV08TR_0269,74,0.8125501453553151,4,78
BV08TR_0269,75,0.8089928701055586,3,78
BV08TR_0269,76,0.8053421727548409,2,78
BV08TR_0269,77,0.8017082067991312,1,78
BV08TR_0269,78,0.7981298716071289,0,78
BV08TR_0270,0,0.953857080161652,52,52
BV08TR_0270,1,0.9508928407409069,51,52
BV08TR_0270,2,0.947868833639108,50,52
BV08TR_0270,3,0.9448906755771178,49,52
BV08TR_0270,4,0.9419030914480315,48,52
BV08TR_0270,5,0.9389553822686324,47,52
BV08TR_0270,6,0.93593434753865,46,52
BV08TR_0270,7,0.9329815478676488,45,52
BV08TR_0270,8,0.9300700415934635,44,52
BV08TR_0270,9,0.9271659866979015,43,52
BV08TR_0270,10,0.9242126862786862,42,52
BV08TR_0270,11,0.9212427033277404,41,52
BV08TR_0270,12,0.9183748012359365,40,52
BV08TR_0270,13,0.9153823188687886,39,52
BV08TR_0270,14,0.9123907432580513,38,52
BV08TR_0270,15,0.909610570746332,37,52
BV08TR_0270,16,0.9065092233866467,36,52
BV08TR_0270,17,0.9035798681740957,35,52
BV08TR_0270,18,0.9006107832428668,34,52
BV08TR_0270,19,0.8976815820806826,33,52
BV08TR_0270,20,0.8947250875017222,32,52
BV08TR_0270,21,0.8916461618122048,31,52
BV08TR_0270,22,0.8887057447233442,30,52
BV08TR_0270,23,0.8857519162914332,29,52
BV08TR_0270,24,0.8827790699088413,28,52
BV08TR_0270,25,0.879813824510892,27,52
BV08TR_0270,26,0.8768328366015408,26,52
BV08TR_0270,27,0.8739155142112204,25,52
BV08TR_0270,28,0.87096402609088,24,52
BV08TR_0270,29,0.868019952681215,23,52
BV08TR_0270,30,0.8649782475476806,22,52
BV08TR_0270,31,0.862013467215283,21,52
BV08TR_0270,32,0.8590321635886075,20,52
BV08TR_0270,33,0.8560660340599178,19,52
BV08TR_0270,34,0.8528969932366268,18,52
BV08TR_0270,35,0.8500752643132937,17,52
BV08TR_0270,36,0.8470022048522826,16,52
BV08TR_0270,37,0.8440269593888234,15,52
BV08TR_0270,38,0.8410312688058158,14,52
BV08TR_0270,39,0.8377607470778204,13,52
BV08TR_0270,40,0.8346959309127456,12,52
BV08TR_0270,41,0.8317128527347372,11,52
BV08TR_0270,42,0.8286960192505248,10,52
BV08TR_0270,43,0.8256718379073624,9,52
BV08TR_0270,44,0.8226145197520935,8,52
BV08TR_0270,45,0.8195377014197652,7,52
BV08TR_0270,46,0.8164358180780361,6,52
BV08TR_0270,47,0.8133723518174075,5,52
BV08TR_0270,48,0.810311810668427,4,52
BV08TR_0270,49,0.807316569238254,3,52
BV08TR_0270,50,0.804286703885692,2,52
BV08TR_0270,51,0.801252496944288,1,52
BV08TR_0270,52,0.798168450068599,0,52
BV08TR_0271,0,0.960148118078009,69,69
BV08TR_0271,1,0.9576712571101303,68,69
BV08TR_0271,2,0.9552766172466122,67,69
BV08TR_0271,3,0.9528925275102832,66,69
BV08TR_0271,4,0.9505876049672868,65,69
BV08TR_0271,5,0.9482557239000245,64,69
BV08TR_0271,6,0.9458168570431615,63,69
BV08TR_0271,7,0.9434787686598411,62,69
BV08TR_0271,8,0.9411052918019802,61,69
BV08TR_0271,9,0.9387204675003974,60,69
BV08TR_0271,10,0.9363760973271684,59,69
BV08TR_0271,11,0.9340076207471704,58,69
BV08TR_0271,12,0.9317598665986172,57,69
BV08TR_0271,13,0.9292852252445885,56,69
BV08TR_0271,14,0.926859301764508,55,69
BV08TR_0271,15,0.9244042136430984,54,69
BV08TR_0271,16,0.9219358213555685,53,69
BV08TR_0271,17,0.919585555067922,52,69
BV08TR_0271,18,0.9171539011684985,51,69
BV08TR_0271,19,0.914816977891248,50,69
BV08TR_0271,20,0.912447848539044,49,69
BV08TR_0271,21,0.9100513557581414,48,69
BV08TR_0271,22,0.9076843228380977,47,69
BV08TR_0271,23,0.9052214986595546,46,69
BV08TR_0271,24,0.9027502571562194,45,69
BV08TR_0271,25,0.9002515943827814,44,69
BV08TR_0271,26,0.8979113064911056,43,69
BV08TR_0271,27,0.8956170910529943,42,69
BV08TR_0271,28,0.8933052644472566,41,69
BV08TR_0271,29,0.8908470591624315,40,69
BV08TR_0271,30,0.8885047956397734,39,69
BV08TR_0271,31,0.8860623857457557,38,69
BV08TR_0271,32,0.883628513279192,37,69
BV08TR_0271,33,0.881223892212525,36,69
BV08TR_0271,34,0.8789020586243824,35,69
BV08TR_0271,35,0.8765192908195857,34,69
BV08TR_0271,36,0.8740481471422575,33,69
BV08TR_0271,37,0.8716837859347129,32,69
BV08TR_0271,38,0.8692606828176932,31,69
BV08TR_0271,39,0.8669353102874036,30,69
BV08TR_0271,40,0.8645448537073744,29,69
BV08TR_0271,41,0.8622438580420642,28,69
BV08TR_0271,42,0.8598596872031903,27,69
BV08TR_0271,43,0.8575240232896223,26,69
BV08TR_0271,44,0.8552482319208352,25,69
BV08TR_0271,45,0.8529653137367847,24,69
BV08TR_0271,46,0.8506615654774423,23,69
BV08TR_0271,47,0.848405914901836,22,69
BV08TR_0271,48,0.8460883617037326,21,69
BV08TR_0271,49,0.8438104738845355,20,69
BV08TR_0271,50,0.8415542522849558,19,69
BV08TR_0271,51,0.8393539092665258,18,69
BV08TR_0271,52,0.8370957318395615,17,69
BV08TR_0271,53,0.8348324598176047,16,69
BV08TR_0271,54,0.8325383581208639,15,69
BV08TR_0271,55,0.830377472510287,14,69
BV08TR_0271,56,0.828111232345533,13,69
BV08TR_0271,57,0.8257391644937616,12,69
BV08TR_0271,58,0.8234591055504425,11,69
BV08TR_0271,59,0.8210913743980015,10,69
BV08TR_0271,60,0.818890894386361,9,69
BV08TR_0271,61,0.8166158531855827,8,69
BV08TR_0271,62,0.8143708092696486,7,69
BV08TR_0271,63,0.812152188244285,6,69
BV08TR_0271,64,0.8098227390844265,5,69
BV08TR_0271,65,0.8074336832765278,4,69
BV08TR_0271,66,0.8051191019277727,3,69
BV08TR_0271,67,0.8028137736819394,2,69
BV08TR_0271,68,0.8005416815099756,1,69
BV08TR_0271,69,0.7983236580722354,0,69
BV08TR_0272,0,1.0331438779658302,80,80
BV08TR_0272,1,1.03031678460119,79,80
BV08TR_0272,2,1.0275632868743565,78,80
BV08TR_0272,3,1.024915241186508,77,80
BV08TR_0272,4,1.0222800917800385,76,80
BV08TR_0272,5,1.0195344218729285,75,80
BV08TR_0272,6,1.016789723592846,74,80
BV08TR_0272,7,1.014018031103613,73,80
BV08TR_0272,8,1.0113040067473162,72,80
BV08TR_0272,9,1.008642655482,71,80
BV08TR_0272,10,1.0059639949619559,70,80
BV08TR_0272,11,1.003248533818194,69,80
BV08TR_0272,12,1.000544702942686,68,80
BV08TR_0272,13,0.9979344974659408,67,80
BV08TR_0272,14,0.995174992509858,66,80
BV08TR_0272,15,0.992596557489964,65,80
BV08TR_0272,16,0.9900211592955032,64,80
BV08TR_0272,17,0.9873884700410666,63,80
BV08TR_0272,18,0.984685330488898,62,80
BV08TR_0272,19,0.9821330477736022,61,80
BV08TR_0272,20,0.9794008094917792,60,80
BV08TR_0272,21,0.9767575336002438,59,80
BV08TR_0272,22,0.9740968078406766,58,80
BV08TR_0272,23,0.9713289577669636,57,80
BV08TR_0272,24,0.968649025688015,56,80
BV08TR_0272,25,0.9659023946404688,55,80
BV08TR_0272,26,0.96312610174734,54,80
BV08TR_0272,27,0.960425233362398,53,80
BV08TR_0272,28,0.957709689007138,52,80
BV08TR_0272,29,0.9549547673560964,51,80
BV08TR_0272,30,0.9521088680437299,50,80
BV08TR_0272,31,0.9493155602965372,49,80
BV08TR_0272,32,0.9466642277919424,48,80
BV08TR_0272,33,0.944046298461687,47,80
BV08TR_0272,34,0.9413000317007975,46,80
BV08TR_0272,35,0.9384940348041716,45,80
BV08TR_0272,36,0.9357697970196354,44,80
BV08TR_0272,37,0.932988516917884,43,80
BV08TR_0272,38,0.9300856939326742,42,80
BV08TR_0272,39,0.9273541577271907,41,80
BV08TR_0272,40,0.9245536108118202,40,80
BV08TR_0272,41,0.921576555285232,39,80
BV08TR_0272,42,0.9189124829490084,38,80
BV08TR_0272,43,0.9160689697040435,37,80
BV08TR_0272,44,0.9132914313481415,36,80
BV08TR_0272,45,0.9105182763154572,35,80
BV08TR_0272,46,0.9076418612499776,34,80
BV08TR_0272,47,0.9049037504392088,33,80
BV08TR_0272,48,0.9021340853933766,32,80
BV08TR_0272,49,0.8992861090311741,31,80
BV08TR_0272,50,0.896354131357395,30,80
BV08TR_0272,51,0.893615320726427,29,80
BV08TR_0272,52,0.8908017165006965,28,80
BV08TR_0272,53,0.8879832193517221,27,80
BV08TR_0272,54,0.8852766680081734,26,80
BV08TR_0272,55,0.8824820482040121,25,80
BV08TR_0272,56,0.8796162755051824,24,80
BV08TR_0272,57,0.8768483582994643,23,80
BV08TR_0272,58,0.8741401875977006,22,80
BV08TR_0272,59,0.8707366652832405,21,80
BV08TR_0272,60,0.8672955640814498,20,80
BV08TR_0272,61,0.863755165509141,19,80
BV08TR_0272,62,0.8602634814901031,18,80
BV08TR_0272,63,0.856652080507447,17,80
BV08TR_0272,64,0.8532105641749792,16,80
BV08TR_0272,65,0.8497417799461675,15,80
BV08TR_0272,66,0.846428000560577,14,80
BV08TR_0272,67,0.8427616888390855,13,80
BV08TR_0272,68,0.839258376131074,12,80
BV08TR_0272,69,0.8357608641534326,11,80
BV08TR_0272,70,0.8323109671364939,10,80
BV08TR_0272,71,0.8287283556567473,9,80
BV08TR_0272,72,0.825363274070852,8,80
BV08TR_0272,73,0.8217565892180326,7,80
BV08TR_0272,74,0.8182606110384093,6,80
BV08TR_0272,75,0.8149189687952993,5,80
BV08TR_0272,76,0.8114134818478417,4,80
BV08TR_0272,77,0.8079460240186417,3,80
BV08TR_0272,78,0.8047222342735946,2,80
BV08TR_0272,79,0.8013501947713594,1,80
BV08TR_0272,80,0.7979633121185895,0,80
BV08TR_0273,0,1.0379310027554125,90,90
BV08TR_0273,1,1.0352383619631782,89,90
BV08TR_0273,2,1.0324682393053615,88,90
BV08TR_0273,3,1.02983309298899,87,90
BV08TR_0273,4,1.027277000624222,86,90
BV08TR_0273,5,1.0245843307597668,85,90
BV08TR_0273,6,1.0219591405895183,84,90
BV08TR_0273,7,1.019345359552114,83,90
BV08TR_0273,8,1.016706537000682,82,90
BV08TR_0273,9,1.0140975648034065,81,90
BV08TR_0273,10,1.011424157917538,80,90
BV08TR_0273,11,1.0087182474462484,79,90
BV08TR_0273,12,1.0060526705101644,78,90
BV08TR_0273,13,1.0035342632533362,77,90
BV08TR_0273,14,1.000841563571624,76,90
BV08TR_0273,15,0.9982443651558331,75,90
BV08TR_0273,16,0.9957725237421046,74,90
BV08TR_0273,17,0.9931600932634248,73,90
BV08TR_0273,18,0.9905829336177726,72,90
BV08TR_0273,19,0.9880141468881564,71,90
BV08TR_0273,20,0.9854900247464804,70,90
BV08TR_0273,21,0.9828874834500825,69,90
BV08TR_0273,22,0.9803643503911034,68,90
BV08TR_0273,23,0.9777113500293618,67,90
BV08TR_0273,24,0.975058571489286,66,90
BV08TR_0273,25,0.9724732226278224,65,90
BV08TR_0273,26,0.969785888523596,64,90
BV08TR_0273,27,0.9671256379223389,63,90
BV08TR_0273,28,0.9645501859153282,62,90
BV08TR_0273,29,0.9618530212854932,61,90
BV08TR_0273,30,0.9592138546860918,60,90
BV08TR_0273,31,0.9565683049061354,59,90
BV08TR_0273,32,0.9536981314718626,58,90
BV08TR_0273,33,0.9508677712316352,57,90
BV08TR_0273,34,0.9481555104368325,56,90
BV08TR_0273,35,0.9453947136580448,55,90
BV08TR_0273,36,0.9426631565784844,54,90
BV08TR_0273,37,0.939911616548414,53,90
BV08TR_0273,38,0.937170014556318,52,90
BV08TR_0273,39,0.9344344599869,51,90
BV08TR_0273,40,0.9316942522316763,50,90
BV08TR_0273,41,0.9289748443211766,49,90
BV08TR_0273,42,0.9262658116694806,48,90
BV08TR_0273,43,0.9235834805374088,47,90
BV08TR_0273,44,0.920831582682666,46,90
BV08TR_0273,45,0.9180877218157464,45,90
BV08TR_0273,46,0.915353203999361,44,90
BV08TR_0273,47,0.9125808249630332,43,90
BV08TR_0273,48,0.9097602465078964,42,90
BV08TR_0273,49,0.9069448983640295,41,90
BV08TR_0273,50,0.9041684403102175,40,90
BV08TR_0273,51,0.9014226185486468,39,90
BV08TR_0273,52,0.8987569043115986,38,90
BV08TR_0273,53,0.8960322972874388,37,90
BV08TR_0273,54,0.8933560179115362,36,90
BV08TR_0273,55,0.8905981830589703,35,90
BV08TR_0273,56,0.8877348875712016,34,90
BV08TR_0273,57,0.8850100962357326,33,90
BV08TR_0273,58,0.8823885970084805,32,90
BV08TR_0273,59,0.8797222266778106,31,90
BV08TR_0273,60,0.8770217264843845,30,90
BV08TR_0273,61,0.8744261978391882,29,90
BV08TR_0273,62,0.8717645920386914,28,90
BV08TR_0273,63,0.8691309653705688,27,90
BV08TR_0273,64,0.8664160844234802,26,90
BV08TR_0273,65,0.86385451900074,25,90
BV08TR_0273,66,0.8611401619793826,24,90
BV08TR_0273,67,0.8585046721917858,23,90
BV08TR_0273,68,0.855757587918744,22,90
BV08TR_0273,69,0.8531264769852005,21,90
BV08TR_0273,70,0.8504061068532487,20,90
BV08TR_0273,71,0.847734597816241,19,90
BV08TR_0273,72,0.8451812063677224,18,90
BV08TR_0273,73,0.8425449794014945,17,90
BV08TR_0273,74,0.8399173219032992,16,90
BV08TR_0273,75,0.8372888168554178,15,90
BV08TR_0273,76,0.8346753076284062,14,90
BV08TR_0273,77,0.8320033649802238,13,90
BV08TR_0273,78,0.8294054859186557,12,90
BV08TR_0273,79,0.8267362686445947,11,90
BV08TR_0273,80,0.8241787085133044,10,90
BV08TR_0273,81,0.8216010972295567,9,90
BV08TR_0273,82,0.8190395767768928,8,90
BV08TR_0273,83,0.816343328875329,7,90
BV08TR_0273,84,0.8138107359003312,6,90
BV08TR_0273,85,0.8112500238203235,5,90
BV08TR_0273,86,0.8086519948913324,4,90
BV08TR_0273,87,0.8060154856782097,3,90
BV08TR_0273,88,0.803426457761251,2,90
BV08TR_0273,89,0.8008442607746608,1,90
BV08TR_0273,90,0.7981774021816255,0,90
BV08TR_0274,0,1.0031882297842731,85,85
BV08TR_0274,1,1.0007877623474755,84,85
BV08TR_0274,2,0.9983909952798564,83,85
BV08TR_0274,3,0.996066074560006,82,85
BV08TR_0274,4,0.9936762229542678,81,85
BV08TR_0274,5,0.9913585464154875,80,85
BV08TR_0274,6,0.989055937323696,79,85
BV08TR_0274,7,0.986682276166932,78,85
BV08TR_0274,8,0.9842148590340059,77,85
BV08TR_0274,9,0.9818367596755285,76,85
BV08TR_0274,10,0.979396560425592,75,85
BV08TR_0274,11,0.977037795061102,74,85
BV08TR_0274,12,0.9746449837172804,73,85
BV08TR_0274,13,0.9722599190906906,72,85
BV08TR_0274,14,0.9698477354349018,71,85
BV08TR_0274,15,0.9673890069835844,70,85
BV08TR_0274,16,0.9649344682042253,69,85
BV08TR_0274,17,0.962506853983466,68,85
BV08TR_0274,18,0.960166775965948,67,85
BV08TR_0274,19,0.957717028835987,66,85
BV08TR_0274,20,0.9552400987876228,65,85
BV08TR_0274,21,0.9527175911705795,64,85
BV08TR_0274,22,0.9502068544854182,63,85
BV08TR_0274,23,0.947714498408922,62,85
BV08TR_0274,24,0.9453106825903116,61,85
BV08TR_0274,25,0.9427629989492305,60,85
BV08TR_0274,26,0.9404293076945344,59,85
BV08TR_0274,27,0.937947958034934,58,85
BV08TR_0274,28,0.9355077017718055,57,85
BV08TR_0274,29,0.9330198341369368,56,85
BV08TR_0274,30,0.9305379134335806,55,85
BV08TR_0274,31,0.928079583356529,54,85
BV08TR_0274,32,0.92573082429516,53,85
BV08TR_0274,33,0.9233179249565325,52,85
BV08TR_0274,34,0.9208742053468476,51,85
BV08TR_0274,35,0.9184484941494725,50,85
BV08TR_0274,36,0.9159529372761025,49,85
BV08TR_0274,37,0.9133315244306565,48,85
BV08TR_0274,38,0.9108097510370304,47,85
BV08TR_0274,39,0.9083726828877292,46,85
BV08TR_0274,40,0.905894137687845,45,85
BV08TR_0274,41,0.9034241279129845,44,85
BV08TR_0274,42,0.900996325567388,43,85
BV08TR_0274,43,0.89857000730278,42,85
BV08TR_0274,44,0.8960385810037871,41,85
BV08TR_0274,45,0.8935572579576144,40,85
BV08TR_0274,46,0.8911131725438598,39,85
BV08TR_0274,47,0.8886778525151713,38,85
BV08TR_0274,48,0.886193104984979,37,85
BV08TR_0274,49,0.8838404311575495,36,85
BV08TR_0274,50,0.8813509525673294,35,85
BV08TR_0274,51,0.8789632587808672,34,85
BV08TR_0274,52,0.8764422776750896,33,85
BV08TR_0274,53,0.8740907281484337,32,85
BV08TR_0274,54,0.8717063548127344,31,85
BV08TR_0274,55,0.8693072476142782,30,85
BV08TR_0274,56,0.866970989205296,29,85
BV08TR_0274,57,0.8646215112941785,28,85
BV08TR_0274,58,0.8622122927247822,27,85
BV08TR_0274,59,0.85982955243388,26,85
BV08TR_0274,60,0.8574015599902995,25,85
BV08TR_0274,61,0.8550331516893498,24,85
BV08TR_0274,62,0.852698176371648,23,85
BV08TR_0274,63,0.8503369589589466,22,85
BV08TR_0274,64,0.8479449733613368,21,85
BV08TR_0274,65,0.845529467266456,20,85
BV08TR_0274,66,0.8432118474040478,19,85
BV08TR_0274,67,0.8408415543552349,18,85
BV08TR_0274,68,0.8385818411287166,17,85
BV08TR_0274,69,0.8362405226159388,16,85
BV08TR_0274,70,0.833874163447969,15,85
BV08TR_0274,71,0.831587371409858,14,85
BV08TR_0274,72,0.8292802627416629,13,85
BV08TR_0274,73,0.8269059192230396,12,85
BV08TR_0274,74,0.824549702869279,11,85
BV08TR_0274,75,0.8222141543959708,10,85
BV08TR_0274,76,0.8198030930399762,9,85
BV08TR_0274,77,0.81756437111226,8,85
BV08TR_0274,78,0.81507226978478,7,85
BV08TR_0274,79,0.8126655368388285,6,85
BV08TR_0274,80,0.8102790595294233,5,85
BV08TR_0274,81,0.807979862570611,4,85
BV08TR_0274,82,0.8056735931876498,3,85
BV08TR_0274,83,0.8032065366231654,2,85
BV08TR_0274,84,0.8008064981332051,1,85
BV08TR_0274,85,0.7983368345897862,0,85
BV08TR_0275,0,0.97808400910154,48,48
BV08TR_0275,1,0.974327523185489,47,48
BV08TR_0275,2,0.9709333194344895,46,48
BV08TR_0275,3,0.9673853636916306,45,48
BV08TR_0275,4,0.963712023057646,44,48
BV08TR_0275,5,0.9601946256224088,43,48
BV08TR_0275,6,0.9565326031964184,42,48
BV08TR_0275,7,0.9528985598662244,41,48
BV08TR_0275,8,0.949269820689074,40,48
BV08TR_0275,9,0.9456066388341166,39,48
BV08TR_0275,10,0.9419386260750016,38,48
BV08TR_0275,11,0.9384205849110635,37,48
BV08TR_0275,12,0.934752033938776,36,48
BV08TR_0275,13,0.9309555808889158,35,48
BV08TR_0275,14,0.9272380114587705,34,48
BV08TR_0275,15,0.9236419757169052,33,48
BV08TR_0275,16,0.9198406904987652,32,48
BV08TR_0275,17,0.9161023708868306,31,48
BV08TR_0275,18,0.912170681153668,30,48
BV08TR_0275,19,0.9084841049472272,29,48
BV08TR_0275,20,0.90477188868242,28,48
BV08TR_0275,21,0.900971089947191,27,48
BV08TR_0275,22,0.8973241744194788,26,48
BV08TR_0275,23,0.8935027621809442,25,48
BV08TR_0275,24,0.8897256784740882,24,48
BV08TR_0275,25,0.8860004924148198,23,48
BV08TR_0275,26,0.8823766573840816,22,48
BV08TR_0275,27,0.8786625932075064,21,48
BV08TR_0275,28,0.8747890724197162,20,48
BV08TR_0275,29,0.8709021665787395,19,48
BV08TR_0275,30,0.8670918260065821,18,48
BV08TR_0275,31,0.8634999946905805,17,48
BV08TR_0275,32,0.8596702177403839,16,48
BV08TR_0275,33,0.8559069859947415,15,48
BV08TR_0275,34,0.8521037620121853,14,48
BV08TR_0275,35,0.848363436151266,13,48
BV08TR_0275,36,0.8444917679967232,12,48
BV08TR_0275,37,0.8405572164833331,11,48
BV08TR_0275,38,0.8369114084022552,10,48
BV08TR_0275,39,0.8332147795371503,9,48
BV08TR_0275,40,0.8294921328380512,8,48
BV08TR_0275,41,0.8256001792697614,7,48
BV08TR_0275,42,0.821882055483686,6,48
BV08TR_0275,43,0.8182367202634439,5,48
BV08TR_0275,44,0.8144536529815352,4,48
BV08TR_0275,45,0.810700743239954,3,48
BV08TR_0275,46,0.807009926144809,2,48
BV08TR_0275,47,0.8032682992079223,1,48
BV08TR_0275,48,0.7995528491815596,0,48
BV08TR_0276,0,0.9835603260765458,61,61
BV08TR_0276,1,0.9805913129987,60,61
BV08TR_0276,2,0.9775413367726746,59,61
BV08TR_0276,3,0.974564033407038,58,61
BV08TR_0276,4,0.9716673503590744,57,61
BV08TR_0276,5,0.9686834921522186,56,61
BV08TR_0276,6,0.9655793673188212,55,61
BV08TR_0276,7,0.9626555713172964,54,61
BV08TR_0276,8,0.9596300024396246,53,61
BV08TR_0276,9,0.9566893077310166,52,61
BV08TR_0276,10,0.9536555528640754,51,61
BV08TR_0276,11,0.9507241892728032,50,61
BV08TR_0276,12,0.9477374644256072,49,61
BV08TR_0276,13,0.9447091292659304,48,61
BV08TR_0276,14,0.941628442017368,47,61
BV08TR_0276,15,0.938784483548952,46,61
BV08TR_0276,16,0.9359001225534176,45,61
BV08TR_0276,17,0.9327781195010012,44,61
BV08TR_0276,18,0.929791591112286,43,61
BV08TR_0276,19,0.92689042817167,42,61
BV08TR_0276,20,0.9239208982777166,41,61
BV08TR_0276,21,0.9207828298063124,40,61
BV08TR_0276,22,0.9177255875798972,39,61
BV08TR_0276,23,0.9148141068934266,38,61
BV08TR_0276,24,0.9116760577446198,37,61
BV08TR_0276,25,0.908670242507562,36,61
BV08TR_0276,26,0.9057132704908878,35,61
BV08TR_0276,27,0.9026254073608584,34,61
BV08TR_0276,28,0.8998004049548,33,61
BV08TR_0276,29,0.8967746211272188,32,61
BV08TR_0276,30,0.8937422842273497,31,61
BV08TR_0276,31,0.8907255885278748,30,61
BV08TR_0276,32,0.887672162233545,29,61
BV08TR_0276,33,0.8847272102826896,28,61
BV08TR_0276,34,0.8818494261654738,27,61
BV08TR_0276,35,0.8788133047452952,26,61
BV08TR_0276,36,0.8758502126846412,25,61
BV08TR_0276,37,0.8730668654949126,24,61
BV08TR_0276,38,0.8702140292887355,23,61
BV08TR_0276,39,0.8673467372330748,22,61
BV08TR_0276,40,0.8643787922158425,21,61
BV08TR_0276,41,0.8613963561056427,20,61
BV08TR_0276,42,0.8585436217438188,19,61
BV08TR_0276,43,0.8556925461458952,18,61
BV08TR_0276,44,0.8528519044831036,17,61
BV08TR_0276,45,0.8499632249536992,16,61
BV08TR_0276,46,0.8470890693461741,15,61
BV08TR_0276,47,0.8442053031307316,14,61
BV08TR_0276,48,0.8412856824719991,13,61
BV08TR_0276,49,0.8385457683695352,12,61
BV08TR_0276,50,0.8357855640547592,11,61
BV08TR_0276,51,0.8328364812800628,10,61
BV08TR_0276,52,0.830036819112892,9,61
BV08TR_0276,53,0.8263440292629824,8,61
BV08TR_0276,54,0.8226620718773124,7,61
BV08TR_0276,55,0.8189491618602182,6,61
BV08TR_0276,56,0.8153369938679368,5,61
BV08TR_0276,57,0.8117662364654724,4,61
BV08TR_0276,58,0.8082069253054982,3,61
BV08TR_0276,59,0.8044038885691644,2,61
BV08TR_0276,60,0.8007601790063213,1,61
BV08TR_0276,61,0.7969763439896574,0,61
BV08TR_0277,0,1.018504393270759,91,91
BV08TR_0277,1,1.01610326022814,90,91
BV08TR_0277,2,1.01362718919704,89,91
BV08TR_0277,3,1.011251276687637,88,91
BV08TR_0277,4,1.008695321050975,87,91
BV08TR_0277,5,1.0062855532784285,86,91
BV08TR_0277,6,1.0039465889206636,85,91
BV08TR_0277,7,1.0015977160731933,84,91
BV08TR_0277,8,0.9991995047566096,83,91
BV08TR_0277,9,0.996744686745301,82,91
BV08TR_0277,10,0.9943966528018805,81,91
BV08TR_0277,11,0.9920177880752944,80,91
BV08TR_0277,12,0.9895387387944464,79,91
BV08TR_0277,13,0.9872126860543032,78,91
BV08TR_0277,14,0.9848230893072653,77,91
BV08TR_0277,15,0.9825210644781204,76,91
BV08TR_0277,16,0.980245013896202,75,91
BV08TR_0277,17,0.9778244660765504,74,91
BV08TR_0277,18,0.9753875901439792,73,91
BV08TR_0277,19,0.9729737513273534,72,91
BV08TR_0277,20,0.9705936371340312,71,91
BV08TR_0277,21,0.9682981121515495,70,91
BV08TR_0277,22,0.9659339496742306,69,91
BV08TR_0277,23,0.9635827732818175,68,91
BV08TR_0277,24,0.9611659835523615,67,91
BV08TR_0277,25,0.9588348665066738,66,91
BV08TR_0277,26,0.9565585024816452,65,91
BV08TR_0277,27,0.954195562684983,64,91
BV08TR_0277,28,0.9518819731261744,63,91
BV08TR_0277,29,0.9495708728532865,62,91
BV08TR_0277,30,0.9472450782461042,61,91
BV08TR_0277,31,0.9449487886665014,60,91
BV08TR_0277,32,0.9425442706761192,59,91
BV08TR_0277,33,0.9402693406790618,58,91
BV08TR_0277,34,0.9380087672370668,57,91
BV08TR_0277,35,0.9356017871503602,56,91
BV08TR_0277,36,0.9332850991499975,55,91
BV08TR_0277,37,0.9308094167513985,54,91
BV08TR_0277,38,0.9284581735963414,53,91
BV08TR_0277,39,0.9260471111703984,52,91
BV08TR_0277,40,0.9236751732949744,51,91
BV08TR_0277,41,0.9211913826610232,50,91
BV08TR_0277,42,0.9188052180639708,49,91
BV08TR_0277,43,0.9163778890138952,48,91
BV08TR_0277,44,0.913988193020115,47,91
BV08TR_0277,45,0.9116074564859368,46,91
BV08TR_0277,46,0.9092745229405764,45,91
BV08TR_0277,47,0.9068727965596596,44,91
BV08TR_0277,48,0.9044681440040404,43,91
BV08TR_0277,49,0.902069147657983,42,91
BV08TR_0277,50,0.8996688630096276,41,91
BV08TR_0277,51,0.897215629100587,40,91
BV08TR_0277,52,0.8947221249695864,39,91
BV08TR_0277,53,0.892283700279457,38,91
BV08TR_0277,54,0.8898044669288188,37,91
BV08TR_0277,55,0.8871586997294417,36,91
BV08TR_0277,56,0.8847090569749153,35,91
BV08TR_0277,57,0.8822881456609368,34,91
BV08TR_0277,58,0.8797251249420579,33,91
BV08TR_0277,59,0.8772572594606814,32,91
BV08TR_0277,60,0.8748439694669172,31,91
BV08TR_0277,61,0.8723391839670955,30,91
BV08TR_0277,62,0.8699426474665153,29,91
BV08TR_0277,63,0.8673962836096091,28,91
BV08TR_0277,64,0.8650399135645477,27,91
BV08TR_0277,65,0.862643157589058,26,91
BV08TR_0277,66,0.8601815605775558,25,91
BV08TR_0277,67,0.8577122986237553,24,91
BV08TR_0277,68,0.8552208252807308,23,91
BV08TR_0277,69,0.8527295379189181,22,91
BV08TR_0277,70,0.8503673753752473,21,91
BV08TR_0277,71,0.847828376668796,20,91
BV08TR_0277,72,0.845363340077443,19,91
BV08TR_0277,73,0.8430010132730202,18,91
BV08TR_0277,74,0.8405016619387036,17,91
BV08TR_0277,75,0.8380227041886843,16,91
BV08TR_0277,76,0.8356055382197192,15,91
BV08TR_0277,77,0.8331516183379198,14,91
BV08TR_0277,78,0.830694302803387,13,91
BV08TR_0277,79,0.8282723428839868,12,91
BV08TR_0277,80,0.8259040602030183,11,91
BV08TR_0277,81,0.8235190944497004,10,91
BV08TR_0277,82,0.821226737263123,9,91
BV08TR_0277,83,0.8187824875537077,8,91
BV08TR_0277,84,0.8164012716089365,7,91
BV08TR_0277,85,0.8140182323020296,6,91
BV08TR_0277,86,0.811658514440125,5,91
BV08TR_0277,87,0.8092788105914756,4,91
BV08TR_0277,88,0.8067603165707699,3,91
BV08TR_0277,89,0.8043895094465348,2,91
BV08TR_0277,90,0.8019813659303473,1,91
BV08TR_0277,91,0.7996285575358434,0,91
BV08TR_0278,0,0.9727446456453752,66,66
BV08TR_0278,1,0.97020316344661,65,66
BV08TR_0278,2,0.9676830814175665,64,66
BV08TR_0278,3,0.965245786666954,63,66
BV08TR_0278,4,0.9627797818472797,62,66
BV08TR_0278,5,0.9603027934211484,61,66
BV08TR_0278,6,0.9577730722816822,60,66
BV08TR_0278,7,0.9551964175312718,59,66
BV08TR_0278,8,0.9526404852199598,58,66
BV08TR_0278,9,0.9500942434262666,57,66
BV08TR_0278,10,0.9474612855613022,56,66
BV08TR_0278,11,0.9450360083221788,55,66
BV08TR_0278,12,0.9425923550639258,54,66
BV08TR_0278,13,0.940055091043358,53,66
BV08TR_0278,14,0.9375215446141186,52,66
BV08TR_0278,15,0.935084166934221,51,66
BV08TR_0278,16,0.9325196053056666,50,66
BV08TR_0278,17,0.929986772640618,49,66
BV08TR_0278,18,0.9273822553455212,48,66
BV08TR_0278,19,0.9249080812704565,47,66
BV08TR_0278,20,0.9224897616364716,46,66
BV08TR_0278,21,0.9199349465244304,45,66
BV08TR_0278,22,0.9174043563699464,44,66
BV08TR_0278,23,0.914798259778592,43,66
BV08TR_0278,24,0.9122990340884706,42,66
BV08TR_0278,25,0.9097096885822405,41,66
BV08TR_0278,26,0.9071474602503604,40,66
BV08TR_0278,27,0.904537009290622,39,66
BV08TR_0278,28,0.9019199389098235,38,66
BV08TR_0278,29,0.8994444532877499,37,66
BV08TR_0278,30,0.8968791765357077,36,66
BV08TR_0278,31,0.894359208124287,35,66
BV08TR_0278,32,0.8918125071614267,34,66
BV08TR_0278,33,0.889227623505221,33,66
BV08TR_0278,34,0.886703100275564,32,66
BV08TR_0278,35,0.8841514483874051,31,66
BV08TR_0278,36,0.8815353216284384,30,66
BV08TR_0278,37,0.8789613217165042,29,66
BV08TR_0278,38,0.8763306643810806,28,66
BV08TR_0278,39,0.8739063006063222,27,66
BV08TR_0278,40,0.8712578067229187,26,66
BV08TR_0278,41,0.8686260019081214,25,66
BV08TR_0278,42,0.8661532950521166,24,66
BV08TR_0278,43,0.8636502097675849,23,66
BV08TR_0278,44,0.8611047328572483,22,66
BV08TR_0278,45,0.8587078138142258,21,66
BV08TR_0278,46,0.856094554440847,20,66
BV08TR_0278,47,0.8536908215108358,19,66
BV08TR_0278,48,0.8511219166634604,18,66
BV08TR_0278,49,0.8486333125353477,17,66
BV08TR_0278,50,0.8461034823095545,16,66
BV08TR_0278,51,0.8435409942762095,15,66
BV08TR_0278,52,0.8410816738652338,14,66
BV08TR_0278,53,0.838566880781818,13,66
BV08TR_0278,54,0.8361893094319705,12,66
BV08TR_0278,55,0.8331408265541665,11,66
BV08TR_0278,56,0.8300120904116307,10,66
BV08TR_0278,57,0.8269008464645863,9,66
BV08TR_0278,58,0.8237616804663792,8,66
BV08TR_0278,59,0.8208015947396146,7,66
BV08TR_0278,60,0.817732895323689,6,66
BV08TR_0278,61,0.8144981482395212,5,66
BV08TR_0278,62,0.8115088398917925,4,66
BV08TR_0278,63,0.8084871369970777,3,66
BV08TR_0278,64,0.8053171552434437,2,66
BV08TR_0278,65,0.8023012954999168,1,66
BV08TR_0278,66,0.7991731450850178,0,66
BV08TR_0279,0,1.0117473974450697,69,69
BV08TR_0279,1,1.0086911522976474,68,69
BV08TR_0279,2,1.0057868990497614,67,69
BV08TR_0279,3,1.0027774097943296,66,69
BV08TR_0279,4,0.99987134556174,65,69
BV08TR_0279,5,0.9968217979053805,64,69
BV08TR_0279,6,0.993811570927146,63,69
BV08TR_0279,7,0.9907322966002023,62,69
BV08TR_0279,8,0.9876026098860938,61,69
BV08TR_0279,9,0.984614999008658,60,69
BV08TR_0279,10,0.9815719069237964,59,69
BV08TR_0279,11,0.978646007636226,58,69
BV08TR_0279,12,0.975674214540348,57,69
BV08TR_0279,13,0.9726287400285726,56,69
BV08TR_0279,14,0.9695690504265903,55,69
BV08TR_0279,15,0.966466173104806,54,69
BV08TR_0279,16,0.9633040779253874,53,69
BV08TR_0279,17,0.9602729247262628,52,69
BV08TR_0279,18,0.957205682279136,51,69
BV08TR_0279,19,0.9541164947237704,50,69
BV08TR_0279,20,0.9510987112282205,49,69
BV08TR_0279,21,0.9480420559704295,48,69
BV08TR_0279,22,0.9450266640373038,47,69
BV08TR_0279,23,0.9420662637729545,46,69
BV08TR_0279,24,0.9390224880223254,45,69
BV08TR_0279,25,0.9359398137808363,44,69
BV08TR_0279,26,0.9328640713830768,43,69
BV08TR_0279,27,0.9297764048523238,42,69
BV08TR_0279,28,0.926725317906722,41,69
BV08TR_0279,29,0.9236380448722606,40,69
BV08TR_0279,30,0.9205517280461843,39,69
BV08TR_0279,31,0.917405643137548,38,69
BV08TR_0279,32,0.91430857887243,37,69
BV08TR_0279,33,0.9112158681213512,36,69
BV08TR_0279,34,0.9079134750241326,35,69
BV08TR_0279,35,0.9049294975256645,34,69
BV08TR_0279,36,0.9018232866599782,33,69
BV08TR_0279,37,0.898779446721383,32,69
BV08TR_0279,38,0.8954422000320876,31,69
BV08TR_0279,39,0.8922868264219428,30,69
BV08TR_0279,40,0.8890098209589895,29,69
BV08TR_0279,41,0.8857293568083766,28,69
BV08TR_0279,42,0.8825920239895889,27,69
BV08TR_0279,43,0.879451954727225,26,69
BV08TR_0279,44,0.8761881351795802,25,69
BV08TR_0279,45,0.8730783823651486,24,69
BV08TR_0279,46,0.8699740898656927,23,69
BV08TR_0279,47,0.866898544096504,22,69
BV08TR_0279,48,0.8637956162720467,21,69
BV08TR_0279,49,0.8606365823465285,20,69
BV08TR_0279,50,0.8575352934457833,19,69
BV08TR_0279,51,0.854463114430155,18,69
BV08TR_0279,52,0.8513248879957158,17,69
BV08TR_0279,53,0.8482518537920971,16,69
BV08TR_0279,54,0.8450928085494571,15,69
BV08TR_0279,55,0.8420025407243116,14,69
BV08TR_0279,56,0.8389344465399932,13,69
BV08TR_0279,57,0.8358649172197391,12,69
BV08TR_0279,58,0.8327318326735456,11,69
BV08TR_0279,59,0.8295419675352089,10,69
BV08TR_0279,60,0.8264384604214164,9,69
BV08TR_0279,61,0.823334165313409,8,69
BV08TR_0279,62,0.8201809073920268,7,69
BV08TR_0279,63,0.8171250323118842,6,69
BV08TR_0279,64,0.8140625778525186,5,69
BV08TR_0279,65,0.8109242052305886,4,69
BV08TR_0279,66,0.8078616415207175,3,69
BV08TR_0279,67,0.8047634903768598,2,69
BV08TR_0279,68,0.8018107264209655,1,69
BV08TR_0279,69,0.7987458184335168,0,69
BV08TR_0280,0,0.954791978610056,72,72
BV08TR_0280,1,0.9527550287581145,71,72
BV08TR_0280,2,0.9508821759586878,70,72
BV08TR_0280,3,0.9488973434930142,69,72
BV08TR_0280,4,0.9470087883581798,68,72
BV08TR_0280,5,0.944943956560348,67,72
BV08TR_0280,6,0.9430257181576294,66,72
BV08TR_0280,7,0.940984868599968,65,72
BV08TR_0280,8,0.939008129678236,64,72
BV08TR_0280,9,0.9369522900487752,63,72
BV08TR_0280,10,0.934942336655056,62,72
BV08TR_0280,11,0.9329361950865885,61,72
BV08TR_0280,12,0.9308829409058985,60,72
BV08TR_0280,13,0.9288015621900522,59,72
BV08TR_0280,14,0.926820800404639,58,72
BV08TR_0280,15,0.9248440607261966,57,72
BV08TR_0280,16,0.9226589026455676,56,72
BV08TR_0280,17,0.920525130249334,55,72
BV08TR_0280,18,0.918473282185804,54,72
BV08TR_0280,19,0.916397806877944,53,72
BV08TR_0280,20,0.9143589906946142,52,72
BV08TR_0280,21,0.9123135807216185,51,72
BV08TR_0280,22,0.9102857649631924,50,72
BV08TR_0280,23,0.908162866413072,49,72
BV08TR_0280,24,0.9059963292336264,48,72
BV08TR_0280,25,0.9039251719537985,47,72
BV08TR_0280,26,0.9019551669815072,46,72
BV08TR_0280,27,0.8999051687781892,45,72
BV08TR_0280,28,0.8977568727807411,44,72
BV08TR_0280,29,0.895670626679765,43,72
BV08TR_0280,30,0.893621496099959,42,72
BV08TR_0280,31,0.8915608719959085,41,72
BV08TR_0280,32,0.889440062356676,40,72
BV08TR_0280,33,0.8873508742646934,39,72
BV08TR_0280,34,0.8852100901541393,38,72
BV08TR_0280,35,0.8832435384330114,37,72
BV08TR_0280,36,0.8811587286769044,36,72
BV08TR_0280,37,0.8790301210496382,35,72
BV08TR_0280,38,0.8770073805966262,34,72
BV08TR_0280,39,0.8749357200313175,33,72
BV08TR_0280,40,0.8728694857386948,32,72
BV08TR_0280,41,0.8708168343922186,31,72
BV08TR_0280,42,0.8688447917821306,30,72
BV08TR_0280,43,0.8667636637467405,29,72
BV08TR_0280,44,0.8647366277610582,28,72
BV08TR_0280,45,0.8628283766056899,27,72
BV08TR_0280,46,0.8608637672612781,26,72
BV08TR_0280,47,0.8588449417348355,25,72
BV08TR_0280,48,0.856884458253603,24,72
BV08TR_0280,49,0.8548275412483437,23,72
BV08TR_0280,50,0.8528527257496819,22,72
BV08TR_0280,51,0.8508856453403105,21,72
BV08TR_0280,52,0.8489560339028795,20,72
BV08TR_0280,53,0.8469410736416378,19,72
BV08TR_0280,54,0.8449335025420956,18,72
BV08TR_0280,55,0.8429230511842991,17,72
BV08TR_0280,56,0.8408989892418516,16,72
BV08TR_0280,57,0.838265288317192,15,72
BV08TR_0280,58,0.8355882650816574,14,72
BV08TR_0280,59,0.832931936205958,13,72
BV08TR_0280,60,0.830281452567983,12,72
BV08TR_0280,61,0.8276601269079158,11,72
BV08TR_0280,62,0.825136878341217,10,72
BV08TR_0280,63,0.8225576195405264,9,72
BV08TR_0280,64,0.819921922617511,8,72
BV08TR_0280,65,0.8172649997706362,7,72
BV08TR_0280,66,0.8145824228610141,6,72
BV08TR_0280,67,0.8119554496723594,5,72
BV08TR_0280,68,0.8093779696727097,4,72
BV08TR_0280,69,0.8069100920095984,3,72
BV08TR_0280,70,0.8044423492184308,2,72
BV08TR_0280,71,0.8018322742477093,1,72
BV08TR_0280,72,0.79929738059411,0,72
BV08TR_0281,0,0.9939123812872765,59,59
BV08TR_0281,1,0.9906976040398586,58,59
BV08TR_0281,2,0.9875634838441506,57,59
BV08TR_0281,3,0.9843569123028328,56,59
BV08TR_0281,4,0.9813313796085864,55,59
BV08TR_0281,5,0.9781724918090074,54,59
BV08TR_0281,6,0.97491437962265,53,59
BV08TR_0281,7,0.9717749862267854,52,59
BV08TR_0281,8,0.9686215926984192,51,59
BV08TR_0281,9,0.9654451529184124,50,59
BV08TR_0281,10,0.9622530113120634,49,59
BV08TR_0281,11,0.9591545473728754,48,59
BV08TR_0281,12,0.9559499569404832,47,59
BV08TR_0281,13,0.9526573577355888,46,59
BV08TR_0281,14,0.9493049285878934,45,59
BV08TR_0281,15,0.946239793482372,44,59
BV08TR_0281,16,0.94303862805442,43,59
BV08TR_0281,17,0.939977994022698,42,59
BV08TR_0281,18,0.936898704491579,41,59
BV08TR_0281,19,0.933773491485981,40,59
BV08TR_0281,20,0.93076005425554,39,59
BV08TR_0281,21,0.9276740741067174,38,59
BV08TR_0281,22,0.924662033996346,37,59
BV08TR_0281,23,0.9216032839876772,36,59
BV08TR_0281,24,0.9184833962098335,35,59
BV08TR_0281,25,0.9153531535411904,34,59
BV08TR_0281,26,0.912238484410044,33,59
BV08TR_0281,27,0.9092697513973605,32,59
BV08TR_0281,28,0.9062728745309065,31,59
BV08TR_0281,29,0.9031616565501251,30,59
BV08TR_0281,30,0.9001447575930175,29,59
BV08TR_0281,31,0.8972670932931436,28,59
BV08TR_0281,32,0.8942202582098392,27,59
BV08TR_0281,33,0.8911894119772052,26,59
BV08TR_0281,34,0.888123368303127,25,59
BV08TR_0281,35,0.8851397936351522,24,59
BV08TR_0281,36,0.8820573303867196,23,59
BV08TR_0281,37,0.8791167047152998,22,59
BV08TR_0281,38,0.8759904473594633,21,59
BV08TR_0281,39,0.8730090184133006,20,59
BV08TR_0281,40,0.8700136413645905,19,59
BV08TR_0281,41,0.8669788339065502,18,59
BV08TR_0281,42,0.8640029367037143,17,59
BV08TR_0281,43,0.8610479685711984,16,59
BV08TR_0281,44,0.8578678282426822,15,59
BV08TR_0281,45,0.8547519077051865,14,59
BV08TR_0281,46,0.8506834090104277,13,59
BV08TR_0281,47,0.8464829808642204,12,59
BV08TR_0281,48,0.8424099228842594,11,59
BV08TR_0281,49,0.8383605577917993,10,59
BV08TR_0281,50,0.8342635731131598,9,59
BV08TR_0281,51,0.8301196682277102,8,59
BV08TR_0281,52,0.8260262557087996,7,59
BV08TR_0281,53,0.8219914782205298,6,59
BV08TR_0281,54,0.8177733227485833,5,59
BV08TR_0281,55,0.8136152515894596,4,59
BV08TR_0281,56,0.8092606780809118,3,59
BV08TR_0281,57,0.8051306329352614,2,59
BV08TR_0281,58,0.8009240799464261,1,59
BV08TR_0281,59,0.7968048826209376,0,59
BV08TR_0282,0,1.0218722347262799,84,84
BV08TR_0282,1,1.0193591261956083,83,84
BV08TR_0282,2,1.0168437795188494,82,84
BV08TR_0282,3,1.0142852383052614,81,84
BV08TR_0282,4,1.011686710663331,80,84
BV08TR_0282,5,1.0091274200427176,79,84
BV08TR_0282,6,1.0065276183480163,78,84
BV08TR_0282,7,1.0039645551636869,77,84
BV08TR_0282,8,1.0013863910674745,76,84
BV08TR_0282,9,0.9989130219517898,75,84
BV08TR_0282,10,0.9962469132595382,74,84
BV08TR_0282,11,0.993615469459398,73,84
BV08TR_0282,12,0.99116156478492,72,84
BV08TR_0282,13,0.9886711118118788,71,84
BV08TR_0282,14,0.9860265931282628,70,84
BV08TR_0282,15,0.9833862933692706,69,84
BV08TR_0282,16,0.98081522632244,68,84
BV08TR_0282,17,0.9782365650794242,67,84
BV08TR_0282,18,0.9756924328183602,66,84
BV08TR_0282,19,0.9730910145311225,65,84
BV08TR_0282,20,0.970527156409416,64,84
BV08TR_0282,21,0.9680391113835578,63,84
BV08TR_0282,22,0.965550091689104,62,84
BV08TR_0282,23,0.9629909084153738,61,84
BV08TR_0282,24,0.9604891947642412,60,84
BV08TR_0282,25,0.9580007705096666,59,84
BV08TR_0282,26,0.9554635159923384,58,84
BV08TR_0282,27,0.9529961575327038,57,84
BV08TR_0282,28,0.9504639432973202,56,84
BV08TR_0282,29,0.9479829102822284,55,84
BV08TR_0282,30,0.945653544481228,54,84
BV08TR_0282,31,0.9430234277564552,53,84
BV08TR_0282,32,0.9404350967335064,52,84
BV08TR_0282,33,0.9380028670609746,51,84
BV08TR_0282,34,0.9356169643283594,50,84
BV08TR_0282,35,0.9330752411565918,49,84
BV08TR_0282,36,0.9306208541091862,48,84
BV08TR_0282,37,0.9281303746552012,47,84
BV08TR_0282,38,0.9257250252811766,46,84
BV08TR_0282,39,0.9232350525216424,45,84
BV08TR_0282,40,0.9207658070245444,44,84
BV08TR_0282,41,0.9182415873264766,43,84
BV08TR_0282,42,0.915732199217654,42,84
BV08TR_0282,43,0.9132919268225792,41,84
BV08TR_0282,44,0.9108238144632892,40,84
BV08TR_0282,45,0.9082900671492018,39,84
BV08TR_0282,46,0.9058620148959452,38,84
BV08TR_0282,47,0.9033069738399881,37,84
BV08TR_0282,48,0.90076835722365,36,84
BV08TR_0282,49,0.8983256955245928,35,84
BV08TR_0282,50,0.8959266553365012,34,84
BV08TR_0282,51,0.8934560374286451,33,84
BV08TR_0282,52,0.8909975103645642,32,84
BV08TR_0282,53,0.8885504890505576,31,84
BV08TR_0282,54,0.8860122739720125,30,84
BV08TR_0282,55,0.8835780551624367,29,84
BV08TR_0282,56,0.881176860028794,28,84
BV08TR_0282,57,0.8786556706467102,27,84
BV08TR_0282,58,0.8762551548866996,26,84
BV08TR_0282,59,0.8737889724494758,25,84
BV08TR_0282,60,0.8712795717686719,24,84
BV08TR_0282,61,0.8688516460220665,23,84
BV08TR_0282,62,0.8664134790246288,22,84
BV08TR_0282,63,0.8639542198476045,21,84
BV08TR_0282,64,0.8614738493209393,20,84
BV08TR_0282,65,0.858878376736316,19,84
BV08TR_0282,66,0.8563345110818587,18,84
BV08TR_0282,67,0.8537219726198286,17,84
BV08TR_0282,68,0.8512030913768794,16,84
BV08TR_0282,69,0.84862124393611,15,84
BV08TR_0282,70,0.8461295137265611,14,84
BV08TR_0282,71,0.8435829095419417,13,84
BV08TR_0282,72,0.8409761378844669,12,84
BV08TR_0282,73,0.8384230514092051,11,84
BV08TR_0282,74,0.836001284963567,10,84
BV08TR_0282,75,0.832250954913828,9,84
BV08TR_0282,76,0.8283633177415158,8,84
BV08TR_0282,77,0.8242674342477312,7,84
BV08TR_0282,78,0.820372009445051,6,84
BV08TR_0282,79,0.8165408876514797,5,84
BV08TR_0282,80,0.8128275611602057,4,84
BV08TR_0282,81,0.8089607032367598,3,84
BV08TR_0282,82,0.8051961034868652,2,84
BV08TR_0282,83,0.8012748859872733,1,84
BV08TR_0282,84,0.797390598125647,0,84
BV08TR_0283,0,1.0335771367462843,109,109
BV08TR_0283,1,1.031476592276047,108,109
BV08TR_0283,2,1.02936369401754,107,109
BV08TR_0283,3,1.027331544100196,106,109
BV08TR_0283,4,1.0252302251337981,105,109
BV08TR_0283,5,1.0230507266512896,104,109
BV08TR_0283,6,1.0209525329151583,103,109
BV08TR_0283,7,1.0187674459596503,102,109
BV08TR_0283,8,1.0166156098992614,101,109
BV08TR_0283,9,1.0145273660432261,100,109
BV08TR_0283,10,1.012461770460506,99,109
BV08TR_0283,11,1.0102365059367437,98,109
BV08TR_0283,12,1.0080857429597112,97,109
BV08TR_0283,13,1.0059272325190785,96,109
BV08TR_0283,14,1.0037492607632625,95,109
BV08TR_0283,15,1.0015496081061892,94,109
BV08TR_0283,16,0.9993619252074037,93,109
BV08TR_0283,17,0.997242719712632,92,109
BV08TR_0283,18,0.9950429270889338,91,109
BV08TR_0283,19,0.9928863427095252,90,109
BV08TR_0283,20,0.9906847701789134,89,109
BV08TR_0283,21,0.9884904084449374,88,109
BV08TR_0283,22,0.986238017807728,87,109
BV08TR_0283,23,0.9840844731801258,86,109
BV08TR_0283,24,0.9819128570221848,85,109
BV08TR_0283,25,0.979676252876542,84,109
BV08TR_0283,26,0.977484895642181,83,109
BV08TR_0283,27,0.9753517241458988,82,109
BV08TR_0283,28,0.973110099649227,81,109
BV08TR_0283,29,0.9709719783628784,80,109
BV08TR_0283,30,0.9687246155858832,79,109
BV08TR_0283,31,0.966604480001086,78,109
BV08TR_0283,32,0.9644142254239252,77,109
BV08TR_0283,33,0.962251315837644,76,109
BV08TR_0283,34,0.9600766099428728,75,109
BV08TR_0283,35,0.957878623993242,74,109
BV08TR_0283,36,0.9555325265112352,73,109
BV08TR_0283,37,0.9532524993709935,72,109
BV08TR_0283,38,0.9510769450160782,71,109
BV08TR_0283,39,0.9488819760494022,70,109
BV08TR_0283,40,0.9467512532742445,69,109
BV08TR_0283,41,0.9445753709154032,68,109
BV08TR_0283,42,0.9423700443058332,67,109
BV08TR_0283,43,0.9400974711288276,66,109
BV08TR_0283,44,0.9379179476226692,65,109
BV08TR_0283,45,0.9357710244457578,64,109
BV08TR_0283,46,0.9336160438059448,63,109
BV08TR_0283,47,0.93151501731742,62,109
BV08TR_0283,48,0.9292988272079818,61,109
BV08TR_0283,49,0.9270810002690258,60,109
BV08TR_0283,50,0.9249196475952124,59,109
BV08TR_0283,51,0.9227104292937802,58,109
BV08TR_0283,52,0.9206986381319662,57,109
BV08TR_0283,53,0.918571043874756,56,109
BV08TR_0283,54,0.916517849545116,55,109
BV08TR_0283,55,0.9144522815645284,54,109
BV08TR_0283,56,0.9123306028285075,53,109
BV08TR_0283,57,0.9101251824830484,52,109
BV08TR_0283,58,0.9080036606893624,51,109
BV08TR_0283,59,0.9059349564085812,50,109
BV08TR_0283,60,0.9037382602598995,49,109
BV08TR_0283,61,0.901605765465061,48,109
BV08TR_0283,62,0.8995060440618782,47,109
BV08TR_0283,63,0.8974102697711801,46,109
BV08TR_0283,64,0.8953428985431078,45,109
BV08TR_0283,65,0.8931987867385092,44,109
BV08TR_0283,66,0.8911133691846357,43,109
BV08TR_0283,67,0.8890510947063838,42,109
BV08TR_0283,68,0.8869188448106462,41,109
BV08TR_0283,69,0.8847320806156795,40,109
BV08TR_0283,70,0.8826740605510902,39,109
BV08TR_0283,71,0.8805500525731569,38,109
BV08TR_0283,72,0.878425162033414,37,109
BV08TR_0283,73,0.8763293882785884,36,109
BV08TR_0283,74,0.8741739166040905,35,109
BV08TR_0283,75,0.872133909103793,34,109
BV08TR_0283,76,0.869998743989388,33,109
BV08TR_0283,77,0.8679404817046549,32,109
BV08TR_0283,78,0.8657945637791286,31,109
BV08TR_0283,79,0.8636605258004526,30,109
BV08TR_0283,80,0.8615559388408861,29,109
BV08TR_0283,81,0.8594075309359878,28,109
BV08TR_0283,82,0.8572354874602255,27,109
BV08TR_0283,83,0.855030165853625,26,109
BV08TR_0283,84,0.8529275581783653,25,109
BV08TR_0283,85,0.8507617441009148,24,109
BV08TR_0283,86,0.8485679106897894,23,109
BV08TR_0283,87,0.8464188040948991,22,109
BV08TR_0283,88,0.8442627505286174,21,109
BV08TR_0283,89,0.842125780848244,20,109
BV08TR_0283,90,0.8399592482317201,19,109
BV08TR_0283,91,0.8377472374877886,18,109
BV08TR_0283,92,0.8355759683124993,17,109
BV08TR_0283,93,0.8334168829942832,16,109
BV08TR_0283,94,0.8312372344168852,15,109
BV08TR_0283,95,0.8289850276947393,14,109
BV08TR_0283,96,0.8268866163995982,13,109
BV08TR_0283,97,0.824672826095315,12,109
BV08TR_0283,98,0.8223308582068825,11,109
BV08TR_0283,99,0.8202094353089682,10,109
BV08TR_0283,100,0.8180928993211956,9,109
BV08TR_0283,101,0.8158771535128668,8,109
BV08TR_0283,102,0.8136809690398045,7,109
BV08TR_0283,103,0.8113193832258144,6,109
BV08TR_0283,104,0.809076922563776,5,109
BV08TR_0283,105,0.8068975396813695,4,109
BV08TR_0283,106,0.8046974006902057,3,109
BV08TR_0283,107,0.8025532966828248,2,109
BV08TR_0283,108,0.8004134117457768,1,109
BV08TR_0283,109,0.798280825897434,0,109
BV08TR_0284,0,1.0376378947369629,90,90
BV08TR_0284,1,1.0349894739640109,89,90
BV08TR_0284,2,1.0321630265645465,88,90
BV08TR_0284,3,1.0294414570578685,87,90
BV08TR_0284,4,1.026566018337792,86,90
BV08TR_0284,5,1.0238779174232249,85,90
BV08TR_0284,6,1.02112419487858,84,90
BV08TR_0284,7,1.0183423045635887,83,90
BV08TR_0284,8,1.0155588319272972,82,90
BV08TR_0284,9,1.0126898169714984,81,90
BV08TR_0284,10,1.0099270180777868,80,90
BV08TR_0284,11,1.007259468297158,79,90
BV08TR_0284,12,1.004698602559382,78,90
BV08TR_0284,13,1.0019212888399323,77,90
BV08TR_0284,14,0.9991728150327162,76,90
BV08TR_0284,15,0.996399251829382,75,90
BV08TR_0284,16,0.9937940575557864,74,90
BV08TR_0284,17,0.99117911922805,73,90
BV08TR_0284,18,0.9884035589432264,72,90
BV08TR_0284,19,0.985785692991762,71,90
BV08TR_0284,20,0.98311732350268,70,90
BV08TR_0284,21,0.9803943837489723,69,90
BV08TR_0284,22,0.9777627083702335,68,90
BV08TR_0284,23,0.9752113130857796,67,90
BV08TR_0284,24,0.9725832561263624,66,90
BV08TR_0284,25,0.9699075077798314,65,90
BV08TR_0284,26,0.9671937110318906,64,90
BV08TR_0284,27,0.964572659741799,63,90
BV08TR_0284,28,0.9618989632477672,62,90
BV08TR_0284,29,0.959282169051242,61,90
BV08TR_0284,30,0.9566899097957605,60,90
BV08TR_0284,31,0.9541319737218334,59,90
BV08TR_0284,32,0.9514840119009196,58,90
BV08TR_0284,33,0.9489382994898758,57,90
BV08TR_0284,34,0.946284829498938,56,90
BV08TR_0284,35,0.9436791285699092,55,90
BV08TR_0284,36,0.9411352629208828,54,90
BV08TR_0284,37,0.93854781086268,53,90
BV08TR_0284,38,0.9359222930509492,52,90
BV08TR_0284,39,0.9335567858379864,51,90
BV08TR_0284,40,0.9310914295094742,50,90
BV08TR_0284,41,0.9285210762096305,49,90
BV08TR_0284,42,0.9260175553788245,48,90
BV08TR_0284,43,0.9235593164959616,47,90
BV08TR_0284,44,0.9209669504515856,46,90
BV08TR_0284,45,0.9183425813124246,45,90
BV08TR_0284,46,0.91573515540791,44,90
BV08TR_0284,47,0.913210276381428,43,90
BV08TR_0284,48,0.910554929504602,42,90
BV08TR_0284,49,0.907981260583689,41,90
BV08TR_0284,50,0.905504054251528,40,90
BV08TR_0284,51,0.9029585848349831,39,90
BV08TR_0284,52,0.9004421239366067,38,90
BV08TR_0284,53,0.8978340256420982,37,90
BV08TR_0284,54,0.895213052419506,36,90
BV08TR_0284,55,0.8926255824620908,35,90
BV08TR_0284,56,0.8899913724936905,34,90
BV08TR_0284,57,0.887397229911997,33,90
BV08TR_0284,58,0.8847383844363951,32,90
BV08TR_0284,59,0.8820408054723556,31,90
BV08TR_0284,60,0.8794022320660821,30,90
BV08TR_0284,61,0.87682913142761,29,90
BV08TR_0284,62,0.8740801818497709,28,90
BV08TR_0284,63,0.8714565730249002,27,90
BV08TR_0284,64,0.8687266357595466,26,90
BV08TR_0284,65,0.8662052819375785,25,90
BV08TR_0284,66,0.8635783396802362,24,90
BV08TR_0284,67,0.8610079796425011,23,90
BV08TR_0284,68,0.858285352714477,22,90
BV08TR_0284,69,0.8556510894374038,21,90
BV08TR_0284,70,0.852867885513605,20,90
BV08TR_0284,71,0.8500775508453653,19,90
BV08TR_0284,72,0.8474650849673225,18,90
BV08TR_0284,73,0.8447860259584304,17,90
BV08TR_0284,74,0.842026090597008,16,90
BV08TR_0284,75,0.8394114403665532,15,90
BV08TR_0284,76,0.8367132756797327,14,90
BV08TR_0284,77,0.8340278071586533,13,90
BV08TR_0284,78,0.8313594063340197,12,90
BV08TR_0284,79,0.8285920723486815,11,90
BV08TR_0284,80,0.8258823947614048,10,90
BV08TR_0284,81,0.8232385763732984,9,90
BV08TR_0284,82,0.820457534341221,8,90
BV08TR_0284,83,0.8178171642299678,7,90
BV08TR_0284,84,0.8152804449596593,6,90
BV08TR_0284,85,0.8126449704750734,5,90
BV08TR_0284,86,0.8100541499517285,4,90
BV08TR_0284,87,0.8073839315058214,3,90
BV08TR_0284,88,0.8046481114689623,2,90
BV08TR_0284,89,0.8019499539789036,1,90
BV08TR_0284,90,0.7993207282949075,0,90
BV08TR_0285,0,1.047670558788814,91,91
BV08TR_0285,1,1.0448964760128785,90,91
BV08TR_0285,2,1.0420825780342218,89,91
BV08TR_0285,3,1.0394111589200439,88,91
BV08TR_0285,4,1.036749728158941,87,91
BV08TR_0285,5,1.0340724305077296,86,91
BV08TR_0285,6,1.0313124221238872,85,91
BV08TR_0285,7,1.02847441317614,84,91
BV08TR_0285,8,1.0257641350411304,83,91
BV08TR_0285,9,1.0230374499465478,82,91
BV08TR_0285,10,1.0203341175132155,81,91
BV08TR_0285,11,1.0177734670030667,80,91
BV08TR_0285,12,1.0151721853292457,79,91
BV08TR_0285,13,1.012562634855971,78,91
BV08TR_0285,14,1.0098862529440993,77,91
BV08TR_0285,15,1.0073694346711908,76,91
BV08TR_0285,16,1.0047482671563972,75,91
BV08TR_0285,17,1.001980110809206,74,91
BV08TR_0285,18,0.9992168966535758,73,91
BV08TR_0285,19,0.9965177460585491,72,91
BV08TR_0285,20,0.9937493215090495,71,91
BV08TR_0285,21,0.9910204523251326,70,91
BV08TR_0285,22,0.9882761499370465,69,91
BV08TR_0285,23,0.9855272269291112,68,91
BV08TR_0285,24,0.9829163882738992,67,91
BV08TR_0285,25,0.9802828635767884,66,91
BV08TR_0285,26,0.9777308513620708,65,91
BV08TR_0285,27,0.9750323047875809,64,91
BV08TR_0285,28,0.9723033113544512,63,91
BV08TR_0285,29,0.9695865812936072,62,91
BV08TR_0285,30,0.9668929586471375,61,91
BV08TR_0285,31,0.9642444314236056,60,91
BV08TR_0285,32,0.96162008148773,59,91
BV08TR_0285,33,0.958956897041256,58,91
BV08TR_0285,34,0.9563077834926824,57,91
BV08TR_0285,35,0.9535292144794072,56,91
BV08TR_0285,36,0.950858651091702,55,91
BV08TR_0285,37,0.9480146377639048,54,91
BV08TR_0285,38,0.9451670261087365,53,91
BV08TR_0285,39,0.9424246826757775,52,91
BV08TR_0285,40,0.9397065116427884,51,91
BV08TR_0285,41,0.9369378885503102,50,91
BV08TR_0285,42,0.9342023327634426,49,91
BV08TR_0285,43,0.9313185249122735,48,91
BV08TR_0285,44,0.928591742229882,47,91
BV08TR_0285,45,0.9258011204303886,46,91
BV08TR_0285,46,0.9231037130117498,45,91
BV08TR_0285,47,0.920239419171511,44,91
BV08TR_0285,48,0.917479945473646,43,91
BV08TR_0285,49,0.914636258645704,42,91
BV08TR_0285,50,0.9118705630741968,41,91
BV08TR_0285,51,0.9090418788553372,40,91
BV08TR_0285,52,0.9060686076529035,39,91
BV08TR_0285,53,0.9032067917632904,38,91
BV08TR_0285,54,0.9003560105693379,37,91
BV08TR_0285,55,0.8975213611505809,36,91
BV08TR_0285,56,0.8945942412723116,35,91
BV08TR_0285,57,0.8917205378925817,34,91
BV08TR_0285,58,0.8890026340454179,33,91
BV08TR_0285,59,0.8861912849312521,32,91
BV08TR_0285,60,0.8833207172572526,31,91
BV08TR_0285,61,0.8805559094489636,30,91
BV08TR_0285,62,0.8778530427207129,29,91
BV08TR_0285,63,0.8750089122408434,28,91
BV08TR_0285,64,0.8722261338065718,27,91
BV08TR_0285,65,0.8693543667919168,26,91
BV08TR_0285,66,0.8665278056511178,25,91
BV08TR_0285,67,0.8638519379056595,24,91
BV08TR_0285,68,0.8611191979161783,23,91
BV08TR_0285,69,0.8583772634696594,22,91
BV08TR_0285,70,0.8556658628099542,21,91
BV08TR_0285,71,0.8528975213079353,20,91
BV08TR_0285,72,0.8500989121327762,19,91
BV08TR_0285,73,0.8473534804738316,18,91
BV08TR_0285,74,0.8446482071019772,17,91
BV08TR_0285,75,0.8420438081341267,16,91
BV08TR_0285,76,0.8393722597537925,15,91
BV08TR_0285,77,0.8366678833267515,14,91
BV08TR_0285,78,0.8338197042145366,13,91
BV08TR_0285,79,0.8312114422647332,12,91
BV08TR_0285,80,0.8284926267255297,11,91
BV08TR_0285,81,0.8257485671108359,10,91
BV08TR_0285,82,0.8231290284387665,9,91
BV08TR_0285,83,0.820388943495041,8,91
BV08TR_0285,84,0.8176152143304235,7,91
BV08TR_0285,85,0.814928747624529,6,91
BV08TR_0285,86,0.812302290935078,5,91
BV08TR_0285,87,0.8096390563526928,4,91
BV08TR_0285,88,0.8069738368442253,3,91
BV08TR_0285,89,0.8043192092912296,2,91
BV08TR_0285,90,0.801663022742046,1,91
BV08TR_0285,91,0.7989956202742796,0,91
BV08TR_0286,0,0.9825559688370974,74,74
BV08TR_0286,1,0.980157526703271,73,74
BV08TR_0286,2,0.977624078153059,72,74
BV08TR_0286,3,0.975248632560943,71,74
BV08TR_0286,4,0.9726525058715414,70,74
BV08TR_0286,5,0.9702013767477826,69,74
BV08TR_0286,6,0.9676198024555074,68,74
BV08TR_0286,7,0.9651800670576288,67,74
BV08TR_0286,8,0.9625786980971742,66,74
BV08TR_0286,9,0.960104462929472,65,74
BV08TR_0286,10,0.9576245125694746,64,74
BV08TR_0286,11,0.9551660246542184,63,74
BV08TR_0286,12,0.9526755385641859,62,74
BV08TR_0286,13,0.950149539036408,61,74
BV08TR_0286,14,0.9476646811922732,60,74
BV08TR_0286,15,0.9451575104836896,59,74
BV08TR_0286,16,0.942752866685789,58,74
BV08TR_0286,17,0.940269147106929,57,74
BV08TR_0286,18,0.9378508870265712,56,74
BV08TR_0286,19,0.93537286128135,55,74
BV08TR_0286,20,0.9330158227073865,54,74
BV08TR_0286,21,0.9305824717550744,53,74
BV08TR_0286,22,0.9281608316580602,52,74
BV08TR_0286,23,0.9256978000230895,51,74
BV08TR_0286,24,0.9232403444234915,50,74
BV08TR_0286,25,0.9209213099270772,49,74
BV08TR_0286,26,0.9184741114106935,48,74
BV08TR_0286,27,0.9160673451641598,47,74
BV08TR_0286,28,0.913685683584876,46,74
BV08TR_0286,29,0.9112546152792332,45,74
BV08TR_0286,30,0.9088482790966766,44,74
BV08TR_0286,31,0.9063835228462094,43,74
BV08TR_0286,32,0.9039447890065172,42,74
BV08TR_0286,33,0.9015517182565512,41,74
BV08TR_0286,34,0.8990820038486808,40,74
BV08TR_0286,35,0.896663617509959,39,74
BV08TR_0286,36,0.8943092682166438,38,74
BV08TR_0286,37,0.8918314409811978,37,74
BV08TR_0286,38,0.8894418489702185,36,74
BV08TR_0286,39,0.8868887016119698,35,74
BV08TR_0286,40,0.8845304811687345,34,74
BV08TR_0286,41,0.8821387214997662,33,74
BV08TR_0286,42,0.879776236035524,32,74
BV08TR_0286,43,0.8773690747644632,31,74
BV08TR_0286,44,0.8749223349105498,30,74
BV08TR_0286,45,0.8724442661074197,29,74
BV08TR_0286,46,0.8700590610969972,28,74
BV08TR_0286,47,0.8676066495021612,27,74
BV08TR_0286,48,0.8651195633463399,26,74
BV08TR_0286,49,0.8626286543490945,25,74
BV08TR_0286,50,0.8601036365930225,24,74
BV08TR_0286,51,0.8575689048271571,23,74
BV08TR_0286,52,0.8551511649270314,22,74
BV08TR_0286,53,0.8526458771730469,21,74
BV08TR_0286,54,0.8502442602839302,20,74
BV08TR_0286,55,0.8476835270590908,19,74
BV08TR_0286,56,0.8450929522983477,18,74
BV08TR_0286,57,0.8426001987009283,17,74
BV08TR_0286,58,0.8400494024445403,16,74
BV08TR_0286,59,0.8375496085962532,15,74
BV08TR_0286,60,0.8348973060544056,14,74
BV08TR_0286,61,0.8323522352159712,13,74
BV08TR_0286,62,0.8297697108111785,12,74
BV08TR_0286,63,0.8272657240154184,11,74
BV08TR_0286,64,0.8246817412320342,10,74
BV08TR_0286,65,0.8222746897469364,9,74
BV08TR_0286,66,0.8196770112370403,8,74
BV08TR_0286,67,0.8170687815425692,7,74
BV08TR_0286,68,0.8145141727410984,6,74
BV08TR_0286,69,0.8119782332782207,5,74
BV08TR_0286,70,0.809460326998355,4,74
BV08TR_0286,71,0.8068860084549004,3,74
BV08TR_0286,72,0.8043420879375311,2,74
BV08TR_0286,73,0.8018506160428712,1,74
BV08TR_0286,74,0.7993357209127776,0,74
BV08TR_0287,0,0.9723984517655785,53,53
BV08TR_0287,1,0.969371979108376,52,53
BV08TR_0287,2,0.9663002204805446,51,53
BV08TR_0287,3,0.96336096674596,50,53
BV08TR_0287,4,0.9602502750143802,49,53
BV08TR_0287,5,0.957256766093671,48,53
BV08TR_0287,6,0.9544239434300184,47,53
BV08TR_0287,7,0.9514430950934292,46,53
BV08TR_0287,8,0.9484212309174186,45,53
BV08TR_0287,9,0.945406220984573,44,53
BV08TR_0287,10,0.9422747028809422,43,53
BV08TR_0287,11,0.9392287125945195,42,53
BV08TR_0287,12,0.9361198000888132,41,53
BV08TR_0287,13,0.9330241895976024,40,53
BV08TR_0287,14,0.9298074265446898,39,53
BV08TR_0287,15,0.9267519180423762,38,53
BV08TR_0287,16,0.9236782343138162,37,53
BV08TR_0287,17,0.9205319670271924,36,53
BV08TR_0287,18,0.9173660007388992,35,53
BV08TR_0287,19,0.9142115375302388,34,53
BV08TR_0287,20,0.9108910039063473,33,53
BV08TR_0287,21,0.9078568639234618,32,53
BV08TR_0287,22,0.9047011975590408,31,53
BV08TR_0287,23,0.901567896455312,30,53
BV08TR_0287,24,0.8985783777582773,29,53
BV08TR_0287,25,0.895522285178603,28,53
BV08TR_0287,26,0.8924894869259103,27,53
BV08TR_0287,27,0.8892581493628468,26,53
BV08TR_0287,28,0.8861424977273495,25,53
BV08TR_0287,29,0.8828868914574985,24,53
BV08TR_0287,30,0.8797628979464523,23,53
BV08TR_0287,31,0.8764847291989886,22,53
BV08TR_0287,32,0.8732479754852931,21,53
BV08TR_0287,33,0.8700774509084652,20,53
BV08TR_0287,34,0.866857833871043,19,53
BV08TR_0287,35,0.8637244890821091,18,53
BV08TR_0287,36,0.8606375738921396,17,53
BV08TR_0287,37,0.8575549181050651,16,53
BV08TR_0287,38,0.8544112433924546,15,53
BV08TR_0287,39,0.8513536658041,14,53
BV08TR_0287,40,0.8482961773588692,13,53
BV08TR_0287,41,0.8452055879826067,12,53
BV08TR_0287,42,0.8421282249254362,11,53
BV08TR_0287,43,0.8390092577804878,10,53
BV08TR_0287,44,0.835905425611098,9,53
BV08TR_0287,45,0.8326726969422046,8,53
BV08TR_0287,46,0.8282345595576353,7,53
BV08TR_0287,47,0.8235948856816311,6,53
BV08TR_0287,48,0.8189475469148999,5,53
BV08TR_0287,49,0.8144261915841547,4,53
BV08TR_0287,50,0.8100517881306238,3,53
BV08TR_0287,51,0.8057597873999512,2,53
BV08TR_0287,52,0.8014084467785296,1,53
BV08TR_0287,53,0.7969641435322116,0,53
BV08TR_0288,0,1.0433062339591062,104,104
BV08TR_0288,1,1.040939845147246,103,104
BV08TR_0288,2,1.0386347763132444,102,104
BV08TR_0288,3,1.0362732722412116,101,104
BV08TR_0288,4,1.034008597388537,100,104
BV08TR_0288,5,1.031714989187331,99,104
BV08TR_0288,6,1.02947331243119,98,104
BV08TR_0288,7,1.027076406828194,97,104
BV08TR_0288,8,1.024717899711986,96,104
BV08TR_0288,9,1.022477470881102,95,104
BV08TR_0288,10,1.020121687003251,94,104
BV08TR_0288,11,1.0177838750173094,93,104
BV08TR_0288,12,1.0154128842491077,92,104
BV08TR_0288,13,1.013037115601946,91,104
BV08TR_0288,14,1.0106644132271003,90,104
BV08TR_0288,15,1.0082975572772037,89,104
BV08TR_0288,16,1.0058980033550173,88,104
BV08TR_0288,17,1.0035318886888402,87,104
BV08TR_0288,18,1.0010174991024414,86,104
BV08TR_0288,19,0.9985866808883223,85,104
BV08TR_0288,20,0.9961408771974026,84,104
BV08TR_0288,21,0.9937485530147225,83,104
BV08TR_0288,22,0.9913765899178808,82,104
BV08TR_0288,23,0.989050145128084,81,104
BV08TR_0288,24,0.986689530945766,80,104
BV08TR_0288,25,0.9843379334959732,79,104
BV08TR_0288,26,0.9819852401198106,78,104
BV08TR_0288,27,0.979687721894528,77,104
BV08TR_0288,28,0.9772565255091672,76,104
BV08TR_0288,29,0.9748705138358598,75,104
BV08TR_0288,30,0.9725338170045542,74,104
BV08TR_0288,31,0.96998434637741,73,104
BV08TR_0288,32,0.9676050271444284,72,104
BV08TR_0288,33,0.9652310410086475,71,104
BV08TR_0288,34,0.9628462792717573,70,104
BV08TR_0288,35,0.9604781459127933,69,104
BV08TR_0288,36,0.9580539460468158,68,104
BV08TR_0288,37,0.9556142400969904,67,104
BV08TR_0288,38,0.953287993036656,66,104
BV08TR_0288,39,0.9510024174901422,65,104
BV08TR_0288,40,0.948504898558417,64,104
BV08TR_0288,41,0.946137281520181,63,104
BV08TR_0288,42,0.94373749814842,62,104
BV08TR_0288,43,0.9413189418973535,61,104
BV08TR_0288,44,0.9388191356374556,60,104
BV08TR_0288,45,0.9364384137700904,59,104
BV08TR_0288,46,0.9341628728682748,58,104
BV08TR_0288,47,0.9318076201591486,57,104
BV08TR_0288,48,0.9294475992442376,56,104
BV08TR_0288,49,0.9270424875206468,55,104
BV08TR_0288,50,0.924745683221808,54,104
BV08TR_0288,51,0.9224535830053165,53,104
BV08TR_0288,52,0.9200779728270545,52,104
BV08TR_0288,53,0.9177919694834394,51,104
BV08TR_0288,54,0.915492434651566,50,104
BV08TR_0288,55,0.9132428011099628,49,104
BV08TR_0288,56,0.9109790728869128,48,104
BV08TR_0288,57,0.908767666758952,47,104
BV08TR_0288,58,0.9065573464448144,46,104
BV08TR_0288,59,0.9042889329747604,45,104
BV08TR_0288,60,0.9019887339435424,44,104
BV08TR_0288,61,0.8996382366661075,43,104
BV08TR_0288,62,0.8973277808499726,42,104
BV08TR_0288,63,0.895007536393331,41,104
BV08TR_0288,64,0.8926682890062022,40,104
BV08TR_0288,65,0.8903470307627581,39,104
BV08TR_0288,66,0.887978549691809,38,104
BV08TR_0288,67,0.8855870856514,37,104
BV08TR_0288,68,0.8833318738695533,36,104
BV08TR_0288,69,0.8809958054483035,35,104
BV08TR_0288,70,0.8787652690959624,34,104
BV08TR_0288,71,0.8765549834821912,33,104
BV08TR_0288,72,0.8741677794746381,32,104
BV08TR_0288,73,0.8718732459714291,31,104
BV08TR_0288,74,0.8695322635026294,30,104
BV08TR_0288,75,0.8672391411056566,29,104
BV08TR_0288,76,0.8647519731678555,28,104
BV08TR_0288,77,0.8623269982415912,27,104
BV08TR_0288,78,0.860011190883734,26,104
BV08TR_0288,79,0.857649841493144,25,104
BV08TR_0288,80,0.8552819214716902,24,104
BV08TR_0288,81,0.8529076069446253,23,104
BV08TR_0288,82,0.8505269094443602,22,104
BV08TR_0288,83,0.8480942952351459,21,104
BV08TR_0288,84,0.845797702624659,20,104
BV08TR_0288,85,0.843382489319409,19,104
BV08TR_0288,86,0.8408993552905767,18,104
BV08TR_0288,87,0.8385540468756806,17,104
BV08TR_0288,88,0.8361335728668428,16,104
BV08TR_0288,89,0.833757228103015,15,104
BV08TR_0288,90,0.8315373429354559,14,104
BV08TR_0288,91,0.829276606478072,13,104
BV08TR_0288,92,0.8269223597292953,12,104
BV08TR_0288,93,0.8244755500228828,11,104
BV08TR_0288,94,0.8221573509583952,10,104
BV08TR_0288,95,0.8197730664867615,9,104
BV08TR_0288,96,0.8174646308155972,8,104
BV08TR_0288,97,0.8150595395231264,7,104
BV08TR_0288,98,0.8127045007861514,6,104
BV08TR_0288,99,0.8102655297172355,5,104
BV08TR_0288,100,0.8079568804460366,4,104
BV08TR_0288,101,0.8055477918035298,3,104
BV08TR_0288,102,0.8032222914864323,2,104
BV08TR_0288,103,0.8008055898874543,1,104
BV08TR_0288,104,0.798428792801894,0,104
BV08TR_0289,0,0.9932736622198605,63,63
BV08TR_0289,1,0.9901694389238662,62,63
BV08TR_0289,2,0.987070267997998,61,63
BV08TR_0289,3,0.9841538110776995,60,63
BV08TR_0289,4,0.9810201392638966,59,63
BV08TR_0289,5,0.9781308252989532,58,63
BV08TR_0289,6,0.975245702883676,57,63
BV08TR_0289,7,0.9722447694114714,56,63
BV08TR_0289,8,0.9693544194387965,55,63
BV08TR_0289,9,0.9662450089147891,54,63
BV08TR_0289,10,0.963329349552014,53,63
BV08TR_0289,11,0.9604558051598752,52,63
BV08TR_0289,12,0.95761935592029,51,63
BV08TR_0289,13,0.954625836551344,50,63
BV08TR_0289,14,0.9516421891257534,49,63
BV08TR_0289,15,0.9487361681287904,48,63
BV08TR_0289,16,0.9457142506246452,47,63
BV08TR_0289,17,0.9427666247465736,46,63
BV08TR_0289,18,0.9398766155730286,45,63
BV08TR_0289,19,0.9370140290488298,44,63
BV08TR_0289,20,0.9341368250670964,43,63
BV08TR_0289,21,0.93125356032077,42,63
BV08TR_0289,22,0.9282527527948646,41,63
BV08TR_0289,23,0.9253777350474176,40,63
BV08TR_0289,24,0.9224647152738388,39,63
BV08TR_0289,25,0.91956570953733,38,63
BV08TR_0289,26,0.9166174081928995,37,63
BV08TR_0289,27,0.9136680047084562,36,63
BV08TR_0289,28,0.9108366315217342,35,63
BV08TR_0289,29,0.9079483397370836,34,63
BV08TR_0289,30,0.9049123262724205,33,63
BV08TR_0289,31,0.9019036031481,32,63
BV08TR_0289,32,0.8990155097117336,31,63
BV08TR_0289,33,0.896175988174443,30,63
BV08TR_0289,34,0.893159758914912,29,63
BV08TR_0289,35,0.8903170281693059,28,63
BV08TR_0289,36,0.8873009915760035,27,63
BV08TR_0289,37,0.8843473211921205,26,63
BV08TR_0289,38,0.8813899000835999,25,63
BV08TR_0289,39,0.8785401626697588,24,63
BV08TR_0289,40,0.8755523883492258,23,63
BV08TR_0289,41,0.8726377367587685,22,63
BV08TR_0289,42,0.8696802980385872,21,63
BV08TR_0289,43,0.866865125330961,20,63
BV08TR_0289,44,0.8634894760998912,19,63
BV08TR_0289,45,0.8601457063707164,18,63
BV08TR_0289,46,0.85670395202903,17,63
BV08TR_0289,47,0.8533838199287928,16,63
BV08TR_0289,48,0.8500247371848847,15,63
BV08TR_0289,49,0.846466271635043,14,63
BV08TR_0289,50,0.8431342751014848,13,63
BV08TR_0289,51,0.8397723999084109,12,63
BV08TR_0289,52,0.8363765666381244,11,63
BV08TR_0289,53,0.8328635601232712,10,63
BV08TR_0289,54,0.8293219655705045,9,63
BV08TR_0289,55,0.825708375733103,8,63
BV08TR_0289,56,0.8222918882589497,7,63
BV08TR_0289,57,0.8189130757665484,6,63
BV08TR_0289,58,0.8153959214486152,5,63
BV08TR_0289,59,0.8118715688051596,4,63
BV08TR_0289,60,0.8084117063967421,3,63
BV08TR_0289,61,0.804871195065694,2,63
BV08TR_0289,62,0.8016015861929812,1,63
BV08TR_0289,63,0.7980872207669152,0,63
BV08TR_0290,0,0.9628051516165838,48,48
BV08TR_0290,1,0.95948345009648,47,48
BV08TR_0290,2,0.95624345133973,46,48
BV08TR_0290,3,0.9529660947225363,45,48
BV08TR_0290,4,0.9495738912536108,44,48
BV08TR_0290,5,0.9462966833957244,43,48
BV08TR_0290,6,0.943011319039322,42,48
BV08TR_0290,7,0.9397516988993778,41,48
BV08TR_0290,8,0.936297691313243,40,48
BV08TR_0290,9,0.93289231047429,39,48
BV08TR_0290,10,0.9297142976173992,38,48
BV08TR_0290,11,0.9264140614749626,37,48
BV08TR_0290,12,0.9230466283724852,36,48
BV08TR_0290,13,0.919899965110539,35,48
BV08TR_0290,14,0.9165413696876158,34,48
BV08TR_0290,15,0.9133436150713208,33,48
BV08TR_0290,16,0.910172612362794,32,48
BV08TR_0290,17,0.90704627141772,31,48
BV08TR_0290,18,0.9038390344982508,30,48
BV08TR_0290,19,0.9005881566028777,29,48
BV08TR_0290,20,0.8973976335980267,28,48
BV08TR_0290,21,0.8941845865461854,27,48
BV08TR_0290,22,0.8911020260589864,26,48
BV08TR_0290,23,0.8879647174464474,25,48
BV08TR_0290,24,0.8847592391796937,24,48
BV08TR_0290,25,0.8815649877966971,23,48
BV08TR_0290,26,0.878395465774945,22,48
BV08TR_0290,27,0.8752085290406969,21,48
BV08TR_0290,28,0.8719213218411982,20,48
BV08TR_0290,29,0.8686745678913781,19,48
BV08TR_0290,30,0.8654837625501454,18,48
BV08TR_0290,31,0.8623108237508016,17,48
BV08TR_0290,32,0.859130854072151,16,48
BV08TR_0290,33,0.8560527596240911,15,48
BV08TR_0290,34,0.852936006243825,14,48
BV08TR_0290,35,0.8496815094122654,13,48
BV08TR_0290,36,0.8464655709902962,12,48
BV08TR_0290,37,0.8433851047693425,11,48
BV08TR_0290,38,0.839061211858161,10,48
BV08TR_0290,39,0.8347528557791624,9,48
BV08TR_0290,40,0.8305728163355719,8,48
BV08TR_0290,41,0.8263112596249353,7,48
BV08TR_0290,42,0.8219338583637198,6,48
BV08TR_0290,43,0.8177636656863658,5,48
BV08TR_0290,44,0.8133223341029423,4,48
BV08TR_0290,45,0.8088613468784228,3,48
BV08TR_0290,46,0.8045681005720858,2,48
BV08TR_0290,47,0.8002033896152722,1,48
BV08TR_0290,48,0.7958239119697528,0,48
BV08TR_0291,0,1.030866022268476,65,65
BV08TR_0291,1,1.0276565781153582,64,65
BV08TR_0291,2,1.0245380642273165,63,65
BV08TR_0291,3,1.0214746039061933,62,65
BV08TR_0291,4,1.0184887129304314,61,65
BV08TR_0291,5,1.01531229585842,60,65
BV08TR_0291,6,1.0120813207465893,59,65
BV08TR_0291,7,1.0088588411059076,58,65
BV08TR_0291,8,1.0055910512970243,57,65
BV08TR_0291,9,1.0023257096904805,56,65
BV08TR_0291,10,0.9991687517560182,55,65
BV08TR_0291,11,0.9959753921563202,54,65
BV08TR_0291,12,0.9928109786781572,53,65
BV08TR_0291,13,0.9893553890411794,52,65
BV08TR_0291,14,0.9860205120912735,51,65
BV08TR_0291,15,0.9828236167088712,50,65
BV08TR_0291,16,0.9797080151270668,49,65
BV08TR_0291,17,0.976411377042424,48,65
BV08TR_0291,18,0.9730756761693063,47,65
BV08TR_0291,19,0.9697898830508038,46,65
BV08TR_0291,20,0.9666312245533575,45,65
BV08TR_0291,21,0.963365403310697,44,65
BV08TR_0291,22,0.9600405897691242,43,65
BV08TR_0291,23,0.9568286268697616,42,65
BV08TR_0291,24,0.9535521021627692,41,65
BV08TR_0291,25,0.9501869559800697,40,65
BV08TR_0291,26,0.9469947771053272,39,65
BV08TR_0291,27,0.9439064667334495,38,65
BV08TR_0291,28,0.940641437007321,37,65
BV08TR_0291,29,0.9373269289417245,36,65
BV08TR_0291,30,0.9340136193551388,35,65
BV08TR_0291,31,0.9308076814996274,34,65
BV08TR_0291,32,0.9276493851053784,33,65
BV08TR_0291,33,0.9243519128660648,32,65
BV08TR_0291,34,0.9211323366027344,31,65
BV08TR_0291,35,0.9179586037776928,30,65
BV08TR_0291,36,0.9147641956539512,29,65
BV08TR_0291,37,0.9114960238022812,28,65
BV08TR_0291,38,0.908409099270952,27,65
BV08TR_0291,39,0.9053409135047992,26,65
BV08TR_0291,40,0.9020472910272506,25,65
BV08TR_0291,41,0.8989009190890896,24,65
BV08TR_0291,42,0.8956444027687644,23,65
BV08TR_0291,43,0.892440890158199,22,65
BV08TR_0291,44,0.8891749622755457,21,65
BV08TR_0291,45,0.8859939223857382,20,65
BV08TR_0291,46,0.8816245246270112,19,65
BV08TR_0291,47,0.8771471345744665,18,65
BV08TR_0291,48,0.872859741582252,17,65
BV08TR_0291,49,0.8685738154609062,16,65
BV08TR_0291,50,0.8642790007968577,15,65
BV08TR_0291,51,0.8601906205503075,14,65
BV08TR_0291,52,0.8559052607364528,13,65
BV08TR_0291,53,0.8515315233553494,12,65
BV08TR_0291,54,0.8471369769035747,11,65
BV08TR_0291,55,0.8427531673523939,10,65
BV08TR_0291,56,0.8384688467473382,9,65
BV08TR_0291,57,0.8341055591226956,8,65
BV08TR_0291,58,0.8297173512107638,7,65
BV08TR_0291,59,0.8253653938396958,6,65
BV08TR_0291,60,0.8210290377408317,5,65
BV08TR_0291,61,0.8165605938193888,4,65
BV08TR_0291,62,0.812155397241265,3,65
BV08TR_0291,63,0.8080025889337137,2,65
BV08TR_0291,64,0.8035678845481402,1,65
BV08TR_0291,65,0.799228663471227,0,65
BV08TR_0292,0,1.0072855970343886,59,59
BV08TR_0292,1,1.0039318122314957,58,59
BV08TR_0292,2,1.0005989230188044,57,59
BV08TR_0292,3,0.9973757970407525,56,59
BV08TR_0292,4,0.9941024955718568,55,59
BV08TR_0292,5,0.9910332943636014,54,59
BV08TR_0292,6,0.987916304168378,53,59
BV08TR_0292,7,0.984878315048682,52,59
BV08TR_0292,8,0.9817183932623648,51,59
BV08TR_0292,9,0.9785688326055362,50,59
BV08TR_0292,10,0.975317774803068,49,59
BV08TR_0292,11,0.9720964586621532,48,59
BV08TR_0292,12,0.9688508770958723,47,59
BV08TR_0292,13,0.965643252790964,46,59
BV08TR_0292,14,0.9622715490831274,45,59
BV08TR_0292,15,0.959165076864047,44,59
BV08TR_0292,16,0.956003356454645,43,59
BV08TR_0292,17,0.9527181859417844,42,59
BV08TR_0292,18,0.949576202807618,41,59
BV08TR_0292,19,0.9463171724098886,40,59
BV08TR_0292,20,0.9428751194741135,39,59
BV08TR_0292,21,0.93959817736684,38,59
BV08TR_0292,22,0.936331700602468,37,59
BV08TR_0292,23,0.932902785139454,36,59
BV08TR_0292,24,0.929654418503048,35,59
BV08TR_0292,25,0.9265439978070446,34,59
BV08TR_0292,26,0.9232499774692782,33,59
BV08TR_0292,27,0.919869811260138,32,59
BV08TR_0292,28,0.9164976582384504,31,59
BV08TR_0292,29,0.913133079590802,30,59
BV08TR_0292,30,0.9099027779837785,29,59
BV08TR_0292,31,0.9065337261238882,28,59
BV08TR_0292,32,0.9031265986137538,27,59
BV08TR_0292,33,0.8997318979141082,26,59
BV08TR_0292,34,0.8963930748191017,25,59
BV08TR_0292,35,0.8929647931878408,24,59
BV08TR_0292,36,0.8896442609509062,23,59
BV08TR_0292,37,0.8862091433205467,22,59
BV08TR_0292,38,0.8827890087568352,21,59
BV08TR_0292,39,0.8794133589191787,20,59
BV08TR_0292,40,0.876037218745364,19,59
BV08TR_0292,41,0.8727147954220305,18,59
BV08TR_0292,42,0.8693320807728154,17,59
BV08TR_0292,43,0.8650341720618384,16,59
BV08TR_0292,44,0.8608196262842789,15,59
BV08TR_0292,45,0.8563747870812105,14,59
BV08TR_0292,46,0.8523441848889785,13,59
BV08TR_0292,47,0.8480623351941194,12,59
BV08TR_0292,48,0.8439270788963886,11,59
BV08TR_0292,49,0.8398628015375857,10,59
BV08TR_0292,50,0.8356078536375996,9,59
BV08TR_0292,51,0.8316054338446728,8,59
BV08TR_0292,52,0.8273175717489585,7,59
BV08TR_0292,53,0.8228551134440186,6,59
BV08TR_0292,54,0.8187825514261722,5,59
BV08TR_0292,55,0.8146228692221306,4,59
BV08TR_0292,56,0.8103588068224206,3,59
BV08TR_0292,57,0.8061859890819837,2,59
BV08TR_0292,58,0.802109422607188,1,59
BV08TR_0292,59,0.7979519593214695,0,59
BV08TR_0293,0,1.0259462213743584,95,95
BV08TR_0293,1,1.023548270385842,94,95
BV08TR_0293,2,1.0211958127063796,93,95
BV08TR_0293,3,1.0189263479942345,92,95
BV08TR_0293,4,1.0165683614201646,91,95
BV08TR_0293,5,1.014166866582766,90,95
BV08TR_0293,6,1.011723969559986,89,95
BV08TR_0293,7,1.0093649996859713,88,95
BV08TR_0293,8,1.0069215537388927,87,95
BV08TR_0293,9,1.004602382293313,86,95
BV08TR_0293,10,1.0021311064573075,85,95
BV08TR_0293,11,0.999691420280276,84,95
BV08TR_0293,12,0.997154974672492,83,95
BV08TR_0293,13,0.9948105398626148,82,95
BV08TR_0293,14,0.9923751499468602,81,95
BV08TR_0293,15,0.9900112754650658,80,95
BV08TR_0293,16,0.9874973399550192,79,95
BV08TR_0293,17,0.9849807178991562,78,95
BV08TR_0293,18,0.9826792455515728,77,95
BV08TR_0293,19,0.9802328396133932,76,95
BV08TR_0293,20,0.9778378926478005,75,95
BV08TR_0293,21,0.9754567648385838,74,95
BV08TR_0293,22,0.9729464914057325,73,95
BV08TR_0293,23,0.9705791256949264,72,95
BV08TR_0293,24,0.968031909703136,71,95
BV08TR_0293,25,0.9656728370331652,70,95
BV08TR_0293,26,0.963193047457366,69,95
BV08TR_0293,27,0.9607796692311076,68,95
BV08TR_0293,28,0.95845997695771,67,95
BV08TR_0293,29,0.9559236759016312,66,95
BV08TR_0293,30,0.9535127560988004,65,95
BV08TR_0293,31,0.9510504389990868,64,95
BV08TR_0293,32,0.9485388077175704,63,95
BV08TR_0293,33,0.9460937141783538,62,95
BV08TR_0293,34,0.9436470183029654,61,95
BV08TR_0293,35,0.9413214520641245,60,95
BV08TR_0293,36,0.9390046592161964,59,95
BV08TR_0293,37,0.936655128841775,58,95
BV08TR_0293,38,0.934361699784886,57,95
BV08TR_0293,39,0.9320950190058588,56,95
BV08TR_0293,40,0.9297418684377492,55,95
BV08TR_0293,41,0.9274670249735654,54,95
BV08TR_0293,42,0.9251148761050488,53,95
BV08TR_0293,43,0.9226857222642566,52,95
BV08TR_0293,44,0.920316699454169,51,95
BV08TR_0293,45,0.9180413340545825,50,95
BV08TR_0293,46,0.9158114994766612,49,95
BV08TR_0293,47,0.913547403319284,48,95
BV08TR_0293,48,0.9112598939839694,47,95
BV08TR_0293,49,0.9090506564322315,46,95
BV08TR_0293,50,0.906857677455784,45,95
BV08TR_0293,51,0.9044998813712868,44,95
BV08TR_0293,52,0.902320016784616,43,95
BV08TR_0293,53,0.9000706137451914,42,95
BV08TR_0293,54,0.897772613492081,41,95
BV08TR_0293,55,0.89541228236203,40,95
BV08TR_0293,56,0.8931064522666592,39,95
BV08TR_0293,57,0.8908718657998578,38,95
BV08TR_0293,58,0.888523729417088,37,95
BV08TR_0293,59,0.8862847647827868,36,95
BV08TR_0293,60,0.8840189666141586,35,95
BV08TR_0293,61,0.8816689443344182,34,95
BV08TR_0293,62,0.8793808616597252,33,95
BV08TR_0293,63,0.8769961545821188,32,95
BV08TR_0293,64,0.8746484889117636,31,95
BV08TR_0293,65,0.8723926178897852,30,95
BV08TR_0293,66,0.8700551023789451,29,95
BV08TR_0293,67,0.8677326315325211,28,95
BV08TR_0293,68,0.8653874110191125,27,95
BV08TR_0293,69,0.8630219558636832,26,95
BV08TR_0293,70,0.8606333198741852,25,95
BV08TR_0293,71,0.8582677041284634,24,95
BV08TR_0293,72,0.8558837860325832,23,95
BV08TR_0293,73,0.8535012337741247,22,95
BV08TR_0293,74,0.8510612147668756,21,95
BV08TR_0293,75,0.8486879865739622,20,95
BV08TR_0293,76,0.846255931933749,19,95
BV08TR_0293,77,0.843793626782473,18,95
BV08TR_0293,78,0.841348537504947,17,95
BV08TR_0293,79,0.8389371443452003,16,95
BV08TR_0293,80,0.8364438692917744,15,95
BV08TR_0293,81,0.8339877112929882,14,95
BV08TR_0293,82,0.831577575204561,13,95
BV08TR_0293,83,0.8291740924184768,12,95
BV08TR_0293,84,0.8267215463044978,11,95
BV08TR_0293,85,0.8242261896704062,10,95
BV08TR_0293,86,0.8217321766343213,9,95
BV08TR_0293,87,0.8193445664719581,8,95
BV08TR_0293,88,0.8169387746979903,7,95
BV08TR_0293,89,0.814479142102855,6,95
BV08TR_0293,90,0.8120415384497508,5,95
BV08TR_0293,91,0.8095607138076938,4,95
BV08TR_0293,92,0.8071971918883342,3,95
BV08TR_0293,93,0.8047820821544722,2,95
BV08TR_0293,94,0.8024003903853713,1,95
BV08TR_0293,95,0.7999209806611295,0,95
BV08TR_0294,0,0.9690957821389738,50,50
BV08TR_0294,1,0.965696630250766,49,50
BV08TR_0294,2,0.9622069132076865,48,50
BV08TR_0294,3,0.9587860698341975,47,50
BV08TR_0294,4,0.9553677199202636,46,50
BV08TR_0294,5,0.9519347978961512,45,50
BV08TR_0294,6,0.9484603114368284,44,50
BV08TR_0294,7,0.94490558859259,43,50
BV08TR_0294,8,0.9414644149555712,42,50
BV08TR_0294,9,0.9381600327048515,41,50
BV08TR_0294,10,0.9346447320845082,40,50
BV08TR_0294,11,0.9311891962044072,39,50
BV08TR_0294,12,0.9277474088495686,38,50
BV08TR_0294,13,0.9245317197806352,37,50
BV08TR_0294,14,0.9210591842865115,36,50
BV08TR_0294,15,0.9175525563363642,35,50
BV08TR_0294,16,0.914081592605256,34,50
BV08TR_0294,17,0.9106030226965965,33,50
BV08TR_0294,18,0.9073186617849476,32,50
BV08TR_0294,19,0.9041178960821732,31,50
BV08TR_0294,20,0.9005708054840385,30,50
BV08TR_0294,21,0.8970537170641746,29,50
BV08TR_0294,22,0.8937094058626636,28,50
BV08TR_0294,23,0.8902468952570864,27,50
BV08TR_0294,24,0.8870137954783335,26,50
BV08TR_0294,25,0.883705834450238,25,50
BV08TR_0294,26,0.8804898183126849,24,50
BV08TR_0294,27,0.8771043246574876,23,50
BV08TR_0294,28,0.8737841395308464,22,50
BV08TR_0294,29,0.8704534342423496,21,50
BV08TR_0294,30,0.8669394549006278,20,50
BV08TR_0294,31,0.8636998541145214,19,50
BV08TR_0294,32,0.8604044247943663,18,50
BV08TR_0294,33,0.8569845881323199,17,50
BV08TR_0294,34,0.853686579473124,16,50
BV08TR_0294,35,0.850222963134682,15,50
BV08TR_0294,36,0.846740920457264,14,50
BV08TR_0294,37,0.8435781006002085,13,50
BV08TR_0294,38,0.8401365626249758,12,50
BV08TR_0294,39,0.8368223789504178,11,50
BV08TR_0294,40,0.8334476419535795,10,50
BV08TR_0294,41,0.8299983553747357,9,50
BV08TR_0294,42,0.8265819054853218,8,50
BV08TR_0294,43,0.8231886199210323,7,50
BV08TR_0294,44,0.8198280265240439,6,50
BV08TR_0294,45,0.8166049391487654,5,50
BV08TR_0294,46,0.8132311247927418,4,50
BV08TR_0294,47,0.8098674595111732,3,50
BV08TR_0294,48,0.8064804283352276,2,50
BV08TR_0294,49,0.8030664371488736,1,50
BV08TR_0294,50,0.7995286484590618,0,50
BV08TR_0295,0,0.9978218091554918,78,78
BV08TR_0295,1,0.9953343979140474,77,78
BV08TR_0295,2,0.9927625925174345,76,78
BV08TR_0295,3,0.9901975098202368,75,78
BV08TR_0295,4,0.9875974497988325,74,78
BV08TR_0295,5,0.9850917933850444,73,78
BV08TR_0295,6,0.9826052639818585,72,78
BV08TR_0295,7,0.980007105730336,71,78
BV08TR_0295,8,0.977342027142878,70,78
BV08TR_0295,9,0.974741964616947,69,78
BV08TR_0295,10,0.9722288124280128,68,78
BV08TR_0295,11,0.9695596831316756,67,78
BV08TR_0295,12,0.9669367489637872,66,78
BV08TR_0295,13,0.9645056216681372,65,78
BV08TR_0295,14,0.961932198661693,64,78
BV08TR_0295,15,0.9592875234912588,63,78
BV08TR_0295,16,0.9565936824233572,62,78
BV08TR_0295,17,0.9539511144980066,61,78
BV08TR_0295,18,0.9512758997223424,60,78
BV08TR_0295,19,0.9486671200382416,59,78
BV08TR_0295,20,0.945986052941652,58,78
BV08TR_0295,21,0.9433591500608046,57,78
BV08TR_0295,22,0.9407156319625224,56,78
BV08TR_0295,23,0.9380635185253537,55,78
BV08TR_0295,24,0.935402608015209,54,78
BV08TR_0295,25,0.9327540402559985,53,78
BV08TR_0295,26,0.9301732345817235,52,78
BV08TR_0295,27,0.9275740354513266,51,78
BV08TR_0295,28,0.9248976530133858,50,78
BV08TR_0295,29,0.9222697475311779,49,78
BV08TR_0295,30,0.9197639085057732,48,78
BV08TR_0295,31,0.9171744288784376,47,78
BV08TR_0295,32,0.91459913013465,46,78
BV08TR_0295,33,0.91187967914796,45,78
BV08TR_0295,34,0.909250182976538,44,78
BV08TR_0295,35,0.9065875764786245,43,78
BV08TR_0295,36,0.9040898473122354,42,78
BV08TR_0295,37,0.9015883065257384,41,78
BV08TR_0295,38,0.8990553494981542,40,78
BV08TR_0295,39,0.8964626759962832,39,78
BV08TR_0295,40,0.893862255760758,38,78
BV08TR_0295,41,0.8912193062576159,37,78
BV08TR_0295,42,0.8886101829387725,36,78
BV08TR_0295,43,0.8861325481998635,35,78
BV08TR_0295,44,0.8836485428268968,34,78
BV08TR_0295,45,0.8810545703573084,33,78
BV08TR_0295,46,0.8785559519434335,32,78
BV08TR_0295,47,0.8760498276772791,31,78
BV08TR_0295,48,0.8735832094229354,30,78
BV08TR_0295,49,0.8711404715550569,29,78
BV08TR_0295,50,0.8687152628978514,28,78
BV08TR_0295,51,0.8662229661812058,27,78
BV08TR_0295,52,0.863743331822622,26,78
BV08TR_0295,53,0.8612149675315035,25,78
BV08TR_0295,54,0.8586659561245003,24,78
BV08TR_0295,55,0.8561299697252464,23,78
BV08TR_0295,56,0.8537740816629324,22,78
BV08TR_0295,57,0.8513252237995992,21,78
BV08TR_0295,58,0.8487040776516289,20,78
BV08TR_0295,59,0.8461454925389308,19,78
BV08TR_0295,60,0.8435708356642704,18,78
BV08TR_0295,61,0.8410907480876108,17,78
BV08TR_0295,62,0.8386388960534793,16,78
BV08TR_0295,63,0.83599126031466,15,78
BV08TR_0295,64,0.8335658208417068,14,78
BV08TR_0295,65,0.8311051562351589,13,78
BV08TR_0295,66,0.8286103548120503,12,78
BV08TR_0295,67,0.8261815238083293,11,78
BV08TR_0295,68,0.8235636792050646,10,78
BV08TR_0295,69,0.8209718771177064,9,78
BV08TR_0295,70,0.81842508391244,8,78
BV08TR_0295,71,0.8159653500617461,7,78
BV08TR_0295,72,0.8134373872803632,6,78
BV08TR_0295,73,0.8108100520731708,5,78
BV08TR_0295,74,0.8081524954150816,4,78
BV08TR_0295,75,0.805596537529175,3,78
BV08TR_0295,76,0.8029771192349121,2,78
BV08TR_0295,77,0.8004417797633226,1,78
BV08TR_0295,78,0.7978583556052286,0,78
BV08TR_0296,0,0.9584278759367284,45,45
BV08TR_0296,1,0.9549701337041125,44,45
BV08TR_0296,2,0.9515342780924612,43,45
BV08TR_0296,3,0.9481097573654038,42,45
BV08TR_0296,4,0.9447266488344666,41,45
BV08TR_0296,5,0.9413941295841888,40,45
BV08TR_0296,6,0.9379117596956073,39,45
BV08TR_0296,7,0.934548688448632,38,45
BV08TR_0296,8,0.9312877960574465,37,45
BV08TR_0296,9,0.9277578681138946,36,45
BV08TR_0296,10,0.9244364529675488,35,45
BV08TR_0296,11,0.9211735693052644,34,45
BV08TR_0296,12,0.917841276040586,33,45
BV08TR_0296,13,0.9144742654754686,32,45
BV08TR_0296,14,0.9110757906216715,31,45
BV08TR_0296,15,0.9078196783971704,30,45
BV08TR_0296,16,0.9044203692890972,29,45
BV08TR_0296,17,0.901231528160664,28,45
BV08TR_0296,18,0.8980283137892605,27,45
BV08TR_0296,19,0.8946777417128848,26,45
BV08TR_0296,20,0.8913367207440004,25,45
BV08TR_0296,21,0.888120849924324,24,45
BV08TR_0296,22,0.884793117784002,23,45
BV08TR_0296,23,0.8814644633478798,22,45
BV08TR_0296,24,0.8782249700852048,21,45
BV08TR_0296,25,0.8750330787839135,20,45
BV08TR_0296,26,0.8717507323079935,19,45
BV08TR_0296,27,0.8685374610995212,18,45
BV08TR_0296,28,0.8653218538119375,17,45
BV08TR_0296,29,0.8620771555196417,16,45
BV08TR_0296,30,0.8586541970374518,15,45
BV08TR_0296,31,0.8555116457655442,14,45
BV08TR_0296,32,0.8523587325583233,13,45
BV08TR_0296,33,0.8490793519880508,12,45
BV08TR_0296,34,0.8458400225978542,11,45
BV08TR_0296,35,0.8425469235428678,10,45
BV08TR_0296,36,0.83912454164123,9,45
BV08TR_0296,37,0.8359501123523255,8,45
BV08TR_0296,38,0.832637382777725,7,45
BV08TR_0296,39,0.8292513217754922,6,45
BV08TR_0296,40,0.8241458836140322,5,45
BV08TR_0296,41,0.8189919053043604,4,45
BV08TR_0296,42,0.8139419385761792,3,45
BV08TR_0296,43,0.8088571929282465,2,45
BV08TR_0296,44,0.8038246267665948,1,45
BV08TR_0296,45,0.7986452935539194,0,45
BV08TR_0297,0,1.013035320327221,76,76
BV08TR_0297,1,1.0102036922941966,75,76
BV08TR_0297,2,1.0074825298882768,74,76
BV08TR_0297,3,1.0046939535579,73,76
BV08TR_0297,4,1.0019169504091685,72,76
BV08TR_0297,5,0.999153910167158,71,76
BV08TR_0297,6,0.9962593907646679,70,76
BV08TR_0297,7,0.9933956607093501,69,76
BV08TR_0297,8,0.990626558864636,68,76
BV08TR_0297,9,0.987835570354412,67,76
BV08TR_0297,10,0.9849841127205202,66,76
BV08TR_0297,11,0.9822259165213117,65,76
BV08TR_0297,12,0.979283933642898,64,76
BV08TR_0297,13,0.9764428496096772,63,76
BV08TR_0297,14,0.9734937439013887,62,76
BV08TR_0297,15,0.9708234672425372,61,76
BV08TR_0297,16,0.96787872645255,60,76
BV08TR_0297,17,0.9649772492500526,59,76
BV08TR_0297,18,0.9621621443675448,58,76
BV08TR_0297,19,0.9592414422627722,57,76
BV08TR_0297,20,0.9563446068928958,56,76
BV08TR_0297,21,0.9533770281884364,55,76
BV08TR_0297,22,0.9506002353239092,54,76
BV08TR_0297,23,0.9475747568056516,53,76
BV08TR_0297,24,0.9446266375717765,52,76
BV08TR_0297,25,0.9417357734148842,51,76
BV08TR_0297,26,0.9388384044078785,50,76
BV08TR_0297,27,0.9360224661910044,49,76
BV08TR_0297,28,0.9332938186488272,48,76
BV08TR_0297,29,0.930472768990206,47,76
BV08TR_0297,30,0.9276037741866862,46,76
BV08TR_0297,31,0.924631881331632,45,76
BV08TR_0297,32,0.9217954262328935,44,76
BV08TR_0297,33,0.9189831142498068,43,76
BV08TR_0297,34,0.916230251216968,42,76
BV08TR_0297,35,0.9134287899258964,41,76
BV08TR_0297,36,0.910635446794682,40,76
BV08TR_0297,37,0.9079129277254584,39,76
BV08TR_0297,38,0.9050217875435148,38,76
BV08TR_0297,39,0.9021683624451865,37,76
BV08TR_0297,40,0.8994527518883875,36,76
BV08TR_0297,41,0.8966863248841136,35,76
BV08TR_0297,42,0.8939196670715983,34,76
BV08TR_0297,43,0.8912482621447726,33,76
BV08TR_0297,44,0.8884125000679136,32,76
BV08TR_0297,45,0.8856034324214626,31,76
BV08TR_0297,46,0.8828123046289604,30,76
BV08TR_0297,47,0.8799942243613575,29,76
BV08TR_0297,48,0.8772886562669545,28,76
BV08TR_0297,49,0.8746180222564058,27,76
BV08TR_0297,50,0.871811747618664,26,76
BV08TR_0297,51,0.8690505943620738,25,76
BV08TR_0297,52,0.8662694545178632,24,76
BV08TR_0297,53,0.8634007344619703,23,76
BV08TR_0297,54,0.8606717464872256,22,76
BV08TR_0297,55,0.8578019287979589,21,76
BV08TR_0297,56,0.8550740753676138,20,76
BV08TR_0297,57,0.8522952234425962,19,76
BV08TR_0297,58,0.8495424247929154,18,76
BV08TR_0297,59,0.8469647626879644,17,76
BV08TR_0297,60,0.844210919410932,16,76
BV08TR_0297,61,0.8414234992996132,15,76
BV08TR_0297,62,0.8387528441472458,14,76
BV08TR_0297,63,0.8360085647709565,13,76
BV08TR_0297,64,0.833302256833747,12,76
BV08TR_0297,65,0.8305825597911809,11,76
BV08TR_0297,66,0.8277568865771235,10,76
BV08TR_0297,67,0.824842191674301,9,76
BV08TR_0297,68,0.8222082449728042,8,76
BV08TR_0297,69,0.8194089565017824,7,76
BV08TR_0297,70,0.8166697100936476,6,76
BV08TR_0297,71,0.8138507693763727,5,76
BV08TR_0297,72,0.8109802932437883,4,76
BV08TR_0297,73,0.8081719146626504,3,76
BV08TR_0297,74,0.8054848739195708,2,76
BV08TR_0297,75,0.8026523800600553,1,76
BV08TR_0297,76,0.7997367011147223,0,76
BV08TR_0298,0,1.0126754773780968,94,94
BV08TR_0298,1,1.010443746900026,93,94
BV08TR_0298,2,1.008082641969696,92,94
BV08TR_0298,3,1.005864515349008,91,94
BV08TR_0298,4,1.0036133929971545,90,94
BV08TR_0298,5,1.001397625996814,89,94
BV08TR_0298,6,0.999108733518742,88,94
BV08TR_0298,7,0.9968644614004295,87,94
BV08TR_0298,8,0.9945692393379948,86,94
BV08TR_0298,9,0.9922943472822437,85,94
BV08TR_0298,10,0.9900107543703994,84,94
BV08TR_0298,11,0.9877145447277086,83,94
BV08TR_0298,12,0.985459415444843,82,94
BV08TR_0298,13,0.9831540575109298,81,94
BV08TR_0298,14,0.9808279992513684,80,94
BV08TR_0298,15,0.9784996350608423,79,94
BV08TR_0298,16,0.9761356077680599,78,94
BV08TR_0298,17,0.9737734148336118,77,94
BV08TR_0298,18,0.9714086714549378,76,94
BV08TR_0298,19,0.969125826356111,75,94
BV08TR_0298,20,0.9667682885266446,74,94
BV08TR_0298,21,0.9643819776484275,73,94
BV08TR_0298,22,0.962076278822278,72,94
BV08TR_0298,23,0.9597530566127905,71,94
BV08TR_0298,24,0.9575010271776514,70,94
BV08TR_0298,25,0.9552027842235645,69,94
BV08TR_0298,26,0.9528486494655155,68,94
BV08TR_0298,27,0.9507255348964572,67,94
BV08TR_0298,28,0.9484905353051094,66,94
BV08TR_0298,29,0.9461691657938945,65,94
BV08TR_0298,30,0.9438137486029164,64,94
BV08TR_0298,31,0.9414854538514654,63,94
BV08TR_0298,32,0.939153413717938,62,94
BV08TR_0298,33,0.9367852650591052,61,94
BV08TR_0298,34,0.934517814342074,60,94
BV08TR_0298,35,0.932273983715988,59,94
BV08TR_0298,36,0.930010757366742,58,94
BV08TR_0298,37,0.9277589395809726,57,94
BV08TR_0298,38,0.9255631950523965,56,94
BV08TR_0298,39,0.9232744294979603,55,94
BV08TR_0298,40,0.9210489646888038,54,94
BV08TR_0298,41,0.9186838176265345,53,94
BV08TR_0298,42,0.916467477881288,52,94
BV08TR_0298,43,0.9142477511352444,51,94
BV08TR_0298,44,0.9120739294879198,50,94
BV08TR_0298,45,0.9098779939974702,49,94
BV08TR_0298,46,0.9077072787158065,48,94
BV08TR_0298,47,0.905388424986934,47,94
BV08TR_0298,48,0.90326757207361,46,94
BV08TR_0298,49,0.9010978388880648,45,94
BV08TR_0298,50,0.8989219847453211,44,94
BV08TR_0298,51,0.8967730197121238,43,94
BV08TR_0298,52,0.8946807974758574,42,94
BV08TR_0298,53,0.8925571891028627,41,94
BV08TR_0298,54,0.8903972504098433,40,94
BV08TR_0298,55,0.8881344519326754,39,94
BV08TR_0298,56,0.8860021391151358,38,94
BV08TR_0298,57,0.8837629259601442,37,94
BV08TR_0298,58,0.8815779653424928,36,94
BV08TR_0298,59,0.8793375267818204,35,94
BV08TR_0298,60,0.8770779096267988,34,94
BV08TR_0298,61,0.874850211752575,33,94
BV08TR_0298,62,0.8726235121968318,32,94
BV08TR_0298,63,0.8704163865712915,31,94
BV08TR_0298,64,0.8681932435541692,30,94
BV08TR_0298,65,0.865908561841494,29,94
BV08TR_0298,66,0.8637225705601824,28,94
BV08TR_0298,67,0.8615615113633016,27,94
BV08TR_0298,68,0.8594120239416925,26,94
BV08TR_0298,69,0.8571352148231625,25,94
BV08TR_0298,70,0.8549617301241198,24,94
BV08TR_0298,71,0.8526346354504618,23,94
BV08TR_0298,72,0.8502917426482939,22,94
BV08TR_0298,73,0.8481404530826124,21,94
BV08TR_0298,74,0.8458015392705146,20,94
BV08TR_0298,75,0.8434859811898124,19,94
BV08TR_0298,76,0.8411736276713337,18,94
BV08TR_0298,77,0.8388612832496346,17,94
BV08TR_0298,78,0.8365458081775274,16,94
BV08TR_0298,79,0.8342670901272718,15,94
BV08TR_0298,80,0.83205554768491,14,94
BV08TR_0298,81,0.8296575445139072,13,94
BV08TR_0298,82,0.8273394492209617,12,94
BV08TR_0298,83,0.8250390197786811,11,94
BV08TR_0298,84,0.8228339781936936,10,94
BV08TR_0298,85,0.8204953944138851,9,94
BV08TR_0298,86,0.8181473891076358,8,94
BV08TR_0298,87,0.8159199980264008,7,94
BV08TR_0298,88,0.8137469116234507,6,94
BV08TR_0298,89,0.8113844499730438,5,94
BV08TR_0298,90,0.8090720350547886,4,94
BV08TR_0298,91,0.8066666141564677,3,94
BV08TR_0298,92,0.8042293178931259,2,94
BV08TR_0298,93,0.801938963460143,1,94
BV08TR_0298,94,0.7996373140486024,0,94
BV08TR_0299,0,0.9707269493716334,55,55
BV08TR_0299,1,0.9676532027683766,54,55
BV08TR_0299,2,0.9646627668494845,53,55
BV08TR_0299,3,0.9615542828068636,52,55
BV08TR_0299,4,0.9586639739036638,51,55
BV08TR_0299,5,0.9556217618083154,50,55
BV08TR_0299,6,0.9524670980642614,49,55
BV08TR_0299,7,0.9493767879284428,48,55
BV08TR_0299,8,0.9463448264735194,47,55
BV08TR_0299,9,0.9431471430639224,46,55
BV08TR_0299,10,0.940072407722664,45,55
BV08TR_0299,11,0.9369391423606195,44,55
BV08TR_0299,12,0.9338628278496315,43,55
BV08TR_0299,13,0.9307242519483973,42,55
BV08TR_0299,14,0.9276988184741025,41,55
BV08TR_0299,15,0.9245290804605004,40,55
BV08TR_0299,16,0.9215395159818764,39,55
BV08TR_0299,17,0.9183503466000592,38,55
BV08TR_0299,18,0.91517605281547,37,55
BV08TR_0299,19,0.9120187401997535,36,55
BV08TR_0299,20,0.9088868920709012,35,55
BV08TR_0299,21,0.9056886549131176,34,55
BV08TR_0299,22,0.902354789363899,33,55
BV08TR_0299,23,0.8992941911729764,32,55
BV08TR_0299,24,0.8960885432638714,31,55
BV08TR_0299,25,0.8928330008582813,30,55
BV08TR_0299,26,0.8897378479977167,29,55
BV08TR_0299,27,0.8866856300327899,28,55
BV08TR_0299,28,0.8835876368588801,27,55
BV08TR_0299,29,0.8804915314995408,26,55
BV08TR_0299,30,0.8773390387389735,25,55
BV08TR_0299,31,0.8742628694655428,24,55
BV08TR_0299,32,0.8709710658214422,23,55
BV08TR_0299,33,0.8677567218266835,22,55
BV08TR_0299,34,0.8646050437924109,21,55
BV08TR_0299,35,0.8613101184980131,20,55
BV08TR_0299,36,0.8581771765267804,19,55
BV08TR_0299,37,0.8549727799189488,18,55
BV08TR_0299,38,0.8518426880446356,17,55
BV08TR_0299,39,0.8487875735188585,16,55
BV08TR_0299,40,0.8455986207643195,15,55
BV08TR_0299,41,0.8424396183395014,14,55
BV08TR_0299,42,0.8391506882865516,13,55
BV08TR_0299,43,0.8359720931907388,12,55
BV08TR_0299,44,0.8328106350744942,11,55
BV08TR_0299,45,0.8296217371911425,10,55
BV08TR_0299,46,0.8263667127191573,9,55
BV08TR_0299,47,0.8232261172647992,8,55
BV08TR_0299,48,0.8199009722943252,7,55
BV08TR_0299,49,0.8166808679616928,6,55
BV08TR_0299,50,0.8135054692740208,5,55
BV08TR_0299,51,0.810348987290939,4,55
BV08TR_0299,52,0.8073481033208688,3,55
BV08TR_0299,53,0.8042239207419896,2,55
BV08TR_0299,54,0.8011171357485936,1,55
BV08TR_0299,55,0.79811896644998,0,55
BV08TR_0300,0,1.0071607851467586,62,62
BV08TR_0300,1,1.00380088138955,61,62
BV08TR_0300,2,1.0004469784737016,60,62
BV08TR_0300,3,0.9971379219106672,59,62
BV08TR_0300,4,0.9938416128598186,58,62
BV08TR_0300,5,0.9906030534067264,57,62
BV08TR_0300,6,0.9872360025444572,56,62
BV08TR_0300,7,0.9838108979339606,55,62
BV08TR_0300,8,0.9805363858693625,54,62
BV08TR_0300,9,0.977322943530116,53,62
BV08TR_0300,10,0.9741148954010104,52,62
BV08TR_0300,11,0.970849342442428,51,62
BV08TR_0300,12,0.9676215052278084,50,62
BV08TR_0300,13,0.9643321848686645,49,62
BV08TR_0300,14,0.961180816741009,48,62
BV08TR_0300,15,0.957941449790226,47,62
BV08TR_0300,16,0.9546098780269,46,62
BV08TR_0300,17,0.9510970403930674,45,62
BV08TR_0300,18,0.9477707800680228,44,62
BV08TR_0300,19,0.9444329773406632,43,62
BV08TR_0300,20,0.9409344120273676,42,62
BV08TR_0300,21,0.9376133732220548,41,62
BV08TR_0300,22,0.934185343108324,40,62
BV08TR_0300,23,0.93086985367544,39,62
BV08TR_0300,24,0.9275239643276185,38,62
BV08TR_0300,25,0.924071606135365,37,62
BV08TR_0300,26,0.9206896182188878,36,62
BV08TR_0300,27,0.9173330611879545,35,62
BV08TR_0300,28,0.913790571614373,34,62
BV08TR_0300,29,0.9104499738351266,33,62
BV08TR_0300,30,0.9069749554507844,32,62
BV08TR_0300,31,0.903617593448183,31,62
BV08TR_0300,32,0.9001563272512927,30,62
BV08TR_0300,33,0.8966689268893094,29,62
BV08TR_0300,34,0.8932157268473413,28,62
BV08TR_0300,35,0.8897755084106941,27,62
BV08TR_0300,36,0.886328954533791,26,62
BV08TR_0300,37,0.8828347537983179,25,62
BV08TR_0300,38,0.8794692565066053,24,62
BV08TR_0300,39,0.8760900722653124,23,62
BV08TR_0300,40,0.8726999106529115,22,62
BV08TR_0300,41,0.8693716371500618,21,62
BV08TR_0300,42,0.8659330502140266,20,62
BV08TR_0300,43,0.8625236726161926,19,62
BV08TR_0300,44,0.8591397537525425,18,62
BV08TR_0300,45,0.8556470063805467,17,62
BV08TR_0300,46,0.8522203706117802,16,62
BV08TR_0300,47,0.8487785636030128,15,62
BV08TR_0300,48,0.845450716774038,14,62
BV08TR_0300,49,0.8420194380636647,13,62
BV08TR_0300,50,0.8387150212250059,12,62
BV08TR_0300,51,0.8353150547317528,11,62
BV08TR_0300,52,0.832000324386534,10,62
BV08TR_0300,53,0.8285807735306436,9,62
BV08TR_0300,54,0.8251751872022701,8,62
BV08TR_0300,55,0.821867132673749,7,62
BV08TR_0300,56,0.818547988728135,6,62
BV08TR_0300,57,0.815259792763061,5,62
BV08TR_0300,58,0.8120435072411096,4,62
BV08TR_0300,59,0.8088384478166617,3,62
BV08TR_0300,60,0.8055472031595884,2,62
BV08TR_0300,61,0.802120912327171,1,62
BV08TR_0300,62,0.7988256497357712,0,62
BV08TR_0301,0,0.9840546891157124,73,73
BV08TR_0301,1,0.9816189040207765,72,73
BV08TR_0301,2,0.9791485782985724,71,73
BV08TR_0301,3,0.9766699634718544,70,73
BV08TR_0301,4,0.9741396737791423,69,73
BV08TR_0301,5,0.971731271320184,68,73
BV08TR_0301,6,0.9691610738307646,67,73
BV08TR_0301,7,0.9667285276631532,66,73
BV08TR_0301,8,0.9643203693153972,65,73
BV08TR_0301,9,0.9617955366729662,64,73
BV08TR_0301,10,0.9592916697405384,63,73
BV08TR_0301,11,0.956785887496076,62,73
BV08TR_0301,12,0.9543587182808175,61,73
BV08TR_0301,13,0.9518477073213072,60,73
BV08TR_0301,14,0.9494044823883662,59,73
BV08TR_0301,15,0.9469188446749328,58,73
BV08TR_0301,16,0.944607736182952,57,73
BV08TR_0301,17,0.942175509616043,56,73
BV08TR_0301,18,0.9398065180768044,55,73
BV08TR_0301,19,0.9373429205945017,54,73
BV08TR_0301,20,0.9350252142808976,53,73
BV08TR_0301,21,0.9326532197001044,52,73
BV08TR_0301,22,0.9302447165469062,51,73
BV08TR_0301,23,0.9279179395700595,50,73
BV08TR_0301,24,0.9255287625316662,49,73
BV08TR_0301,25,0.9231859859690902,48,73
BV08TR_0301,26,0.9207452582967152,47,73
BV08TR_0301,27,0.9183972181024838,46,73
BV08TR_0301,28,0.916088145797046,45,73
BV08TR_0301,29,0.9138083237313155,44,73
BV08TR_0301,30,0.9115293602221918,43,73
BV08TR_0301,31,0.9091280752830913,42,73
BV08TR_0301,32,0.9068494467407417,41,73
BV08TR_0301,33,0.9043571279670009,40,73
BV08TR_0301,34,0.9020616013338328,39,73
BV08TR_0301,35,0.8996731871096998,38,73
BV08TR_0301,36,0.8973549707166834,37,73
BV08TR_0301,37,0.8949376611153959,36,73
BV08TR_0301,38,0.8924855709045765,35,73
BV08TR_0301,39,0.8900691357585492,34,73
BV08TR_0301,40,0.8875395188378452,33,73
BV08TR_0301,41,0.8851740190592964,32,73
BV08TR_0301,42,0.8828290604814645,31,73
BV08TR_0301,43,0.8804103855763036,30,73
BV08TR_0301,44,0.8780723488945026,29,73
BV08TR_0301,45,0.875613693774961,28,73
BV08TR_0301,46,0.8732540371513098,27,73
BV08TR_0301,47,0.8707761144951512,26,73
BV08TR_0301,48,0.8683428245660721,25,73
BV08TR_0301,49,0.8659287595848839,24,73
BV08TR_0301,50,0.863628171950706,23,73
BV08TR_0301,51,0.8611671322171706,22,73
BV08TR_0301,52,0.8586802084750884,21,73
BV08TR_0301,53,0.8562854644226956,20,73
BV08TR_0301,54,0.8538376524648472,19,73
BV08TR_0301,55,0.8512962659386677,18,73
BV08TR_0301,56,0.848768195320439,17,73
BV08TR_0301,57,0.8462901976430609,16,73
BV08TR_0301,58,0.8437962556417373,15,73
BV08TR_0301,59,0.8414044088386708,14,73
BV08TR_0301,60,0.8389713315547724,13,73
BV08TR_0301,61,0.8364284422715016,12,73
BV08TR_0301,62,0.8339322811910397,11,73
BV08TR_0301,63,0.8307467069688671,10,73
BV08TR_0301,64,0.8276889552705095,9,73
BV08TR_0301,65,0.8245704237316532,8,73
BV08TR_0301,66,0.8213754289815884,7,73
BV08TR_0301,67,0.8181474463622858,6,73
BV08TR_0301,68,0.8150223741894655,5,73
BV08TR_0301,69,0.8119948222950305,4,73
BV08TR_0301,70,0.8088906965076105,3,73
BV08TR_0301,71,0.8058693267141066,2,73
BV08TR_0301,72,0.8027793515797906,1,73
BV08TR_0301,73,0.7996032099132394,0,73
BV08TR_0302,0,0.9832259158792938,77,77
BV08TR_0302,1,0.9808210811043432,76,77
BV08TR_0302,2,0.978528240779067,75,77
BV08TR_0302,3,0.9761877752113854,74,77
BV08TR_0302,4,0.9738966429935925,73,77
BV08TR_0302,5,0.9714985015597235,72,77
BV08TR_0302,6,0.969041822591777,71,77
BV08TR_0302,7,0.9666084363860924,70,77
BV08TR_0302,8,0.9642062445883816,69,77
BV08TR_0302,9,0.9618494825203284,68,77
BV08TR_0302,10,0.9595607227929978,67,77
BV08TR_0302,11,0.9572931240079712,66,77
BV08TR_0302,12,0.95501726657694,65,77
BV08TR_0302,13,0.952663676356142,64,77
BV08TR_0302,14,0.95030431951802,63,77
BV08TR_0302,15,0.9480288717281538,62,77
BV08TR_0302,16,0.9456556589315224,61,77
BV08TR_0302,17,0.9433909191458038,60,77
BV08TR_0302,18,0.9410888581129592,59,77
BV08TR_0302,19,0.9388604325768588,58,77
BV08TR_0302,20,0.9365357392546662,57,77
BV08TR_0302,21,0.9341042954723475,56,77
BV08TR_0302,22,0.9317679618437692,55,77
BV08TR_0302,23,0.929416752819845,54,77
BV08TR_0302,24,0.927054833102016,53,77
BV08TR_0302,25,0.9246631186531064,52,77
BV08TR_0302,26,0.9223076170206844,51,77
BV08TR_0302,27,0.9199362535531725,50,77
BV08TR_0302,28,0.9175857652387938,49,77
BV08TR_0302,29,0.9151905434958975,48,77
BV08TR_0302,30,0.91284359836124,47,77
BV08TR_0302,31,0.9104820455219118,46,77
BV08TR_0302,32,0.9080946271744234,45,77
BV08TR_0302,33,0.9057157481745876,44,77
BV08TR_0302,34,0.9033551514506898,43,77
BV08TR_0302,35,0.9010172428614174,42,77
BV08TR_0302,36,0.8985851911346924,41,77
BV08TR_0302,37,0.8961100995047454,40,77
BV08TR_0302,38,0.8936897677453366,39,77
BV08TR_0302,39,0.8912912552448927,38,77
BV08TR_0302,40,0.8887059175453346,37,77
BV08TR_0302,41,0.886323314073841,36,77
BV08TR_0302,42,0.8839734318966042,35,77
BV08TR_0302,43,0.881486153211449,34,77
BV08TR_0302,44,0.8790488269011002,33,77
BV08TR_0302,45,0.8766348042390547,32,77
BV08TR_0302,46,0.8741787992798759,31,77
BV08TR_0302,47,0.8717161558773878,30,77
BV08TR_0302,48,0.8692619528039458,29,77
BV08TR_0302,49,0.8667664735763203,28,77
BV08TR_0302,50,0.8642724373228328,27,77
BV08TR_0302,51,0.8618626229090915,26,77
BV08TR_0302,52,0.8595456983571625,25,77
BV08TR_0302,53,0.8570684726434211,24,77
BV08TR_0302,54,0.8545038291042558,23,77
BV08TR_0302,55,0.8522490909226675,22,77
BV08TR_0302,56,0.8499322329591454,21,77
BV08TR_0302,57,0.8474484210852522,20,77
BV08TR_0302,58,0.8449412772245706,19,77
BV08TR_0302,59,0.8424845095716798,18,77
BV08TR_0302,60,0.8400076972080891,17,77
BV08TR_0302,61,0.8374053897688176,16,77
BV08TR_0302,62,0.8349673752054227,15,77
BV08TR_0302,63,0.8325456444225064,14,77
BV08TR_0302,64,0.830188564319777,13,77
BV08TR_0302,65,0.8278870867038467,12,77
BV08TR_0302,66,0.8255016835146499,11,77
BV08TR_0302,67,0.823211120547033,10,77
BV08TR_0302,68,0.8207814858658657,9,77
BV08TR_0302,69,0.818393510178649,8,77
BV08TR_0302,70,0.8159964258191267,7,77
BV08TR_0302,71,0.8136771005040868,6,77
BV08TR_0302,72,0.8113466210116509,5,77
BV08TR_0302,73,0.808926738533583,4,77
BV08TR_0302,74,0.8065697352401222,3,77
BV08TR_0302,75,0.8041646336035907,2,77
BV08TR_0302,76,0.8018369959068852,1,77
BV08TR_0302,77,0.7995780221422072,0,77
BV08TR_0303,0,1.036975442322184,93,93
BV08TR_0303,1,1.0342426084462562,92,93
BV08TR_0303,2,1.031626200359738,91,93
BV08TR_0303,3,1.0290627380771364,90,93
BV08TR_0303,4,1.026536513125144,89,93
BV08TR_0303,5,1.0238770735610614,88,93
BV08TR_0303,6,1.0213855089356625,87,93
BV08TR_0303,7,1.018779637365289,86,93
BV08TR_0303,8,1.0160165749444465,85,93
BV08TR_0303,9,1.0134618280517818,84,93
BV08TR_0303,10,1.010763363638651,83,93
BV08TR_0303,11,1.0081665256411425,82,93
BV08TR_0303,12,1.0054712671239725,81,93
BV08TR_0303,13,1.002869446426653,80,93
BV08TR_0303,14,1.0002480742854292,79,93
BV08TR_0303,15,0.9976058493794964,78,93
BV08TR_0303,16,0.9949965718051011,77,93
BV08TR_0303,17,0.9923406263845393,76,93
BV08TR_0303,18,0.9896198754013222,75,93
BV08TR_0303,19,0.987009336642498,74,93
BV08TR_0303,20,0.9845028520506612,73,93
BV08TR_0303,21,0.9819911095556976,72,93
BV08TR_0303,22,0.9794648202554445,71,93
BV08TR_0303,23,0.9768264223655876,70,93
BV08TR_0303,24,0.974208765632544,69,93
BV08TR_0303,25,0.9715827853945775,68,93
BV08TR_0303,26,0.9690929144418442,67,93
BV08TR_0303,27,0.9665880196455064,66,93
BV08TR_0303,28,0.9639803499544866,65,93
BV08TR_0303,29,0.9615157569218534,64,93
BV08TR_0303,30,0.9589454203545824,63,93
BV08TR_0303,31,0.9563628004590856,62,93
BV08TR_0303,32,0.9538199027050712,61,93
BV08TR_0303,33,0.9512675105182055,60,93
BV08TR_0303,34,0.9487313676330618,59,93
BV08TR_0303,35,0.946229335368502,58,93
BV08TR_0303,36,0.9436027153035202,57,93
BV08TR_0303,37,0.9410732952637616,56,93
BV08TR_0303,38,0.9385375852186922,55,93
BV08TR_0303,39,0.9359142493643112,54,93
BV08TR_0303,40,0.9333364283405642,53,93
BV08TR_0303,41,0.9307336987897494,52,93
BV08TR_0303,42,0.9281330090972012,51,93
BV08TR_0303,43,0.9257258132614904,50,93
BV08TR_0303,44,0.9233225078660424,49,93
BV08TR_0303,45,0.9208149873793542,48,93
BV08TR_0303,46,0.9183686346248118,47,93
BV08TR_0303,47,0.915886906549876,46,93
BV08TR_0303,48,0.913341690016074,45,93
BV08TR_0303,49,0.9109246155346644,44,93
BV08TR_0303,50,0.9083520645801312,43,93
BV08TR_0303,51,0.9057943779677788,42,93
BV08TR_0303,52,0.9032749013014272,41,93
BV08TR_0303,53,0.9007354382603305,40,93
BV08TR_0303,54,0.8983456324792874,39,93
BV08TR_0303,55,0.8958082127405528,38,93
BV08TR_0303,56,0.8932917822237816,37,93
BV08TR_0303,57,0.8908787830732079,36,93
BV08TR_0303,58,0.8884224060407503,35,93
BV08TR_0303,59,0.8858164059044087,34,93
BV08TR_0303,60,0.8833190057866708,33,93
BV08TR_0303,61,0.8808605108109513,32,93
BV08TR_0303,62,0.8784589166681671,31,93
BV08TR_0303,63,0.87590205013882,30,93
BV08TR_0303,64,0.873300142478041,29,93
BV08TR_0303,65,0.8708365106771255,28,93
BV08TR_0303,66,0.8683599348484254,27,93
BV08TR_0303,67,0.8656180729631427,26,93
BV08TR_0303,68,0.8630832022416606,25,93
BV08TR_0303,69,0.860561482729432,24,93
BV08TR_0303,70,0.8579889996707996,23,93
BV08TR_0303,71,0.855501961289666,22,93
BV08TR_0303,72,0.8528897661399966,21,93
BV08TR_0303,73,0.8503371369107398,20,93
BV08TR_0303,74,0.8478104391190258,19,93
BV08TR_0303,75,0.8452944216556684,18,93
BV08TR_0303,76,0.8426739229325555,17,93
BV08TR_0303,77,0.8400919042485732,16,93
BV08TR_0303,78,0.8374547981364897,15,93
BV08TR_0303,79,0.8348488019919673,14,93
BV08TR_0303,80,0.8321629113966311,13,93
BV08TR_0303,81,0.8294935969436026,12,93
BV08TR_0303,82,0.8269727783978773,11,93
BV08TR_0303,83,0.8242273934468026,10,93
BV08TR_0303,84,0.821681944598358,9,93
BV08TR_0303,85,0.8190650150901898,8,93
BV08TR_0303,86,0.8164651104022135,7,93
BV08TR_0303,87,0.8138046555029669,6,93
BV08TR_0303,88,0.8112716316843928,5,93
BV08TR_0303,89,0.8086918127909228,4,93
BV08TR_0303,90,0.806101704732803,3,93
BV08TR_0303,91,0.803509416718975,2,93
BV08TR_0303,92,0.8009685272862141,1,93
BV08TR_0303,93,0.7984280735755732,0,93
BV08TR_0304,0,1.0342771560816628,99,99
BV08TR_0304,1,1.0318697917306319,98,99
BV08TR_0304,2,1.0294325757835112,97,99
BV08TR_0304,3,1.0270004383733653,96,99
BV08TR_0304,4,1.0246699392736767,95,99
BV08TR_0304,5,1.02220957842115,94,99
BV08TR_0304,6,1.0198510390639044,93,99
BV08TR_0304,7,1.0175457652294089,92,99
BV08TR_0304,8,1.0151886997887583,91,99
BV08TR_0304,9,1.0127849699719704,90,99
BV08TR_0304,10,1.0103108902307736,89,99
BV08TR_0304,11,1.0079639306828776,88,99
BV08TR_0304,12,1.0056454626054194,87,99
BV08TR_0304,13,1.003330759490924,86,99
BV08TR_0304,14,1.0009978584851331,85,99
BV08TR_0304,15,0.9986763987355852,84,99
BV08TR_0304,16,0.996498461172184,83,99
BV08TR_0304,17,0.9941547870052595,82,99
BV08TR_0304,18,0.99194439110881,81,99
BV08TR_0304,19,0.9896070779517312,80,99
BV08TR_0304,20,0.987236275122383,79,99
BV08TR_0304,21,0.9849421476050279,78,99
BV08TR_0304,22,0.9826611451711935,77,99
BV08TR_0304,23,0.9803685820033466,76,99
BV08TR_0304,24,0.9780534268511568,75,99
BV08TR_0304,25,0.9756796392949484,74,99
BV08TR_0304,26,0.9733239665682106,73,99
BV08TR_0304,27,0.9709491179868162,72,99
BV08TR_0304,28,0.9685909741075142,71,99
BV08TR_0304,29,0.966304411530084,70,99
BV08TR_0304,30,0.9639805908518126,69,99
BV08TR_0304,31,0.9616507129046294,68,99
BV08TR_0304,32,0.9592927715158772,67,99
BV08TR_0304,33,0.9569734626873628,66,99
BV08TR_0304,34,0.954645888374377,65,99
BV08TR_0304,35,0.9521940591091445,64,99
BV08TR_0304,36,0.9499348438932612,63,99
BV08TR_0304,37,0.947498478227236,62,99
BV08TR_0304,38,0.9451190727880295,61,99
BV08TR_0304,39,0.942756447301292,60,99
BV08TR_0304,40,0.9403893441302182,59,99
BV08TR_0304,41,0.9380863966901776,58,99
BV08TR_0304,42,0.9358142013686734,57,99
BV08TR_0304,43,0.9334534167121165,56,99
BV08TR_0304,44,0.9309734662721082,55,99
BV08TR_0304,45,0.9285827581208306,54,99
BV08TR_0304,46,0.9261997779017958,53,99
BV08TR_0304,47,0.9237120621416532,52,99
BV08TR_0304,48,0.9213377070373305,51,99
BV08TR_0304,49,0.91887544679658,50,99
BV08TR_0304,50,0.9163410074157688,49,99
BV08TR_0304,51,0.913908075299468,48,99
BV08TR_0304,52,0.9114830263306575,47,99
BV08TR_0304,53,0.9090291337880064,46,99
BV08TR_0304,54,0.906608887710421,45,99
BV08TR_0304,55,0.9041027595414788,44,99
BV08TR_0304,56,0.9016645285603152,43,99
BV08TR_0304,57,0.8992775112190228,42,99
BV08TR_0304,58,0.8968044573817715,41,99
BV08TR_0304,59,0.8943469467879532,40,99
BV08TR_0304,60,0.8919285420494264,39,99
BV08TR_0304,61,0.8896555077115424,38,99
BV08TR_0304,62,0.887193510934566,37,99
BV08TR_0304,63,0.8847217513720461,36,99
BV08TR_0304,64,0.8823412482495891,35,99
BV08TR_0304,65,0.8800437821799766,34,99
BV08TR_0304,66,0.8775494472006607,33,99
BV08TR_0304,67,0.8750406888678298,32,99
BV08TR_0304,68,0.8725806459084122,31,99
BV08TR_0304,69,0.87021132090684,30,99
BV08TR_0304,70,0.8677376512149536,29,99
BV08TR_0304,71,0.865290433817494,28,99
BV08TR_0304,72,0.8628763024571442,27,99
BV08TR_0304,73,0.860596607885283,26,99
BV08TR_0304,74,0.8582470188587251,25,99
BV08TR_0304,75,0.8559107479633975,24,99
BV08TR_0304,76,0.8536004534469729,23,99
BV08TR_0304,77,0.8511976822893259,22,99
BV08TR_0304,78,0.848767317320653,21,99
BV08TR_0304,79,0.8464447731801148,20,99
BV08TR_0304,80,0.8441078980930483,19,99
BV08TR_0304,81,0.8417536264992864,18,99
BV08TR_0304,82,0.8394705681103213,17,99
BV08TR_0304,83,0.8370679545654317,16,99
BV08TR_0304,84,0.8347174661279233,15,99
BV08TR_0304,85,0.8324540283850854,14,99
BV08TR_0304,86,0.8300111054801516,13,99
BV08TR_0304,87,0.827724261069173,12,99
BV08TR_0304,88,0.8253134942554484,11,99
BV08TR_0304,89,0.8229324292289263,10,99
BV08TR_0304,90,0.8205502963843628,9,99
BV08TR_0304,91,0.8182143409695314,8,99
BV08TR_0304,92,0.8158637313773552,7,99
BV08TR_0304,93,0.8135105089702952,6,99
BV08TR_0304,94,0.811162939916329,5,99
BV08TR_0304,95,0.8088479946463965,4,99
BV08TR_0304,96,0.8065359774158232,3,99
BV08TR_0304,97,0.8042075446221744,2,99
BV08TR_0304,98,0.8018295583297943,1,99
BV08TR_0304,99,0.7995691690026845,0,99
BV08TR_0305,0,1.0266417872443911,104,104
BV08TR_0305,1,1.0245200715548723,103,104
BV08TR_0305,2,1.022439548185111,102,104
BV08TR_0305,3,1.020194494748999,101,104
BV08TR_0305,4,1.0180244701750911,100,104
BV08TR_0305,5,1.0157567808400831,99,104
BV08TR_0305,6,1.013565824011045,98,104
BV08TR_0305,7,1.0111869306519234,97,104
BV08TR_0305,8,1.0089141417028085,96,104
BV08TR_0305,9,1.0067038965417363,95,104
BV08TR_0305,10,1.0045637083739953,94,104
BV08TR_0305,11,1.0022786405095574,93,104
BV08TR_0305,12,1.0000357802737232,92,104
BV08TR_0305,13,0.9978574058390772,91,104
BV08TR_0305,14,0.9957022367558934,90,104
BV08TR_0305,15,0.9934467832680612,89,104
BV08TR_0305,16,0.9910738610953334,88,104
BV08TR_0305,17,0.9888031472265904,87,104
BV08TR_0305,18,0.986627722454395,86,104
BV08TR_0305,19,0.984385873076144,85,104
BV08TR_0305,20,0.9821832226474064,84,104
BV08TR_0305,21,0.979952376462324,83,104
BV08TR_0305,22,0.97772224414912,82,104
BV08TR_0305,23,0.9755457234341516,81,104
BV08TR_0305,24,0.9732372491631448,80,104
BV08TR_0305,25,0.9709897322606218,79,104
BV08TR_0305,26,0.96871218610123,78,104
BV08TR_0305,27,0.966532630437018,77,104
BV08TR_0305,28,0.9643039128803504,76,104
BV08TR_0305,29,0.962087009324078,75,104
BV08TR_0305,30,0.9597717266802694,74,104
BV08TR_0305,31,0.9575814062612735,73,104
BV08TR_0305,32,0.95535488909553,72,104
BV08TR_0305,33,0.9531397031883821,71,104
BV08TR_0305,34,0.950814657550158,70,104
BV08TR_0305,35,0.9486508789171958,69,104
BV08TR_0305,36,0.9464986493189864,68,104
BV08TR_0305,37,0.9444007886825092,67,104
BV08TR_0305,38,0.94210250454178,66,104
BV08TR_0305,39,0.939852421743146,65,104
BV08TR_0305,40,0.937644946027288,64,104
BV08TR_0305,41,0.9354148387120772,63,104
BV08TR_0305,42,0.933196498976361,62,104
BV08TR_0305,43,0.9309760553887686,61,104
BV08TR_0305,44,0.928737187147312,60,104
BV08TR_0305,45,0.9265827631452322,59,104
BV08TR_0305,46,0.9244449260635098,58,104
BV08TR_0305,47,0.9222432140409932,57,104
BV08TR_0305,48,0.9201301534996837,56,104
BV08TR_0305,49,0.9180316678512912,55,104
BV08TR_0305,50,0.915896765892276,54,104
BV08TR_0305,51,0.913810289323988,53,104
BV08TR_0305,52,0.9116139042741145,52,104
BV08TR_0305,53,0.9095002383766976,51,104
BV08TR_0305,54,0.907456223702392,50,104
BV08TR_0305,55,0.905370399170329,49,104
BV08TR_0305,56,0.9031221481031544,48,104
BV08TR_0305,57,0.90097729230514,47,104
BV08TR_0305,58,0.8988181570102262,46,104
BV08TR_0305,59,0.8967630498542902,45,104
BV08TR_0305,60,0.8946147908095388,44,104
BV08TR_0305,61,0.8924039076357917,43,104
BV08TR_0305,62,0.890169351599135,42,104
BV08TR_0305,63,0.888122215472457,41,104
BV08TR_0305,64,0.8859722910416394,40,104
BV08TR_0305,65,0.8838984022451442,39,104
BV08TR_0305,66,0.881921666789538,38,104
BV08TR_0305,67,0.8799053820184478,37,104
BV08TR_0305,68,0.8777020013684032,36,104
BV08TR_0305,69,0.8755055046520464,35,104
BV08TR_0305,70,0.873299306571714,34,104
BV08TR_0305,71,0.871109865336927,33,104
BV08TR_0305,72,0.8690604260527605,32,104
BV08TR_0305,73,0.8668659881150624,31,104
BV08TR_0305,74,0.86476129598045,30,104
BV08TR_0305,75,0.8625771527490618,29,104
BV08TR_0305,76,0.8603507947774932,28,104
BV08TR_0305,77,0.8581561616818961,27,104
BV08TR_0305,78,0.8559099874493172,26,104
BV08TR_0305,79,0.8537889070913612,25,104
BV08TR_0305,80,0.8516103697188648,24,104
BV08TR_0305,81,0.8493217041768145,23,104
BV08TR_0305,82,0.8469959314886372,22,104
BV08TR_0305,83,0.8447212234443338,21,104
BV08TR_0305,84,0.8425017533010946,20,104
BV08TR_0305,85,0.8401886959562316,19,104
BV08TR_0305,86,0.8380089170077215,18,104
BV08TR_0305,87,0.8357060286694034,17,104
BV08TR_0305,88,0.8334602985156365,16,104
BV08TR_0305,89,0.831168772048574,15,104
BV08TR_0305,90,0.8288588201871308,14,104
BV08TR_0305,91,0.8266980931712231,13,104
BV08TR_0305,92,0.824522792894468,12,104
BV08TR_0305,93,0.8223449485604342,11,104
BV08TR_0305,94,0.8200438823998516,10,104
BV08TR_0305,95,0.817943424988623,9,104
BV08TR_0305,96,0.8158214715367854,8,104
BV08TR_0305,97,0.8135862298358919,7,104
BV08TR_0305,98,0.8113683672864235,6,104
BV08TR_0305,99,0.8090716212280097,5,104
BV08TR_0305,100,0.8068186693317526,4,104
BV08TR_0305,101,0.8045366092481633,3,104
BV08TR_0305,102,0.8022986218222661,2,104
BV08TR_0305,103,0.8001450232468351,1,104
BV08TR_0305,104,0.7979638392492444,0,104
BV08TR_0306,0,0.9772205499014708,68,68
BV08TR_0306,1,0.974643594948118,67,68
BV08TR_0306,2,0.9720328250840448,66,68
BV08TR_0306,3,0.9694216161923412,65,68
BV08TR_0306,4,0.9667692938564998,64,68
BV08TR_0306,5,0.9641223625029413,63,68
BV08TR_0306,6,0.96160038933103,62,68
BV08TR_0306,7,0.9589842177515534,61,68
BV08TR_0306,8,0.9564034709396982,60,68
BV08TR_0306,9,0.9537482181653538,59,68
BV08TR_0306,10,0.9511900052954226,58,68
BV08TR_0306,11,0.948597017097636,57,68
BV08TR_0306,12,0.9459148514359635,56,68
BV08TR_0306,13,0.9432243611379985,55,68
BV08TR_0306,14,0.9406088856759428,54,68
BV08TR_0306,15,0.9380135234208719,53,68
BV08TR_0306,16,0.9355216923293203,52,68
BV08TR_0306,17,0.9329828847888486,51,68
BV08TR_0306,18,0.9304032441109527,50,68
BV08TR_0306,19,0.9277243079305615,49,68
BV08TR_0306,20,0.9251662026188712,48,68
BV08TR_0306,21,0.9225599881894182,47,68
BV08TR_0306,22,0.9198948688878146,46,68
BV08TR_0306,23,0.917295753935129,45,68
BV08TR_0306,24,0.9148818854829754,44,68
BV08TR_0306,25,0.9121948331177704,43,68
BV08TR_0306,26,0.909505299304104,42,68
BV08TR_0306,27,0.9068505653860318,41,68
BV08TR_0306,28,0.9042605190813896,40,68
BV08TR_0306,29,0.9014948348157562,39,68
BV08TR_0306,30,0.8987968003279645,38,68
BV08TR_0306,31,0.8960413173517772,37,68
BV08TR_0306,32,0.8931909950484778,36,68
BV08TR_0306,33,0.8904981357440228,35,68
BV08TR_0306,34,0.8878398394026406,34,68
BV08TR_0306,35,0.8852055244738193,33,68
BV08TR_0306,36,0.8824030038373899,32,68
BV08TR_0306,37,0.8797250852415766,31,68
BV08TR_0306,38,0.8768983890703137,30,68
BV08TR_0306,39,0.8741989160970272,29,68
BV08TR_0306,40,0.8715005840851395,28,68
BV08TR_0306,41,0.8686558936953155,27,68
BV08TR_0306,42,0.8660244277962159,26,68
BV08TR_0306,43,0.8632731942598614,25,68
BV08TR_0306,44,0.8605243618262095,24,68
BV08TR_0306,45,0.857944132095456,23,68
BV08TR_0306,46,0.8551898355963885,22,68
BV08TR_0306,47,0.8525453694834138,21,68
BV08TR_0306,48,0.8500082999226212,20,68
BV08TR_0306,49,0.8473438081811757,19,68
BV08TR_0306,50,0.8445756327896538,18,68
BV08TR_0306,51,0.8419270192839813,17,68
BV08TR_0306,52,0.839315450064397,16,68
BV08TR_0306,53,0.8367368980744992,15,68
BV08TR_0306,54,0.8341227545885217,14,68
BV08TR_0306,55,0.8314618899890148,13,68
BV08TR_0306,56,0.82881173377461,12,68
BV08TR_0306,57,0.8261892679547646,11,68
BV08TR_0306,58,0.8235236827872209,10,68
BV08TR_0306,59,0.8209629808570698,9,68
BV08TR_0306,60,0.8182540809683033,8,68
BV08TR_0306,61,0.8157881406037925,7,68
BV08TR_0306,62,0.81309568955983,6,68
BV08TR_0306,63,0.8105486174845289,5,68
BV08TR_0306,64,0.808045778989459,4,68
BV08TR_0306,65,0.8054960591628493,3,68
BV08TR_0306,66,0.8028409282362224,2,68
BV08TR_0306,67,0.8002542173271766,1,68
BV08TR_0306,68,0.7977088286245235,0,68
BV08TR_0307,0,0.973599962607416,68,68
BV08TR_0307,1,0.9711058412852798,67,68
BV08TR_0307,2,0.96858483677468,66,68
BV08TR_0307,3,0.9661683241987334,65,68
BV08TR_0307,4,0.9636428518268495,64,68
BV08TR_0307,5,0.9611636648384748,63,68
BV08TR_0307,6,0.9585604454065818,62,68
BV08TR_0307,7,0.9561148884300392,61,68
BV08TR_0307,8,0.9536280015565866,60,68
BV08TR_0307,9,0.951083109886288,59,68
BV08TR_0307,10,0.9486174453794104,58,68
BV08TR_0307,11,0.946017324132203,57,68
BV08TR_0307,12,0.9433941981151426,56,68
BV08TR_0307,13,0.9407335711942472,55,68
BV08TR_0307,14,0.9381623506387198,54,68
BV08TR_0307,15,0.9356167854944424,53,68
BV08TR_0307,16,0.9331036943580318,52,68
BV08TR_0307,17,0.9305875576760204,51,68
BV08TR_0307,18,0.9280067007608094,50,68
BV08TR_0307,19,0.9254288801407244,49,68
BV08TR_0307,20,0.9228787503089512,48,68
BV08TR_0307,21,0.9202934508389622,47,68
BV08TR_0307,22,0.9176997544123028,46,68
BV08TR_0307,23,0.9150384544940742,45,68
BV08TR_0307,24,0.9125089564715404,44,68
BV08TR_0307,25,0.909832398487588,43,68
BV08TR_0307,26,0.907237342837616,42,68
BV08TR_0307,27,0.9045242109645324,41,68
BV08TR_0307,28,0.9019021080406224,40,68
BV08TR_0307,29,0.899217607312662,39,68
BV08TR_0307,30,0.8965372550131385,38,68
BV08TR_0307,31,0.8939016405414111,37,68
BV08TR_0307,32,0.8913652366470378,36,68
BV08TR_0307,33,0.8887366006764188,35,68
BV08TR_0307,34,0.8861918252049014,34,68
BV08TR_0307,35,0.8835318150903398,33,68
BV08TR_0307,36,0.8808883329618116,32,68
BV08TR_0307,37,0.8782271114518979,31,68
BV08TR_0307,38,0.8755472077685544,30,68
BV08TR_0307,39,0.8729610038146518,29,68
BV08TR_0307,40,0.8704278947139233,28,68
BV08TR_0307,41,0.8678126490342124,27,68
BV08TR_0307,42,0.8652457353352069,26,68
BV08TR_0307,43,0.8626893376105071,25,68
BV08TR_0307,44,0.8600182870634926,24,68
BV08TR_0307,45,0.8575078824727411,23,68
BV08TR_0307,46,0.8549081896817081,22,68
BV08TR_0307,47,0.8523141526774771,21,68
BV08TR_0307,48,0.8497611927298777,20,68
BV08TR_0307,49,0.8472125899553642,19,68
BV08TR_0307,50,0.8446532855637189,18,68
BV08TR_0307,51,0.8420262262868465,17,68
BV08TR_0307,52,0.8394793868857036,16,68
BV08TR_0307,53,0.8370131056147005,15,68
BV08TR_0307,54,0.8344180148883668,14,68
BV08TR_0307,55,0.8319300317877525,13,68
BV08TR_0307,56,0.8294357299172966,12,68
BV08TR_0307,57,0.8268302049421419,11,68
BV08TR_0307,58,0.824387128806649,10,68
BV08TR_0307,59,0.8218029477364852,9,68
BV08TR_0307,60,0.819490429687791,8,68
BV08TR_0307,61,0.8169070642724477,7,68
BV08TR_0307,62,0.814463922007688,6,68
BV08TR_0307,63,0.8119094259623816,5,68
BV08TR_0307,64,0.8093852712783018,4,68
BV08TR_0307,65,0.8067980990801893,3,68
BV08TR_0307,66,0.80444384086865,2,68
BV08TR_0307,67,0.8019301381330104,1,68
BV08TR_0307,68,0.7994413364464704,0,68
BV08TR_0308,0,0.982825405170904,85,85
BV08TR_0308,1,0.9805065109021321,84,85
BV08TR_0308,2,0.9782495725080612,83,85
BV08TR_0308,3,0.9760602929390672,82,85
BV08TR_0308,4,0.9739663894148828,81,85
BV08TR_0308,5,0.971741321975036,80,85
BV08TR_0308,6,0.9695562926371984,79,85
BV08TR_0308,7,0.9673919790894846,78,85
BV08TR_0308,8,0.9651849630894318,77,85
BV08TR_0308,9,0.9630660974382262,76,85
BV08TR_0308,10,0.960816546039298,75,85
BV08TR_0308,11,0.958469570753752,74,85
BV08TR_0308,12,0.9562819253974545,73,85
BV08TR_0308,13,0.9540707979095228,72,85
BV08TR_0308,14,0.9517922508324734,71,85
BV08TR_0308,15,0.9496195202986875,70,85
BV08TR_0308,16,0.9473970793268728,69,85
BV08TR_0308,17,0.9452234564073912,68,85
BV08TR_0308,18,0.9429488754870998,67,85
BV08TR_0308,19,0.940713692472994,66,85
BV08TR_0308,20,0.9385065230133032,65,85
BV08TR_0308,21,0.9362460164665444,64,85
BV08TR_0308,22,0.9340334977873208,63,85
BV08TR_0308,23,0.9318767456607118,62,85
BV08TR_0308,24,0.9296032318493384,61,85
BV08TR_0308,25,0.9273538667274758,60,85
BV08TR_0308,26,0.9251746362574235,59,85
BV08TR_0308,27,0.9229959583783465,58,85
BV08TR_0308,28,0.9208163899410599,57,85
BV08TR_0308,29,0.918515102359676,56,85
BV08TR_0308,30,0.9164171934810824,55,85
BV08TR_0308,31,0.9142334908996884,54,85
BV08TR_0308,32,0.911957105035005,53,85
BV08TR_0308,33,0.9098302694157346,52,85
BV08TR_0308,34,0.907678313052889,51,85
BV08TR_0308,35,0.9055938133331244,50,85
BV08TR_0308,36,0.903542679178624,49,85
BV08TR_0308,37,0.9013028393907492,48,85
BV08TR_0308,38,0.8991162717205322,47,85
BV08TR_0308,39,0.8969304514705096,46,85
BV08TR_0308,40,0.8947690696622816,45,85
BV08TR_0308,41,0.8925585445833928,44,85
BV08TR_0308,42,0.8903732579376968,43,85
BV08TR_0308,43,0.8882111599829573,42,85
BV08TR_0308,44,0.8860801668985996,41,85
BV08TR_0308,45,0.8839146618834413,40,85
BV08TR_0308,46,0.8818002125446658,39,85
BV08TR_0308,47,0.8796354114042262,38,85
BV08TR_0308,48,0.8774967393370673,37,85
BV08TR_0308,49,0.8753908120754175,36,85
BV08TR_0308,50,0.8732602279435623,35,85
BV08TR_0308,51,0.8711718837721542,34,85
BV08TR_0308,52,0.8689461054777932,33,85
BV08TR_0308,53,0.866784066322636,32,85
BV08TR_0308,54,0.8646368073059133,31,85
BV08TR_0308,55,0.8624624566989912,30,85
BV08TR_0308,56,0.8603027530902415,29,85
BV08TR_0308,57,0.858167090651984,28,85
BV08TR_0308,58,0.8560317462460707,27,85
BV08TR_0308,59,0.8539136580932128,26,85
BV08TR_0308,60,0.851731382750482,25,85
BV08TR_0308,61,0.8496688240181361,24,85
BV08TR_0308,62,0.8476383399179335,23,85
BV08TR_0308,63,0.8455538648175744,22,85
BV08TR_0308,64,0.8433851440871405,21,85
BV08TR_0308,65,0.8412303523434616,20,85
BV08TR_0308,66,0.8390544138130017,19,85
BV08TR_0308,67,0.8369302496658725,18,85
BV08TR_0308,68,0.8347596922003054,17,85
BV08TR_0308,69,0.8326861177599919,16,85
BV08TR_0308,70,0.8305351339604046,15,85
BV08TR_0308,71,0.8283913920651808,14,85
BV08TR_0308,72,0.8263399350090412,13,85
BV08TR_0308,73,0.8242352865669125,12,85
BV08TR_0308,74,0.8220803804630653,11,85
BV08TR_0308,75,0.8199260400017634,10,85
BV08TR_0308,76,0.817755142474064,9,85
BV08TR_0308,77,0.8155322606720472,8,85
BV08TR_0308,78,0.8133568175501784,7,85
BV08TR_0308,79,0.8111861520375472,6,85
BV08TR_0308,80,0.8089468763367259,5,85
BV08TR_0308,81,0.8067597683837978,4,85
BV08TR_0308,82,0.8046288332734706,3,85
BV08TR_0308,83,0.8023960986362056,2,85
BV08TR_0308,84,0.8001230912260213,1,85
BV08TR_0308,85,0.7978699304173255,0,85
BV08TR_0309,0,1.0124158537672745,68,68
BV08TR_0309,1,1.0093546812445995,67,68
BV08TR_0309,2,1.0062235538040556,66,68
BV08TR_0309,3,1.0032702998270284,65,68
BV08TR_0309,4,1.0002170575751774,64,68
BV08TR_0309,5,0.9971566890271762,63,68
BV08TR_0309,6,0.994113908415572,62,68
BV08TR_0309,7,0.990933416799735,61,68
BV08TR_0309,8,0.988083683213739,60,68
BV08TR_0309,9,0.98504374873606,59,68
BV08TR_0309,10,0.9819736374866977,58,68
BV08TR_0309,11,0.9788517283948298,57,68
BV08TR_0309,12,0.9757668013270028,56,68
BV08TR_0309,13,0.9726321866384064,55,68
BV08TR_0309,14,0.9694861583664705,54,68
BV08TR_0309,15,0.9663592903674386,53,68
BV08TR_0309,16,0.9631540446431044,52,68
BV08TR_0309,17,0.9600385221307186,51,68
BV08TR_0309,18,0.956824345508814,50,68
BV08TR_0309,19,0.9534061418365765,49,68
BV08TR_0309,20,0.9501706142835984,48,68
BV08TR_0309,21,0.947023650926494,47,68
BV08TR_0309,22,0.943856501597494,46,68
BV08TR_0309,23,0.9406357695787592,45,68
BV08TR_0309,24,0.9373774457008088,44,68
BV08TR_0309,25,0.93417269243759,43,68
BV08TR_0309,26,0.930869342801992,42,68
BV08TR_0309,27,0.9276503456801154,41,68
BV08TR_0309,28,0.9245929949903955,40,68
BV08TR_0309,29,0.9213613753509504,39,68
BV08TR_0309,30,0.9181208838885815,38,68
BV08TR_0309,31,0.9148794188891505,37,68
BV08TR_0309,32,0.9115825986599612,36,68
BV08TR_0309,33,0.9084809261265644,35,68
BV08TR_0309,34,0.9052819236685566,34,68
BV08TR_0309,35,0.9022290013342108,33,68
BV08TR_0309,36,0.8990905416730656,32,68
BV08TR_0309,37,0.8958226280127164,31,68
BV08TR_0309,38,0.8925978568549205,30,68
BV08TR_0309,39,0.8894026341936071,29,68
BV08TR_0309,40,0.8861950076973654,28,68
BV08TR_0309,41,0.8830112463694048,27,68
BV08TR_0309,42,0.8797633188549444,26,68
BV08TR_0309,43,0.8765043018591747,25,68
BV08TR_0309,44,0.873287408089932,24,68
BV08TR_0309,45,0.8702371987847974,23,68
BV08TR_0309,46,0.8669296446724877,22,68
BV08TR_0309,47,0.8638356911927936,21,68
BV08TR_0309,48,0.8607457379983896,20,68
BV08TR_0309,49,0.8575272390132322,19,68
BV08TR_0309,50,0.8542823229589896,18,68
BV08TR_0309,51,0.851092513957753,17,68
BV08TR_0309,52,0.8479990875835419,16,68
BV08TR_0309,53,0.8449465254442778,15,68
BV08TR_0309,54,0.8419920788371738,14,68
BV08TR_0309,55,0.8388890180113864,13,68
BV08TR_0309,56,0.8357548068723017,12,68
BV08TR_0309,57,0.8326099805587828,11,68
BV08TR_0309,58,0.8294274047406947,10,68
BV08TR_0309,59,0.826163102697361,9,68
BV08TR_0309,60,0.8231904997122302,8,68
BV08TR_0309,61,0.8200897525904965,7,68
BV08TR_0309,62,0.8170243400220071,6,68
BV08TR_0309,63,0.8139725008033657,5,68
BV08TR_0309,64,0.8108399354857344,4,68
BV08TR_0309,65,0.807807053308585,3,68
BV08TR_0309,66,0.8046101225041603,2,68
BV08TR_0309,67,0.80154842330641,1,68
BV08TR_0309,68,0.798519172292943,0,68
BV08TR_0310,0,1.006478870103754,63,63
BV08TR_0310,1,1.0033523662658725,62,63
BV08TR_0310,2,1.0000733289962331,61,63
BV08TR_0310,3,0.996826760846018,60,63
BV08TR_0310,4,0.993677883710218,59,63
BV08TR_0310,5,0.9903823913358788,58,63
BV08TR_0310,6,0.987029688136648,57,63
BV08TR_0310,7,0.9838404324983105,56,63
BV08TR_0310,8,0.9806830868409891,55,63
BV08TR_0310,9,0.9774343182029576,54,63
BV08TR_0310,10,0.9742099006626238,53,63
BV08TR_0310,11,0.9709740538758534,52,63
BV08TR_0310,12,0.9678060442908256,51,63
BV08TR_0310,13,0.9646240927422258,50,63
BV08TR_0310,14,0.9614342600824375,49,63
BV08TR_0310,15,0.9582619486232498,48,63
BV08TR_0310,16,0.9549605993063474,47,63
BV08TR_0310,17,0.951677541761555,46,63
BV08TR_0310,18,0.9484897545183735,45,63
BV08TR_0310,19,0.945249140708623,44,63
BV08TR_0310,20,0.94211794797867,43,63
BV08TR_0310,21,0.938892039821286,42,63
BV08TR_0310,22,0.9357404323999152,41,63
BV08TR_0310,23,0.932607900277908,40,63
BV08TR_0310,24,0.9294373289191884,39,63
BV08TR_0310,25,0.9263042112367924,38,63
BV08TR_0310,26,0.9231528316286716,37,63
BV08TR_0310,27,0.9200437420055358,36,63
BV08TR_0310,28,0.9168988938380884,35,63
BV08TR_0310,29,0.9136806939296448,34,63
BV08TR_0310,30,0.910529298041344,33,63
BV08TR_0310,31,0.907386611515488,32,63
BV08TR_0310,32,0.9042374931541185,31,63
BV08TR_0310,33,0.9011157862901782,30,63
BV08TR_0310,34,0.8979412697872408,29,63
BV08TR_0310,35,0.894883042822267,28,63
BV08TR_0310,36,0.8917410795662324,27,63
BV08TR_0310,37,0.8885984049391084,26,63
BV08TR_0310,38,0.8855996308839327,25,63
BV08TR_0310,39,0.8826139136700066,24,63
BV08TR_0310,40,0.8795989485005554,23,63
BV08TR_0310,41,0.8765054318984693,22,63
BV08TR_0310,42,0.8734821179024921,21,63
BV08TR_0310,43,0.8703277613157409,20,63
BV08TR_0310,44,0.8673632450414356,19,63
BV08TR_0310,45,0.8642711630536921,18,63
BV08TR_0310,46,0.8610478364258053,17,63
BV08TR_0310,47,0.8579145705853417,16,63
BV08TR_0310,48,0.8548263713991782,15,63
BV08TR_0310,49,0.851751784172246,14,63
BV08TR_0310,50,0.8479451062178146,13,63
BV08TR_0310,51,0.8442352525190884,12,63
BV08TR_0310,52,0.8407110993010233,11,63
BV08TR_0310,53,0.8369582076853864,10,63
BV08TR_0310,54,0.8332195237958523,9,63
BV08TR_0310,55,0.8296260092727505,8,63
BV08TR_0310,56,0.8259661054855107,7,63
BV08TR_0310,57,0.8222552243912358,6,63
BV08TR_0310,58,0.8184184906087862,5,63
BV08TR_0310,59,0.814588678905355,4,63
BV08TR_0310,60,0.8108729451049591,3,63
BV08TR_0310,61,0.8070675083972846,2,63
BV08TR_0310,62,0.8032046503125325,1,63
BV08TR_0310,63,0.7994967428970967,0,63
BV08TR_0311,0,1.0276624816077133,97,97
BV08TR_0311,1,1.025213405638869,96,97
BV08TR_0311,2,1.0227576711512727,95,97
BV08TR_0311,3,1.020506769110828,94,97
BV08TR_0311,4,1.018153993631465,93,97
BV08TR_0311,5,1.0157080028143362,92,97
BV08TR_0311,6,1.0132556804735788,91,97
BV08TR_0311,7,1.0108628402650566,90,97
BV08TR_0311,8,1.008394065403618,89,97
BV08TR_0311,9,1.0060123662662803,88,97
BV08TR_0311,10,1.0036711909256164,87,97
BV08TR_0311,11,1.0013444808567133,86,97
BV08TR_0311,12,0.9988693038308643,85,97
BV08TR_0311,13,0.9965736128972578,84,97
BV08TR_0311,14,0.994148576670976,83,97
BV08TR_0311,15,0.9917559606194551,82,97
BV08TR_0311,16,0.9894579026726578,81,97
BV08TR_0311,17,0.9870344382406826,80,97
BV08TR_0311,18,0.9847058486484972,79,97
BV08TR_0311,19,0.9822618385093917,78,97
BV08TR_0311,20,0.9798497236004312,77,97
BV08TR_0311,21,0.9775586897334164,76,97
BV08TR_0311,22,0.975223674392304,75,97
BV08TR_0311,23,0.9729445428476744,74,97
BV08TR_0311,24,0.9705626963342565,73,97
BV08TR_0311,25,0.9682361868102424,72,97
BV08TR_0311,26,0.96595725075576,71,97
BV08TR_0311,27,0.9637019094883578,70,97
BV08TR_0311,28,0.9614692531899844,69,97
BV08TR_0311,29,0.9591512051368255,68,97
BV08TR_0311,30,0.9568539406993388,67,97
BV08TR_0311,31,0.9545061893843582,66,97
BV08TR_0311,32,0.9521217451817474,65,97
BV08TR_0311,33,0.94985890497183,64,97
BV08TR_0311,34,0.94755332218779,63,97
BV08TR_0311,35,0.9452717701355546,62,97
BV08TR_0311,36,0.9429686697065184,61,97
BV08TR_0311,37,0.9406302464990854,60,97
BV08TR_0311,38,0.9384163964628788,59,97
BV08TR_0311,39,0.9360284193757183,58,97
BV08TR_0311,40,0.9336357063088025,57,97
BV08TR_0311,41,0.9313342384150156,56,97
BV08TR_0311,42,0.928976523609908,55,97
BV08TR_0311,43,0.9268028853728614,54,97
BV08TR_0311,44,0.9245305349166018,53,97
BV08TR_0311,45,0.9221614807333458,52,97
BV08TR_0311,46,0.9198356725454755,51,97
BV08TR_0311,47,0.9174769300295905,50,97
BV08TR_0311,48,0.915075261232766,49,97
BV08TR_0311,49,0.912819859318506,48,97
BV08TR_0311,50,0.910499017734838,47,97
BV08TR_0311,51,0.9081349003978758,46,97
BV08TR_0311,52,0.9058423007840058,45,97
BV08TR_0311,53,0.903516730551933,44,97
BV08TR_0311,54,0.901193509456179,43,97
BV08TR_0311,55,0.898858823297703,42,97
BV08TR_0311,56,0.896406343171664,41,97
BV08TR_0311,57,0.8941120695698761,40,97
BV08TR_0311,58,0.8916838702797004,39,97
BV08TR_0311,59,0.8893023393471413,38,97
BV08TR_0311,60,0.8869526934737206,37,97
BV08TR_0311,61,0.8845667573410899,36,97
BV08TR_0311,62,0.8821428975828671,35,97
BV08TR_0311,63,0.8795790469136806,34,97
BV08TR_0311,64,0.8770829145448962,33,97
BV08TR_0311,65,0.8746890636771688,32,97
BV08TR_0311,66,0.8722308706235385,31,97
BV08TR_0311,67,0.869839642704848,30,97
BV08TR_0311,68,0.8674583638375465,29,97
BV08TR_0311,69,0.8650358522991105,28,97
BV08TR_0311,70,0.862613683684284,27,97
BV08TR_0311,71,0.860134336289452,26,97
BV08TR_0311,72,0.8576599693301866,25,97
BV08TR_0311,73,0.8552101902760616,24,97
BV08TR_0311,74,0.8527333944622472,23,97
BV08TR_0311,75,0.8503343613954919,22,97
BV08TR_0311,76,0.8479454469341668,21,97
BV08TR_0311,77,0.8455926335108259,20,97
BV08TR_0311,78,0.8431481042678928,19,97
BV08TR_0311,79,0.8407365076589415,18,97
BV08TR_0311,80,0.8383541864445848,17,97
BV08TR_0311,81,0.8359686162948328,16,97
BV08TR_0311,82,0.8335479242280418,15,97
BV08TR_0311,83,0.83109760669639,14,97
BV08TR_0311,84,0.8287653201771952,13,97
BV08TR_0311,85,0.826430655011989,12,97
BV08TR_0311,86,0.8240090479938758,11,97
BV08TR_0311,87,0.8217418502922217,10,97
BV08TR_0311,88,0.8193228750132225,9,97
BV08TR_0311,89,0.816963247487906,8,97
BV08TR_0311,90,0.8146657544355372,7,97
BV08TR_0311,91,0.8121966771070415,6,97
BV08TR_0311,92,0.8098844599767931,5,97
BV08TR_0311,93,0.8076348877205772,4,97
BV08TR_0311,94,0.8052795129416535,3,97
BV08TR_0311,95,0.802952600979731,2,97
BV08TR_0311,96,0.8007091337322373,1,97
BV08TR_0311,97,0.7984141931715172,0,97
BV08TR_0312,0,0.9743044797198294,79,79
BV08TR_0312,1,0.9720111147855975,78,79
BV08TR_0312,2,0.969728587322657,77,79
BV08TR_0312,3,0.9675670667294032,76,79
BV08TR_0312,4,0.9653488346658604,75,79
BV08TR_0312,5,0.9631519864959562,74,79
BV08TR_0312,6,0.9609227867417438,73,79
BV08TR_0312,7,0.9587286197861185,72,79
BV08TR_0312,8,0.956535763589902,71,79
BV08TR_0312,9,0.9543602238179564,70,79
BV08TR_0312,10,0.9521408183938138,69,79
BV08TR_0312,11,0.9499349233662795,68,79
BV08TR_0312,12,0.9477195430041275,67,79
BV08TR_0312,13,0.945588390441778,66,79
BV08TR_0312,14,0.9433896653805155,65,79
BV08TR_0312,15,0.9411792083644847,64,79
BV08TR_0312,16,0.93908334457422,63,79
BV08TR_0312,17,0.936948783054626,62,79
BV08TR_0312,18,0.934802384033186,61,79
BV08TR_0312,19,0.932623196833186,60,79
BV08TR_0312,20,0.930468119422361,59,79
BV08TR_0312,21,0.9282815260024504,58,79
BV08TR_0312,22,0.9260691922850846,57,79
BV08TR_0312,23,0.9238973485238632,56,79
BV08TR_0312,24,0.92168161884826,55,79
BV08TR_0312,25,0.919505962146049,54,79
BV08TR_0312,26,0.9173831145544232,53,79
BV08TR_0312,27,0.9152887924825828,52,79
BV08TR_0312,28,0.9131392392239988,51,79
BV08TR_0312,29,0.9109142666255975,50,79
BV08TR_0312,30,0.90863865235236,49,79
BV08TR_0312,31,0.9064244996455735,48,79
BV08TR_0312,32,0.9041713804184925,47,79
BV08TR_0312,33,0.9019113749644705,46,79
BV08TR_0312,34,0.8996945745132373,45,79
BV08TR_0312,35,0.8975387497665926,44,79
BV08TR_0312,36,0.895343873929117,43,79
BV08TR_0312,37,0.8931512863620985,42,79
BV08TR_0312,38,0.8909056305316826,41,79
BV08TR_0312,39,0.8886985693047409,40,79
BV08TR_0312,40,0.8864244336755766,39,79
BV08TR_0312,41,0.88411950835893,38,79
BV08TR_0312,42,0.8817715522805698,37,79
BV08TR_0312,43,0.8795274507887655,36,79
BV08TR_0312,44,0.8773325228563212,35,79
BV08TR_0312,45,0.875100345493018,34,79
BV08TR_0312,46,0.872929741196476,33,79
BV08TR_0312,47,0.8705937343318718,32,79
BV08TR_0312,48,0.8682698254497901,31,79
BV08TR_0312,49,0.8659697569079513,30,79
BV08TR_0312,50,0.8637143693531385,29,79
BV08TR_0312,51,0.8614276461365309,28,79
BV08TR_0312,52,0.8592471547533598,27,79
BV08TR_0312,53,0.8569636641371978,26,79
BV08TR_0312,54,0.85475583617723,25,79
BV08TR_0312,55,0.8525707962358874,24,79
BV08TR_0312,56,0.8502492784979929,23,79
BV08TR_0312,57,0.8478134651825456,22,79
BV08TR_0312,58,0.8454348433702563,21,79
BV08TR_0312,59,0.8432129293054559,20,79
BV08TR_0312,60,0.8409674135469821,19,79
BV08TR_0312,61,0.8386488968600019,18,79
BV08TR_0312,62,0.8363193092131698,17,79
BV08TR_0312,63,0.8340974858829413,16,79
BV08TR_0312,64,0.831898320239008,15,79
BV08TR_0312,65,0.8296341976158047,14,79
BV08TR_0312,66,0.8274667300410556,13,79
BV08TR_0312,67,0.8251996284280336,12,79
BV08TR_0312,68,0.8229218009526222,11,79
BV08TR_0312,69,0.8206249172534034,10,79
BV08TR_0312,70,0.8183346843198026,9,79
BV08TR_0312,71,0.8161126424956457,8,79
BV08TR_0312,72,0.8138558671170804,7,79
BV08TR_0312,73,0.811630916092054,6,79
BV08TR_0312,74,0.8093902398164402,5,79
BV08TR_0312,75,0.807225269081736,4,79
BV08TR_0312,76,0.8049419754310955,3,79
BV08TR_0312,77,0.802762483734963,2,79
BV08TR_0312,78,0.800508914423337,1,79
BV08TR_0312,79,0.7982295035727044,0,79
BV08TR_0313,0,1.0473746674391684,113,113
BV08TR_0313,1,1.0451558026104177,112,113
BV08TR_0313,2,1.0429685472473897,111,113
BV08TR_0313,3,1.0407558845297247,110,113
BV08TR_0313,4,1.0386821364752075,109,113
BV08TR_0313,5,1.036559065257417,108,113
BV08TR_0313,6,1.0343706558907693,107,113
BV08TR_0313,7,1.0322358617394274,106,113
BV08TR_0313,8,1.0300815009248776,105,113
BV08TR_0313,9,1.027831519853315,104,113
BV08TR_0313,10,1.0257672759926184,103,113
BV08TR_0313,11,1.0235669898468782,102,113
BV08TR_0313,12,1.021360189153368,101,113
BV08TR_0313,13,1.0191959269511783,100,113
BV08TR_0313,14,1.0170623631881042,99,113
BV08TR_0313,15,1.0148711062182685,98,113
BV08TR_0313,16,1.012715802469214,97,113
BV08TR_0313,17,1.0105755434201031,96,113
BV08TR_0313,18,1.0084618271181736,95,113
BV08TR_0313,19,1.006416218880949,94,113
BV08TR_0313,20,1.004310339668497,93,113
BV08TR_0313,21,1.002174876093334,92,113
BV08TR_0313,22,1.0000454066053943,91,113
BV08TR_0313,23,0.9978841094601675,90,113
BV08TR_0313,24,0.9958067523108514,89,113
BV08TR_0313,25,0.9936365003502932,88,113
BV08TR_0313,26,0.991519763552767,87,113
BV08TR_0313,27,0.9893685083601734,86,113
BV08TR_0313,28,0.987194654629782,85,113
BV08TR_0313,29,0.9849844244939518,84,113
BV08TR_0313,30,0.982750781625292,83,113
BV08TR_0313,31,0.9806487743346212,82,113
BV08TR_0313,32,0.9784970920719548,81,113
BV08TR_0313,33,0.976279335425568,80,113
BV08TR_0313,34,0.9740665562951002,79,113
BV08TR_0313,35,0.9718535812330434,78,113
BV08TR_0313,36,0.969633280749846,77,113
BV08TR_0313,37,0.9673104045816756,76,113
BV08TR_0313,38,0.9651799068002962,75,113
BV08TR_0313,39,0.962902374985214,74,113
BV08TR_0313,40,0.9606196446961228,73,113
BV08TR_0313,41,0.9582895588870086,72,113
BV08TR_0313,42,0.955999058203758,71,113
BV08TR_0313,43,0.95369822140176,70,113
BV08TR_0313,44,0.95149926515512,69,113
BV08TR_0313,45,0.9493041540887344,68,113
BV08TR_0313,46,0.9470102138146502,67,113
BV08TR_0313,47,0.9447963656326342,66,113
BV08TR_0313,48,0.942459204766674,65,113
BV08TR_0313,49,0.9401645887637972,64,113
BV08TR_0313,50,0.9378320471136886,63,113
BV08TR_0313,51,0.9355702943035484,62,113
BV08TR_0313,52,0.9333612775483506,61,113
BV08TR_0313,53,0.931152027184338,60,113
BV08TR_0313,54,0.9288502568290962,59,113
BV08TR_0313,55,0.9266320444689053,58,113
BV08TR_0313,56,0.9244460114812098,57,113
BV08TR_0313,57,0.9223239565030974,56,113
BV08TR_0313,58,0.9201031387753638,55,113
BV08TR_0313,59,0.9179077161609674,54,113
BV08TR_0313,60,0.915676612814049,53,113
BV08TR_0313,61,0.9133628080830188,52,113
BV08TR_0313,62,0.911155778755662,51,113
BV08TR_0313,63,0.9088871200620492,50,113
BV08TR_0313,64,0.9065966014815472,49,113
BV08TR_0313,65,0.904443387376267,48,113
BV08TR_0313,66,0.902265226754574,47,113
BV08TR_0313,67,0.9001674046338632,46,113
BV08TR_0313,68,0.8979995327953552,45,113
BV08TR_0313,69,0.8958231613999641,44,113
BV08TR_0313,70,0.8935871661328799,43,113
BV08TR_0313,71,0.8913626028900662,42,113
BV08TR_0313,72,0.889235093164826,41,113
BV08TR_0313,73,0.8871098129765904,40,113
BV08TR_0313,74,0.8850027820402442,39,113
BV08TR_0313,75,0.8828237298946144,38,113
BV08TR_0313,76,0.8806510899454095,37,113
BV08TR_0313,77,0.8784974346732065,36,113
BV08TR_0313,78,0.8764683766798094,35,113
BV08TR_0313,79,0.874295761047436,34,113
BV08TR_0313,80,0.8720673406857725,33,113
BV08TR_0313,81,0.8699644000482238,32,113
BV08TR_0313,82,0.8677432726550158,31,113
BV08TR_0313,83,0.8656269976113081,30,113
BV08TR_0313,84,0.8634780395067725,29,113
BV08TR_0313,85,0.8613790417730879,28,113
BV08TR_0313,86,0.859207053220407,27,113
BV08TR_0313,87,0.8570628276655268,26,113
BV08TR_0313,88,0.854982712475114,25,113
BV08TR_0313,89,0.8528420570363602,24,113
BV08TR_0313,90,0.8507515315122146,23,113
BV08TR_0313,91,0.8486430751077888,22,113
BV08TR_0313,92,0.8465059584544431,21,113
BV08TR_0313,93,0.8442865548159754,20,113
BV08TR_0313,94,0.842086153802102,19,113
BV08TR_0313,95,0.8398998706382645,18,113
BV08TR_0313,96,0.837719277386759,17,113
BV08TR_0313,97,0.8355096283352011,16,113
BV08TR_0313,98,0.8334539609601728,15,113
BV08TR_0313,99,0.8312032798644274,14,113
BV08TR_0313,100,0.8290229861379635,13,113
BV08TR_0313,101,0.8269007959486034,12,113
BV08TR_0313,102,0.8245430924232918,11,113
BV08TR_0313,103,0.8222661343823722,10,113
BV08TR_0313,104,0.8200601424669197,9,113
BV08TR_0313,105,0.8177887516888392,8,113
BV08TR_0313,106,0.8156270690310896,7,113
BV08TR_0313,107,0.8134692376923641,6,113
BV08TR_0313,108,0.8111996195363984,5,113
BV08TR_0313,109,0.8089769060408654,4,113
BV08TR_0313,110,0.8067337573459125,3,113
BV08TR_0313,111,0.8045178001227803,2,113
BV08TR_0313,112,0.8022507739974166,1,113
BV08TR_0313,113,0.7999298092908167,0,113
BV08TR_0314,0,1.0255486431550094,100,100
BV08TR_0314,1,1.02323624591322,99,100
BV08TR_0314,2,1.0208437466700464,98,100
BV08TR_0314,3,1.018560184836998,97,100
BV08TR_0314,4,1.016254883163641,96,100
BV08TR_0314,5,1.0139508297952649,95,100
BV08TR_0314,6,1.0116183886252905,94,100
BV08TR_0314,7,1.009313238261204,93,100
BV08TR_0314,8,1.006961778974702,92,100
BV08TR_0314,9,1.004639493145342,91,100
BV08TR_0314,10,1.0023310279749664,90,100
BV08TR_0314,11,1.0000395540936562,89,100
BV08TR_0314,12,0.9978325376101704,88,100
BV08TR_0314,13,0.9956682511601568,87,100
BV08TR_0314,14,0.9933894988513557,86,100
BV08TR_0314,15,0.9911294594204644,85,100
BV08TR_0314,16,0.988947404892308,84,100
BV08TR_0314,17,0.9866300830716745,83,100
BV08TR_0314,18,0.984397139238118,82,100
BV08TR_0314,19,0.9821308120061674,81,100
BV08TR_0314,20,0.979947246308843,80,100
BV08TR_0314,21,0.977683251810268,79,100
BV08TR_0314,22,0.9754246215108852,78,100
BV08TR_0314,23,0.9731349001659666,77,100
BV08TR_0314,24,0.9708352296374754,76,100
BV08TR_0314,25,0.9686771312862695,75,100
BV08TR_0314,26,0.9664354205912518,74,100
BV08TR_0314,27,0.9642905080866412,73,100
BV08TR_0314,28,0.9621226400684534,72,100
BV08TR_0314,29,0.9598493000495104,71,100
BV08TR_0314,30,0.957606884316227,70,100
BV08TR_0314,31,0.9553848641276766,69,100
BV08TR_0314,32,0.9532272299705578,68,100
BV08TR_0314,33,0.9509757978282224,67,100
BV08TR_0314,34,0.9489098241193062,66,100
BV08TR_0314,35,0.9466113835294426,65,100
BV08TR_0314,36,0.9444385652106992,64,100
BV08TR_0314,37,0.942244082299719,63,100
BV08TR_0314,38,0.940087330380407,62,100
BV08TR_0314,39,0.937854258404035,61,100
BV08TR_0314,40,0.935629554455273,60,100
BV08TR_0314,41,0.933307340716679,59,100
BV08TR_0314,42,0.9310472199132886,58,100
BV08TR_0314,43,0.92880635355065,57,100
BV08TR_0314,44,0.926599844723586,56,100
BV08TR_0314,45,0.9243061396234008,55,100
BV08TR_0314,46,0.9220775281129832,54,100
BV08TR_0314,47,0.9199306297401926,53,100
BV08TR_0314,48,0.9176261723943804,52,100
BV08TR_0314,49,0.9153911939961805,51,100
BV08TR_0314,50,0.9132230817517412,50,100
BV08TR_0314,51,0.9110026699704006,49,100
BV08TR_0314,52,0.908742858649404,48,100
BV08TR_0314,53,0.906406734193972,47,100
BV08TR_0314,54,0.9041932215613958,46,100
BV08TR_0314,55,0.9019228927509394,45,100
BV08TR_0314,56,0.8996135016165338,44,100
BV08TR_0314,57,0.897270154758334,43,100
BV08TR_0314,58,0.8948900286237998,42,100
BV08TR_0314,59,0.8925618353080514,41,100
BV08TR_0314,60,0.8902771697630083,40,100
BV08TR_0314,61,0.8880215291072039,39,100
BV08TR_0314,62,0.8857115968280248,38,100
BV08TR_0314,63,0.8834415829568502,37,100
BV08TR_0314,64,0.8811631796248836,36,100
BV08TR_0314,65,0.8787861737364288,35,100
BV08TR_0314,66,0.8764624181154594,34,100
BV08TR_0314,67,0.8741522463957381,33,100
BV08TR_0314,68,0.8718928168552371,32,100
BV08TR_0314,69,0.8696074238863188,31,100
BV08TR_0314,70,0.8671964279583425,30,100
BV08TR_0314,71,0.8648441927967726,29,100
BV08TR_0314,72,0.8625833935586988,28,100
BV08TR_0314,73,0.8602188922257171,27,100
BV08TR_0314,74,0.8579330533322427,26,100
BV08TR_0314,75,0.8555096771724605,25,100
BV08TR_0314,76,0.8531948263971545,24,100
BV08TR_0314,77,0.8510181136410242,23,100
BV08TR_0314,78,0.848601659807907,22,100
BV08TR_0314,79,0.8462312697848229,21,100
BV08TR_0314,80,0.8439007060413687,20,100
BV08TR_0314,81,0.8416075938785041,19,100
BV08TR_0314,82,0.8393296683387308,18,100
BV08TR_0314,83,0.8370641101073931,17,100
BV08TR_0314,84,0.8346989332437499,16,100
BV08TR_0314,85,0.8325970430838545,15,100
BV08TR_0314,86,0.8303260994665475,14,100
BV08TR_0314,87,0.8280930383901276,13,100
BV08TR_0314,88,0.8258212394143521,12,100
BV08TR_0314,89,0.8235543619327825,11,100
BV08TR_0314,90,0.8212755573228548,10,100
BV08TR_0314,91,0.8190070299840919,9,100
BV08TR_0314,92,0.8167829114648094,8,100
BV08TR_0314,93,0.8145503403453996,7,100
BV08TR_0314,94,0.8124548799815517,6,100
BV08TR_0314,95,0.8102225418962976,5,100
BV08TR_0314,96,0.8079958987650478,4,100
BV08TR_0314,97,0.8056616229719521,3,100
BV08TR_0314,98,0.8034696882425133,2,100
BV08TR_0314,99,0.8011984282452947,1,100
BV08TR_0314,100,0.7990708246999796,0,100
BV08TR_0315,0,1.0050597381110151,91,91
BV08TR_0315,1,1.0027641244603434,90,91
BV08TR_0315,2,1.000532021549224,89,91
BV08TR_0315,3,0.9982841945941464,88,91
BV08TR_0315,4,0.9960618662384175,87,91
BV08TR_0315,5,0.99371118431987,86,91
BV08TR_0315,6,0.9914986975411355,85,91
BV08TR_0315,7,0.9891019527448544,84,91
BV08TR_0315,8,0.9868454980206054,83,91
BV08TR_0315,9,0.9843940718759752,82,91
BV08TR_0315,10,0.9820527651461366,81,91
BV08TR_0315,11,0.9797822569324072,80,91
BV08TR_0315,12,0.9775234331668805,79,91
BV08TR_0315,13,0.9752086327886338,78,91
BV08TR_0315,14,0.972822311703725,77,91
BV08TR_0315,15,0.9706773957678725,76,91
BV08TR_0315,16,0.9683670072377586,75,91
BV08TR_0315,17,0.9660228522073284,74,91
BV08TR_0315,18,0.9636697044712745,73,91
BV08TR_0315,19,0.961375976459731,72,91
BV08TR_0315,20,0.9590726157728772,71,91
BV08TR_0315,21,0.9567221388283,70,91
BV08TR_0315,22,0.954470746675956,69,91
BV08TR_0315,23,0.9522917743261584,68,91
BV08TR_0315,24,0.9500684143314865,67,91
BV08TR_0315,25,0.9477985084561632,66,91
BV08TR_0315,26,0.9455116719611568,65,91
BV08TR_0315,27,0.9432126932457084,64,91
BV08TR_0315,28,0.9409701732129004,63,91
BV08TR_0315,29,0.9386564894749828,62,91
BV08TR_0315,30,0.9363961470393773,61,91
BV08TR_0315,31,0.9341252344629645,60,91
BV08TR_0315,32,0.9318975319053044,59,91
BV08TR_0315,33,0.9296212398226712,58,91
BV08TR_0315,34,0.9274193553647732,57,91
BV08TR_0315,35,0.9251320090523945,56,91
BV08TR_0315,36,0.9228776157550108,55,91
BV08TR_0315,37,0.9206118786965768,54,91
BV08TR_0315,38,0.9183808806991044,53,91
BV08TR_0315,39,0.9161901494963,52,91
BV08TR_0315,40,0.9140201984649826,51,91
BV08TR_0315,41,0.9117915895239924,50,91
BV08TR_0315,42,0.9096256133068458,49,91
BV08TR_0315,43,0.9074864201021404,48,91
BV08TR_0315,44,0.9053451310917292,47,91
BV08TR_0315,45,0.9030720765789436,46,91
BV08TR_0315,46,0.9010121188980984,45,91
BV08TR_0315,47,0.8987505327229419,44,91
BV08TR_0315,48,0.8966577462986342,43,91
BV08TR_0315,49,0.8944086826205566,42,91
BV08TR_0315,50,0.8921687316474372,41,91
BV08TR_0315,51,0.8900017107752222,40,91
BV08TR_0315,52,0.8877688248700911,39,91
BV08TR_0315,53,0.8855626063112648,38,91
BV08TR_0315,54,0.8833588610359433,37,91
BV08TR_0315,55,0.8812133198324534,36,91
BV08TR_0315,56,0.878968541675415,35,91
BV08TR_0315,57,0.8767140304122103,34,91
BV08TR_0315,58,0.8744729751959422,33,91
BV08TR_0315,59,0.8722867442749088,32,91
BV08TR_0315,60,0.8701825401044695,31,91
BV08TR_0315,61,0.8680471487738896,30,91
BV08TR_0315,62,0.8658506576687798,29,91
BV08TR_0315,63,0.8636231623365047,28,91
BV08TR_0315,64,0.8614342984714358,27,91
BV08TR_0315,65,0.8592516384332156,26,91
BV08TR_0315,66,0.8570050891916455,25,91
BV08TR_0315,67,0.854815277403639,24,91
BV08TR_0315,68,0.8525343654830213,23,91
BV08TR_0315,69,0.8501829543101955,22,91
BV08TR_0315,70,0.8480512456802652,21,91
BV08TR_0315,71,0.8457241286827568,20,91
BV08TR_0315,72,0.8434686624049235,19,91
BV08TR_0315,73,0.8412197707306556,18,91
BV08TR_0315,74,0.8388610410796613,17,91
BV08TR_0315,75,0.8366354633354408,16,91
BV08TR_0315,76,0.834278272772999,15,91
BV08TR_0315,77,0.831980491204107,14,91
BV08TR_0315,78,0.829610200431442,13,91
BV08TR_0315,79,0.8272122163061368,12,91
BV08TR_0315,80,0.8248923555809738,11,91
BV08TR_0315,81,0.822542636066433,10,91
BV08TR_0315,82,0.8202073193278291,9,91
BV08TR_0315,83,0.8177458519008411,8,91
BV08TR_0315,84,0.8155173767336575,7,91
BV08TR_0315,85,0.8131412646104973,6,91
BV08TR_0315,86,0.810817427453415,5,91
BV08TR_0315,87,0.808427353749035,4,91
BV08TR_0315,88,0.8061668010744647,3,91
BV08TR_0315,89,0.8038919854702266,2,91
BV08TR_0315,90,0.8016704812264303,1,91
BV08TR_0315,91,0.7993886672416908,0,91
BV08TR_0316,0,1.0234390872185097,101,101
BV08TR_0316,1,1.0212615031628627,100,101
BV08TR_0316,2,1.0191617393870454,99,101
BV08TR_0316,3,1.016891216671777,98,101
BV08TR_0316,4,1.014758913801764,97,101
BV08TR_0316,5,1.0125971451272062,96,101
BV08TR_0316,6,1.0103901780997158,95,101
BV08TR_0316,7,1.0081825379316034,94,101
BV08TR_0316,8,1.0058972763875889,93,101
BV08TR_0316,9,1.003649251136323,92,101
BV08TR_0316,10,1.0014683332400494,91,101
BV08TR_0316,11,0.9993361549613724,90,101
BV08TR_0316,12,0.9971501342480285,89,101
BV08TR_0316,13,0.9948297979784462,88,101
BV08TR_0316,14,0.9925309280215522,87,101
BV08TR_0316,15,0.9902945511154204,86,101
BV08TR_0316,16,0.9879591003741675,85,101
BV08TR_0316,17,0.9856597153827045,84,101
BV08TR_0316,18,0.9834421287276658,83,101
BV08TR_0316,19,0.9811840862416464,82,101
BV08TR_0316,20,0.9788969308498452,81,101
BV08TR_0316,21,0.9765951179943428,80,101
BV08TR_0316,22,0.9743540607299528,79,101
BV08TR_0316,23,0.9720813668255952,78,101
BV08TR_0316,24,0.96982100874408,77,101
BV08TR_0316,25,0.967589126217351,76,101
BV08TR_0316,26,0.9653630314335595,75,101
BV08TR_0316,27,0.963089681058919,74,101
BV08TR_0316,28,0.9608147432643208,73,101
BV08TR_0316,29,0.9585596406126404,72,101
BV08TR_0316,30,0.9562833499888824,71,101
BV08TR_0316,31,0.9540584945579398,70,101
BV08TR_0316,32,0.9518115556073715,69,101
BV08TR_0316,33,0.949572785373776,68,101
BV08TR_0316,34,0.9473470640596158,67,101
BV08TR_0316,35,0.94508614288966,66,101
BV08TR_0316,36,0.9428359409139504,65,101
BV08TR_0316,37,0.940680142935222,64,101
BV08TR_0316,38,0.9385780039084706,63,101
BV08TR_0316,39,0.9363480041014688,62,101
BV08TR_0316,40,0.9341576175436148,61,101
BV08TR_0316,41,0.9320363529588866,60,101
BV08TR_0316,42,0.9299561238557492,59,101
BV08TR_0316,43,0.9277678696106292,58,101
BV08TR_0316,44,0.925547345133328,57,101
BV08TR_0316,45,0.9234310871035055,56,101
BV08TR_0316,46,0.9212384604060232,55,101
BV08TR_0316,47,0.9190390895535208,54,101
BV08TR_0316,48,0.9168903926732118,53,101
BV08TR_0316,49,0.9147429898078915,52,101
BV08TR_0316,50,0.9125624605930912,51,101
BV08TR_0316,51,0.91039621363545,50,101
BV08TR_0316,52,0.9082810670583896,49,101
BV08TR_0316,53,0.9060504812508235,48,101
BV08TR_0316,54,0.9039286590456904,47,101
BV08TR_0316,55,0.901788890348077,46,101
BV08TR_0316,56,0.8996528240217346,45,101
BV08TR_0316,57,0.8974459397710808,44,101
BV08TR_0316,58,0.8952853747837834,43,101
BV08TR_0316,59,0.893112763527302,42,101
BV08TR_0316,60,0.8909867541449239,41,101
BV08TR_0316,61,0.8888380771054749,40,101
BV08TR_0316,62,0.8867187644775752,39,101
BV08TR_0316,63,0.8845027945326568,38,101
BV08TR_0316,64,0.8823010016284145,37,101
BV08TR_0316,65,0.8800129895481351,36,101
BV08TR_0316,66,0.8778759704487701,35,101
BV08TR_0316,67,0.875787065887425,34,101
BV08TR_0316,68,0.8735620080653844,33,101
BV08TR_0316,69,0.871357282697025,32,101
BV08TR_0316,70,0.8692004273816802,31,101
BV08TR_0316,71,0.8670225256229135,30,101
BV08TR_0316,72,0.8649340170508852,29,101
BV08TR_0316,73,0.862681836679085,28,101
BV08TR_0316,74,0.8604590799051518,27,101
BV08TR_0316,75,0.8582769730126486,26,101
BV08TR_0316,76,0.8560147214836261,25,101
BV08TR_0316,77,0.8538245978674712,24,101
BV08TR_0316,78,0.8516797050008903,23,101
BV08TR_0316,79,0.8494342358948965,22,101
BV08TR_0316,80,0.8471854685046244,21,101
BV08TR_0316,81,0.8449239630939432,20,101
BV08TR_0316,82,0.8427139644617855,19,101
BV08TR_0316,83,0.8403681576147252,18,101
BV08TR_0316,84,0.8381401530351023,17,101
BV08TR_0316,85,0.8359532617400172,16,101
BV08TR_0316,86,0.8337686649964184,15,101
BV08TR_0316,87,0.8315398811753816,14,101
BV08TR_0316,88,0.8292567855671777,13,101
BV08TR_0316,89,0.8270427000047929,12,101
BV08TR_0316,90,0.8247180693538473,11,101
BV08TR_0316,91,0.8224664511669804,10,101
BV08TR_0316,92,0.8202126044793366,9,101
BV08TR_0316,93,0.8178677505235072,8,101
BV08TR_0316,94,0.8156142514545957,7,101
BV08TR_0316,95,0.8133976850889815,6,101
BV08TR_0316,96,0.811231417121157,5,101
BV08TR_0316,97,0.8089179014529105,4,101
BV08TR_0316,98,0.806692614327704,3,101
BV08TR_0316,99,0.8044470258468595,2,101
BV08TR_0316,100,0.8021815757527913,1,101
BV08TR_0316,101,0.7999444008798838,0,101
BV08TR_0317,0,1.029721364496874,114,114
BV08TR_0317,1,1.0276905629110527,113,114
BV08TR_0317,2,1.0257838676055742,112,114
BV08TR_0317,3,1.0237620255304523,111,114
BV08TR_0317,4,1.0218313557999088,110,114
BV08TR_0317,5,1.0197871442039554,109,114
BV08TR_0317,6,1.0178170014288743,108,114
BV08TR_0317,7,1.015766565505448,107,114
BV08TR_0317,8,1.013707622002326,106,114
BV08TR_0317,9,1.0116709529633003,105,114
BV08TR_0317,10,1.0096270144864155,104,114
BV08TR_0317,11,1.0077098390696442,103,114
BV08TR_0317,12,1.0057256810560904,102,114
BV08TR_0317,13,1.0036935357574963,101,114
BV08TR_0317,14,1.0017050009455097,100,114
BV08TR_0317,15,0.9996544207443518,99,114
BV08TR_0317,16,0.9976198754057438,98,114
BV08TR_0317,17,0.995568944064166,97,114
BV08TR_0317,18,0.9934911452789464,96,114
BV08TR_0317,19,0.9914765711796913,95,114
BV08TR_0317,20,0.9894008932736587,94,114
BV08TR_0317,21,0.9872974878690725,93,114
BV08TR_0317,22,0.985292239364702,92,114
BV08TR_0317,23,0.9831940397750109,91,114
BV08TR_0317,24,0.9812044688821204,90,114
BV08TR_0317,25,0.9790465272067842,89,114
BV08TR_0317,26,0.976968728440096,88,114
BV08TR_0317,27,0.97493405360761,87,114
BV08TR_0317,28,0.9729388055355463,86,114
BV08TR_0317,29,0.9707911197358118,85,114
BV08TR_0317,30,0.968681120067375,84,114
BV08TR_0317,31,0.96666572612305,83,114
BV08TR_0317,32,0.9646244407612874,82,114
BV08TR_0317,33,0.9625648925693664,81,114
BV08TR_0317,34,0.9605203872072318,80,114
BV08TR_0317,35,0.9584214448113172,79,114
BV08TR_0317,36,0.9563711934681168,78,114
BV08TR_0317,37,0.954274150324047,77,114
BV08TR_0317,38,0.9522092572126836,76,114
BV08TR_0317,39,0.9500890604308572,75,114
BV08TR_0317,40,0.9480645468300793,74,114
BV08TR_0317,41,0.9460981290089988,73,114
BV08TR_0317,42,0.9439956349028894,72,114
BV08TR_0317,43,0.942063249943119,71,114
BV08TR_0317,44,0.9399537115919926,70,114
BV08TR_0317,45,0.9378851855702944,69,114
BV08TR_0317,46,0.9359226796340167,68,114
BV08TR_0317,47,0.9339396883006746,67,114
BV08TR_0317,48,0.9319963938941171,66,114
BV08TR_0317,49,0.9299974100673452,65,114
BV08TR_0317,50,0.9279793003894996,64,114
BV08TR_0317,51,0.9259722236710703,63,114
BV08TR_0317,52,0.9239319905594074,62,114
BV08TR_0317,53,0.921982947961848,61,114
BV08TR_0317,54,0.9200586482326788,60,114
BV08TR_0317,55,0.9179497089545245,59,114
BV08TR_0317,56,0.9158975213248554,58,114
BV08TR_0317,57,0.9138911581528102,57,114
BV08TR_0317,58,0.9118225984999172,56,114
BV08TR_0317,59,0.9098358367925848,55,114
BV08TR_0317,60,0.9078344599952725,54,114
BV08TR_0317,61,0.905899053772244,53,114
BV08TR_0317,62,0.9039429712688666,52,114
BV08TR_0317,63,0.9019600950218204,51,114
BV08TR_0317,64,0.8999442453464002,50,114
BV08TR_0317,65,0.8980287439406842,49,114
BV08TR_0317,66,0.8959836292795226,48,114
BV08TR_0317,67,0.8939687032772506,47,114
BV08TR_0317,68,0.8919183569705434,46,114
BV08TR_0317,69,0.8899351823667389,45,114
BV08TR_0317,70,0.8879210367113155,44,114
BV08TR_0317,71,0.8860197427201226,43,114
BV08TR_0317,72,0.8840919824773059,42,114
BV08TR_0317,73,0.8820683745000037,41,114
BV08TR_0317,74,0.8800248317104746,40,114
BV08TR_0317,75,0.8780212755964132,39,114
BV08TR_0317,76,0.8760366796722678,38,114
BV08TR_0317,77,0.873997565906965,37,114
BV08TR_0317,78,0.8719858235000942,36,114
BV08TR_0317,79,0.8699483320709893,35,114
BV08TR_0317,80,0.8677402281257387,34,114
BV08TR_0317,81,0.86569962862167,33,114
BV08TR_0317,82,0.8637401727590196,32,114
BV08TR_0317,83,0.8616942683292432,31,114
BV08TR_0317,84,0.8596718311715859,30,114
BV08TR_0317,85,0.8576293508395508,29,114
BV08TR_0317,86,0.8556188689003716,28,114
BV08TR_0317,87,0.8535657745371716,27,114
BV08TR_0317,88,0.8515369544760859,26,114
BV08TR_0317,89,0.8495030467405892,25,114
BV08TR_0317,90,0.8473989224198114,24,114
BV08TR_0317,91,0.8452389760553776,23,114
BV08TR_0317,92,0.8431816672602467,22,114
BV08TR_0317,93,0.841101153258457,21,114
BV08TR_0317,94,0.8390559558635337,20,114
BV08TR_0317,95,0.8369850874519401,19,114
BV08TR_0317,96,0.8349509943510125,18,114
BV08TR_0317,97,0.8329128519330052,17,114
BV08TR_0317,98,0.830884269785307,16,114
BV08TR_0317,99,0.8288811676018724,15,114
BV08TR_0317,100,0.8268779449477321,14,114
BV08TR_0317,101,0.8248543328155822,13,114
BV08TR_0317,102,0.8227983989963396,12,114
BV08TR_0317,103,0.820727193324835,11,114
BV08TR_0317,104,0.8186352156216655,10,114
BV08TR_0317,105,0.8166105014100478,9,114
BV08TR_0317,106,0.8144740552719235,8,114
BV08TR_0317,107,0.8124871125376735,7,114
BV08TR_0317,108,0.8104600604029017,6,114
BV08TR_0317,109,0.8084721803123684,5,114
BV08TR_0317,110,0.8064680374738805,4,114
BV08TR_0317,111,0.804402315024192,3,114
BV08TR_0317,112,0.8022682661735472,2,114
BV08TR_0317,113,0.8002820448302722,1,114
BV08TR_0317,114,0.7983068810800438,0,114
BV08TR_0318,0,1.0037876033495055,66,66
BV08TR_0318,1,1.0009601349072925,65,66
BV08TR_0318,2,0.9980045844888354,64,66
BV08TR_0318,3,0.9951293766005082,63,66
BV08TR_0318,4,0.992249277649976,62,66
BV08TR_0318,5,0.989463494552064,61,66
BV08TR_0318,6,0.9865685366116875,60,66
BV08TR_0318,7,0.9837003361077112,59,66
BV08TR_0318,8,0.9807090695392918,58,66
BV08TR_0318,9,0.9777380643241778,57,66
BV08TR_0318,10,0.9746912697760312,56,66
BV08TR_0318,11,0.9717023842239905,55,66
BV08TR_0318,12,0.9689165427934724,54,66
BV08TR_0318,13,0.965981486870728,53,66
BV08TR_0318,14,0.9632065542007298,52,66
BV08TR_0318,15,0.960324647883625,51,66
BV08TR_0318,16,0.9572873205015942,50,66
BV08TR_0318,17,0.9543692810619728,49,66
BV08TR_0318,18,0.9514852991286668,48,66
BV08TR_0318,19,0.9486658247386304,47,66
BV08TR_0318,20,0.9457903384508135,46,66
BV08TR_0318,21,0.9429373885912115,45,66
BV08TR_0318,22,0.940076551513242,44,66
BV08TR_0318,23,0.937257089163336,43,66
BV08TR_0318,24,0.9343563376729044,42,66
BV08TR_0318,25,0.9314709428560815,41,66
BV08TR_0318,26,0.9286048679788368,40,66
BV08TR_0318,27,0.9258801695319172,39,66
BV08TR_0318,28,0.923118419283012,38,66
BV08TR_0318,29,0.9203674487326762,37,66
BV08TR_0318,30,0.9174549878237752,36,66
BV08TR_0318,31,0.9146418493991194,35,66
BV08TR_0318,32,0.9118194696906294,34,66
BV08TR_0318,33,0.90904496052403,33,66
BV08TR_0318,34,0.9061872167384718,32,66
BV08TR_0318,35,0.9033225409436584,31,66
BV08TR_0318,36,0.9004415327666212,30,66
BV08TR_0318,37,0.8976036694981444,29,66
BV08TR_0318,38,0.894892989748815,28,66
BV08TR_0318,39,0.8922624376317964,27,66
BV08TR_0318,40,0.8895361467619993,26,66
BV08TR_0318,41,0.8867433105463944,25,66
BV08TR_0318,42,0.884066150968898,24,66
BV08TR_0318,43,0.881295580754329,23,66
BV08TR_0318,44,0.8784426914093458,22,66
BV08TR_0318,45,0.875771957193583,21,66
BV08TR_0318,46,0.8731061521733572,20,66
BV08TR_0318,47,0.87041416719369,19,66
BV08TR_0318,48,0.8677262174863949,18,66
BV08TR_0318,49,0.8649333871362705,17,66
BV08TR_0318,50,0.862200672089411,16,66
BV08TR_0318,51,0.8583129670689595,15,66
BV08TR_0318,52,0.8544936920735868,14,66
BV08TR_0318,53,0.850630687886237,13,66
BV08TR_0318,54,0.8465107890834468,12,66
BV08TR_0318,55,0.8425246046889832,11,66
BV08TR_0318,56,0.8385166142365744,10,66
BV08TR_0318,57,0.8345895883492793,9,66
BV08TR_0318,58,0.8305744105235705,8,66
BV08TR_0318,59,0.8265408338477765,7,66
BV08TR_0318,60,0.8225947150857492,6,66
BV08TR_0318,61,0.8183986140488063,5,66
BV08TR_0318,62,0.8141479683629936,4,66
BV08TR_0318,63,0.8101188824818748,3,66
BV08TR_0318,64,0.8060402489402294,2,66
BV08TR_0318,65,0.8019000465903857,1,66
BV08TR_0318,66,0.7978654506988168,0,66
BV08TR_0319,0,1.0042489735957405,88,88
BV08TR_0319,1,1.0020077665527782,87,88
BV08TR_0319,2,0.9998250087744815,86,88
BV08TR_0319,3,0.9977917645051952,85,88
BV08TR_0319,4,0.9957349463267068,84,88
BV08TR_0319,5,0.9936656429741219,83,88
BV08TR_0319,6,0.9914282621380228,82,88
BV08TR_0319,7,0.989359449769039,81,88
BV08TR_0319,8,0.9871722530365692,80,88
BV08TR_0319,9,0.9849968043879124,79,88
BV08TR_0319,10,0.9829385401758411,78,88
BV08TR_0319,11,0.9808534853435275,77,88
BV08TR_0319,12,0.9787614640576088,76,88
BV08TR_0319,13,0.9766588174210322,75,88
BV08TR_0319,14,0.9745422411518944,74,88
BV08TR_0319,15,0.9724541576909174,73,88
BV08TR_0319,16,0.970372915957724,72,88
BV08TR_0319,17,0.9683301481052172,71,88
BV08TR_0319,18,0.9662729487485944,70,88
BV08TR_0319,19,0.9642296011646028,69,88
BV08TR_0319,20,0.962189983133332,68,88
BV08TR_0319,21,0.9600704698298324,67,88
BV08TR_0319,22,0.9580046821473044,66,88
BV08TR_0319,23,0.955920326064272,65,88
BV08TR_0319,24,0.9538488498938944,64,88
BV08TR_0319,25,0.951843154182064,63,88
BV08TR_0319,26,0.9497343039832732,62,88
BV08TR_0319,27,0.9477665847609416,61,88
BV08TR_0319,28,0.9456822508062895,60,88
BV08TR_0319,29,0.9437075163799739,59,88
BV08TR_0319,30,0.941782057359066,58,88
BV08TR_0319,31,0.9397866646905046,57,88
BV08TR_0319,32,0.9377533951561795,56,88
BV08TR_0319,33,0.9357440189149272,55,88
BV08TR_0319,34,0.9338101705202602,54,88
BV08TR_0319,35,0.931718944320064,53,88
BV08TR_0319,36,0.9296446175660635,52,88
BV08TR_0319,37,0.927603032316016,51,88
BV08TR_0319,38,0.9255845466211264,50,88
BV08TR_0319,39,0.9236016704496264,49,88
BV08TR_0319,40,0.9214363831704434,48,88
BV08TR_0319,41,0.9194576818681498,47,88
BV08TR_0319,42,0.9174005087420763,46,88
BV08TR_0319,43,0.9153406989865044,45,88
BV08TR_0319,44,0.9133307409175005,44,88
BV08TR_0319,45,0.9113467274515746,43,88
BV08TR_0319,46,0.9093300679074038,42,88
BV08TR_0319,47,0.9073774965922679,41,88
BV08TR_0319,48,0.9054283690323425,40,88
BV08TR_0319,49,0.9034347691553002,39,88
BV08TR_0319,50,0.9013558739170522,38,88
BV08TR_0319,51,0.8993216451452855,37,88
BV08TR_0319,52,0.8972794434522985,36,88
BV08TR_0319,53,0.8951688569291688,35,88
BV08TR_0319,54,0.893127006552495,34,88
BV08TR_0319,55,0.8910855481772005,33,88
BV08TR_0319,56,0.88904569733704,32,88
BV08TR_0319,57,0.8869852115996169,31,88
BV08TR_0319,58,0.8849365257168337,30,88
BV08TR_0319,59,0.8829307600439811,29,88
BV08TR_0319,60,0.880843247442632,28,88
BV08TR_0319,61,0.8787503917669781,27,88
BV08TR_0319,62,0.8767068255866741,26,88
BV08TR_0319,63,0.8745725379509732,25,88
BV08TR_0319,64,0.8724777845369004,24,88
BV08TR_0319,65,0.8693610932254371,23,88
BV08TR_0319,66,0.8663177453109439,22,88
BV08TR_0319,67,0.8632932829308995,21,88
BV08TR_0319,68,0.8601597519750788,20,88
BV08TR_0319,69,0.8570559941657296,19,88
BV08TR_0319,70,0.8540368978903906,18,88
BV08TR_0319,71,0.8510384867070563,17,88
BV08TR_0319,72,0.8480854000850876,16,88
BV08TR_0319,73,0.8449191172802822,15,88
BV08TR_0319,74,0.841996952942963,14,88
BV08TR_0319,75,0.83879373643034,13,88
BV08TR_0319,76,0.8356510829015534,12,88
BV08TR_0319,77,0.8326179983744967,11,88
BV08TR_0319,78,0.8295274133361454,10,88
BV08TR_0319,79,0.8264424563017903,9,88
BV08TR_0319,80,0.8231747199314448,8,88
BV08TR_0319,81,0.8201272390753709,7,88
BV08TR_0319,82,0.8169914924472192,6,88
BV08TR_0319,83,0.8139201956504901,5,88
BV08TR_0319,84,0.8108903300635104,4,88
BV08TR_0319,85,0.8078089361031847,3,88
BV08TR_0319,86,0.8047872824785264,2,88
BV08TR_0319,87,0.8017593023124149,1,88
BV08TR_0319,88,0.7987824410058898,0,88
BV08TR_0320,0,0.9514497017506262,48,48
BV08TR_0320,1,0.9483041153257896,47,48
BV08TR_0320,2,0.9453134208771972,46,48
BV08TR_0320,3,0.9421724740013852,45,48
BV08TR_0320,4,0.9390872349829448,44,48
BV08TR_0320,5,0.9360831689423053,43,48
BV08TR_0320,6,0.932867081260302,42,48
BV08TR_0320,7,0.9298443988194967,41,48
BV08TR_0320,8,0.92679352069013,40,48
BV08TR_0320,9,0.9237211886946168,39,48
BV08TR_0320,10,0.9206490695811343,38,48
BV08TR_0320,11,0.917610217595312,37,48
BV08TR_0320,12,0.9145622374021576,36,48
BV08TR_0320,13,0.9113964491662632,35,48
BV08TR_0320,14,0.9082287338776504,34,48
BV08TR_0320,15,0.9050645165361532,33,48
BV08TR_0320,16,0.9018934446055924,32,48
BV08TR_0320,17,0.898720652192086,31,48
BV08TR_0320,18,0.8954858724833564,30,48
BV08TR_0320,19,0.892404394249382,29,48
BV08TR_0320,20,0.8892707952447098,28,48
BV08TR_0320,21,0.8860952111458845,27,48
BV08TR_0320,22,0.8828497345716174,26,48
BV08TR_0320,23,0.8796900415197446,25,48
BV08TR_0320,24,0.8764336212312552,24,48
BV08TR_0320,25,0.8732113263327297,23,48
BV08TR_0320,26,0.8699945762665742,22,48
BV08TR_0320,27,0.86680306610382,21,48
BV08TR_0320,28,0.8635867062069627,20,48
BV08TR_0320,29,0.8603502066554976,19,48
BV08TR_0320,30,0.8571633025755204,18,48
BV08TR_0320,31,0.8540263948122119,17,48
BV08TR_0320,32,0.8507039939672179,16,48
BV08TR_0320,33,0.8475526184932751,15,48
BV08TR_0320,34,0.844368516462787,14,48
BV08TR_0320,35,0.8410004576355326,13,48
BV08TR_0320,36,0.8377451403770979,12,48
BV08TR_0320,37,0.8344772035115762,11,48
BV08TR_0320,38,0.8312929937527906,10,48
BV08TR_0320,39,0.8281381000788748,9,48
BV08TR_0320,40,0.8246797541770085,8,48
BV08TR_0320,41,0.8213106284956049,7,48
BV08TR_0320,42,0.8181664952432172,6,48
BV08TR_0320,43,0.8148532706687734,5,48
BV08TR_0320,44,0.8116072593321825,4,48
BV08TR_0320,45,0.8082748732803422,3,48
BV08TR_0320,46,0.8052593033390382,2,48
BV08TR_0320,47,0.8021130767437199,1,48
BV08TR_0320,48,0.7989154301840296,0,48
